[0.336s] Invoking command in '/home/xdkazer/Dual_Kuka_LLM_Bachelor/p5_ws/build/moveit_msgs': CMAKE_PREFIX_PATH=${CMAKE_PREFIX_PATH}:/home/xdkazer/P5-Kuka-Dual-Arm/p5_ws/install/yolo_world:/home/xdkazer/P5-Kuka-Dual-Arm/p5_ws/install/robotiq_3f_gripper_ros2_control:/home/xdkazer/P5-Kuka-Dual-Arm/p5_ws/install/robotiq_2f_85_control:/home/xdkazer/P5-Kuka-Dual-Arm/p5_ws/install/object_detector:/home/xdkazer/P5-Kuka-Dual-Arm/p5_ws/install/janise:/home/xdkazer/P5-Kuka-Dual-Arm/p5_ws/install/gui_package:/home/xdkazer/P5-Kuka-Dual-Arm/p5_ws/install/moveit_configs_utils:/home/xdkazer/P5-Kuka-Dual-Arm/p5_ws/install/generate_parameter_library_py:/opt/ros/humble /usr/bin/cmake /home/xdkazer/Dual_Kuka_LLM_Bachelor/p5_ws/src/moveit/moveit_msgs -DCMAKE_BUILD_TYPE=Release -DCMAKE_INSTALL_PREFIX=/home/xdkazer/Dual_Kuka_LLM_Bachelor/p5_ws/install/moveit_msgs
[0.637s] -- The C compiler identification is GNU 11.4.0
[0.752s] -- The CXX compiler identification is GNU 11.4.0
[0.780s] -- Detecting C compiler ABI info
[0.896s] -- Detecting C compiler ABI info - done
[0.896s] -- Check for working C compiler: /usr/bin/cc - skipped
[0.896s] -- Detecting C compile features
[0.899s] -- Detecting C compile features - done
[0.908s] -- Detecting CXX compiler ABI info
[1.048s] -- Detecting CXX compiler ABI info - done
[1.088s] -- Check for working CXX compiler: /usr/bin/c++ - skipped
[1.096s] -- Detecting CXX compile features
[1.096s] -- Detecting CXX compile features - done
[1.096s] -- Found ament_cmake: 1.3.10 (/opt/ros/humble/share/ament_cmake/cmake)
[1.337s] -- Found Python3: /usr/bin/python3 (found version "3.10.12") found components: Interpreter 
[1.522s] -- Found rosidl_default_generators: 1.2.0 (/opt/ros/humble/share/rosidl_default_generators/cmake)
[1.548s] -- Using all available rosidl_typesupport_c: rosidl_typesupport_fastrtps_c;rosidl_typesupport_introspection_c
[1.572s] -- Found rosidl_adapter: 3.1.5 (/opt/ros/humble/share/rosidl_adapter/cmake)
[1.689s] -- Using all available rosidl_typesupport_cpp: rosidl_typesupport_fastrtps_cpp;rosidl_typesupport_introspection_cpp
[1.816s] -- Found action_msgs: 1.2.1 (/opt/ros/humble/share/action_msgs/cmake)
[1.920s] -- Found std_msgs: 4.2.4 (/opt/ros/humble/share/std_msgs/cmake)
[1.968s] -- Found geometry_msgs: 4.2.4 (/opt/ros/humble/share/geometry_msgs/cmake)
[2.004s] -- Found sensor_msgs: 4.2.4 (/opt/ros/humble/share/sensor_msgs/cmake)
[2.053s] -- Found shape_msgs: 4.2.4 (/opt/ros/humble/share/shape_msgs/cmake)
[2.090s] -- Found object_recognition_msgs: 2.0.0 (/opt/ros/humble/share/object_recognition_msgs/cmake)
[2.149s] -- Found octomap_msgs: 2.0.0 (/opt/ros/humble/share/octomap_msgs/cmake)
[2.188s] -- Found trajectory_msgs: 4.2.4 (/opt/ros/humble/share/trajectory_msgs/cmake)
[3.285s] -- Found ament_cmake_ros: 0.10.0 (/opt/ros/humble/share/ament_cmake_ros/cmake)
[3.794s] -- Using all available rosidl_typesupport_c: rosidl_typesupport_fastrtps_c;rosidl_typesupport_introspection_c
[4.602s] -- Using all available rosidl_typesupport_cpp: rosidl_typesupport_fastrtps_cpp;rosidl_typesupport_introspection_cpp
[4.672s] -- Found PythonInterp: /usr/bin/python3 (found suitable version "3.10.12", minimum required is "3.6") 
[4.677s] -- Found python_cmake_module: 0.10.0 (/opt/ros/humble/share/python_cmake_module/cmake)
[4.768s] -- Found PythonLibs: /usr/lib/x86_64-linux-gnu/libpython3.10.so (found suitable version "3.10.12", minimum required is "3.5") 
[4.768s] -- Using PYTHON_EXECUTABLE: /usr/bin/python3
[4.768s] -- Using PYTHON_INCLUDE_DIRS: /usr/include/python3.10
[4.768s] -- Using PYTHON_LIBRARIES: /usr/lib/x86_64-linux-gnu/libpython3.10.so
[4.820s] -- Found PythonExtra: .so  
[5.096s] -- Found ament_lint_auto: 0.12.11 (/opt/ros/humble/share/ament_lint_auto/cmake)
[5.131s] -- Configuring done
[5.343s] -- Generating done
[5.363s] -- Build files have been written to: /home/xdkazer/Dual_Kuka_LLM_Bachelor/p5_ws/build/moveit_msgs
[5.389s] Invoked command in '/home/xdkazer/Dual_Kuka_LLM_Bachelor/p5_ws/build/moveit_msgs' returned '0': CMAKE_PREFIX_PATH=${CMAKE_PREFIX_PATH}:/home/xdkazer/P5-Kuka-Dual-Arm/p5_ws/install/yolo_world:/home/xdkazer/P5-Kuka-Dual-Arm/p5_ws/install/robotiq_3f_gripper_ros2_control:/home/xdkazer/P5-Kuka-Dual-Arm/p5_ws/install/robotiq_2f_85_control:/home/xdkazer/P5-Kuka-Dual-Arm/p5_ws/install/object_detector:/home/xdkazer/P5-Kuka-Dual-Arm/p5_ws/install/janise:/home/xdkazer/P5-Kuka-Dual-Arm/p5_ws/install/gui_package:/home/xdkazer/P5-Kuka-Dual-Arm/p5_ws/install/moveit_configs_utils:/home/xdkazer/P5-Kuka-Dual-Arm/p5_ws/install/generate_parameter_library_py:/opt/ros/humble /usr/bin/cmake /home/xdkazer/Dual_Kuka_LLM_Bachelor/p5_ws/src/moveit/moveit_msgs -DCMAKE_BUILD_TYPE=Release -DCMAKE_INSTALL_PREFIX=/home/xdkazer/Dual_Kuka_LLM_Bachelor/p5_ws/install/moveit_msgs
[5.392s] Invoking command in '/home/xdkazer/Dual_Kuka_LLM_Bachelor/p5_ws/build/moveit_msgs': CMAKE_PREFIX_PATH=${CMAKE_PREFIX_PATH}:/home/xdkazer/P5-Kuka-Dual-Arm/p5_ws/install/yolo_world:/home/xdkazer/P5-Kuka-Dual-Arm/p5_ws/install/robotiq_3f_gripper_ros2_control:/home/xdkazer/P5-Kuka-Dual-Arm/p5_ws/install/robotiq_2f_85_control:/home/xdkazer/P5-Kuka-Dual-Arm/p5_ws/install/object_detector:/home/xdkazer/P5-Kuka-Dual-Arm/p5_ws/install/janise:/home/xdkazer/P5-Kuka-Dual-Arm/p5_ws/install/gui_package:/home/xdkazer/P5-Kuka-Dual-Arm/p5_ws/install/moveit_configs_utils:/home/xdkazer/P5-Kuka-Dual-Arm/p5_ws/install/generate_parameter_library_py:/opt/ros/humble /usr/bin/cmake --build /home/xdkazer/Dual_Kuka_LLM_Bachelor/p5_ws/build/moveit_msgs -- -j4 -l4
[5.542s] [  0%] [34m[1mGenerating C code for ROS interfaces[0m
[5.590s] [  0%] [34m[1mGenerating C++ code for ROS interfaces[0m
[5.590s] [  0%] Built target ament_cmake_python_copy_moveit_msgs
[6.002s] running egg_info
[6.031s] creating moveit_msgs.egg-info
[6.031s] writing moveit_msgs.egg-info/PKG-INFO
[6.031s] writing dependency_links to moveit_msgs.egg-info/dependency_links.txt
[6.031s] writing top-level names to moveit_msgs.egg-info/top_level.txt
[6.031s] writing manifest file 'moveit_msgs.egg-info/SOURCES.txt'
[6.031s] reading manifest file 'moveit_msgs.egg-info/SOURCES.txt'
[6.032s] writing manifest file 'moveit_msgs.egg-info/SOURCES.txt'
[6.078s] [  0%] Built target ament_cmake_python_build_moveit_msgs_egg
[31.860s] [  0%] Built target moveit_msgs__cpp
[33.712s] [  0%] [32mBuilding C object CMakeFiles/moveit_msgs__rosidl_generator_c.dir/rosidl_generator_c/moveit_msgs/msg/detail/allowed_collision_entry__functions.c.o[0m
[33.835s] [  0%] [32mBuilding C object CMakeFiles/moveit_msgs__rosidl_generator_c.dir/rosidl_generator_c/moveit_msgs/msg/detail/allowed_collision_matrix__functions.c.o[0m
[33.962s] [  0%] [32mBuilding C object CMakeFiles/moveit_msgs__rosidl_generator_c.dir/rosidl_generator_c/moveit_msgs/msg/detail/attached_collision_object__functions.c.o[0m
[34.085s] [  1%] [32mBuilding C object CMakeFiles/moveit_msgs__rosidl_generator_c.dir/rosidl_generator_c/moveit_msgs/msg/detail/bounding_volume__functions.c.o[0m
[34.219s] [  1%] [32mBuilding C object CMakeFiles/moveit_msgs__rosidl_generator_c.dir/rosidl_generator_c/moveit_msgs/msg/detail/cartesian_point__functions.c.o[0m
[34.360s] [  1%] [32mBuilding C object CMakeFiles/moveit_msgs__rosidl_generator_c.dir/rosidl_generator_c/moveit_msgs/msg/detail/cartesian_trajectory__functions.c.o[0m
[34.485s] [  1%] [32mBuilding C object CMakeFiles/moveit_msgs__rosidl_generator_c.dir/rosidl_generator_c/moveit_msgs/msg/detail/cartesian_trajectory_point__functions.c.o[0m
[34.612s] [  1%] [32mBuilding C object CMakeFiles/moveit_msgs__rosidl_generator_c.dir/rosidl_generator_c/moveit_msgs/msg/detail/collision_object__functions.c.o[0m
[34.746s] [  1%] [32mBuilding C object CMakeFiles/moveit_msgs__rosidl_generator_c.dir/rosidl_generator_c/moveit_msgs/msg/detail/constraint_eval_result__functions.c.o[0m
[34.880s] [  2%] [32mBuilding C object CMakeFiles/moveit_msgs__rosidl_generator_c.dir/rosidl_generator_c/moveit_msgs/msg/detail/constraints__functions.c.o[0m
[34.988s] [  2%] [32mBuilding C object CMakeFiles/moveit_msgs__rosidl_generator_c.dir/rosidl_generator_c/moveit_msgs/msg/detail/cost_source__functions.c.o[0m
[35.116s] [  2%] [32mBuilding C object CMakeFiles/moveit_msgs__rosidl_generator_c.dir/rosidl_generator_c/moveit_msgs/msg/detail/contact_information__functions.c.o[0m
[35.233s] [  2%] [32mBuilding C object CMakeFiles/moveit_msgs__rosidl_generator_c.dir/rosidl_generator_c/moveit_msgs/msg/detail/display_trajectory__functions.c.o[0m
[35.401s] [  2%] [32mBuilding C object CMakeFiles/moveit_msgs__rosidl_generator_c.dir/rosidl_generator_c/moveit_msgs/msg/detail/display_robot_state__functions.c.o[0m
[35.514s] [  2%] [32mBuilding C object CMakeFiles/moveit_msgs__rosidl_generator_c.dir/rosidl_generator_c/moveit_msgs/msg/detail/generic_trajectory__functions.c.o[0m
[35.644s] [  2%] [32mBuilding C object CMakeFiles/moveit_msgs__rosidl_generator_c.dir/rosidl_generator_c/moveit_msgs/msg/detail/grasp__functions.c.o[0m
[35.770s] [  3%] [32mBuilding C object CMakeFiles/moveit_msgs__rosidl_generator_c.dir/rosidl_generator_c/moveit_msgs/msg/detail/gripper_translation__functions.c.o[0m
[35.873s] [  3%] [32mBuilding C object CMakeFiles/moveit_msgs__rosidl_generator_c.dir/rosidl_generator_c/moveit_msgs/msg/detail/joint_constraint__functions.c.o[0m
[36.247s] [  3%] [32mBuilding C object CMakeFiles/moveit_msgs__rosidl_generator_c.dir/rosidl_generator_c/moveit_msgs/msg/detail/joint_limits__functions.c.o[0m
[36.475s] [  3%] [32mBuilding C object CMakeFiles/moveit_msgs__rosidl_generator_c.dir/rosidl_generator_c/moveit_msgs/msg/detail/link_padding__functions.c.o[0m
[36.617s] [  3%] [32mBuilding C object CMakeFiles/moveit_msgs__rosidl_generator_c.dir/rosidl_generator_c/moveit_msgs/msg/detail/link_scale__functions.c.o[0m
[36.709s] [  3%] [32mBuilding C object CMakeFiles/moveit_msgs__rosidl_generator_c.dir/rosidl_generator_c/moveit_msgs/msg/detail/motion_plan_request__functions.c.o[0m
[36.832s] [  4%] [32mBuilding C object CMakeFiles/moveit_msgs__rosidl_generator_c.dir/rosidl_generator_c/moveit_msgs/msg/detail/motion_plan_response__functions.c.o[0m
[36.980s] [  4%] [32mBuilding C object CMakeFiles/moveit_msgs__rosidl_generator_c.dir/rosidl_generator_c/moveit_msgs/msg/detail/motion_plan_detailed_response__functions.c.o[0m
[37.124s] [  4%] [32mBuilding C object CMakeFiles/moveit_msgs__rosidl_generator_c.dir/rosidl_generator_c/moveit_msgs/msg/detail/motion_sequence_item__functions.c.o[0m
[37.231s] [  4%] [32mBuilding C object CMakeFiles/moveit_msgs__rosidl_generator_c.dir/rosidl_generator_c/moveit_msgs/msg/detail/motion_sequence_request__functions.c.o[0m
[37.380s] [  4%] [32mBuilding C object CMakeFiles/moveit_msgs__rosidl_generator_c.dir/rosidl_generator_c/moveit_msgs/msg/detail/motion_sequence_response__functions.c.o[0m
[37.515s] [  4%] [32mBuilding C object CMakeFiles/moveit_msgs__rosidl_generator_c.dir/rosidl_generator_c/moveit_msgs/msg/detail/move_it_error_codes__functions.c.o[0m
[37.637s] [  5%] [32mBuilding C object CMakeFiles/moveit_msgs__rosidl_generator_c.dir/rosidl_generator_c/moveit_msgs/msg/detail/trajectory_constraints__functions.c.o[0m
[37.762s] [  5%] [32mBuilding C object CMakeFiles/moveit_msgs__rosidl_generator_c.dir/rosidl_generator_c/moveit_msgs/msg/detail/object_color__functions.c.o[0m
[37.873s] [  5%] [32mBuilding C object CMakeFiles/moveit_msgs__rosidl_generator_c.dir/rosidl_generator_c/moveit_msgs/msg/detail/orientation_constraint__functions.c.o[0m
[37.994s] [  5%] [32mBuilding C object CMakeFiles/moveit_msgs__rosidl_generator_c.dir/rosidl_generator_c/moveit_msgs/msg/detail/oriented_bounding_box__functions.c.o[0m
[38.125s] [  5%] [32mBuilding C object CMakeFiles/moveit_msgs__rosidl_generator_c.dir/rosidl_generator_c/moveit_msgs/msg/detail/place_location__functions.c.o[0m
[38.244s] [  5%] [32mBuilding C object CMakeFiles/moveit_msgs__rosidl_generator_c.dir/rosidl_generator_c/moveit_msgs/msg/detail/planner_interface_description__functions.c.o[0m
[38.371s] [  5%] [32mBuilding C object CMakeFiles/moveit_msgs__rosidl_generator_c.dir/rosidl_generator_c/moveit_msgs/msg/detail/planner_params__functions.c.o[0m
[38.491s] [  6%] [32mBuilding C object CMakeFiles/moveit_msgs__rosidl_generator_c.dir/rosidl_generator_c/moveit_msgs/msg/detail/planning_scene__functions.c.o[0m
[38.615s] [  6%] [32mBuilding C object CMakeFiles/moveit_msgs__rosidl_generator_c.dir/rosidl_generator_c/moveit_msgs/msg/detail/planning_scene_components__functions.c.o[0m
[38.700s] [  6%] [32mBuilding C object CMakeFiles/moveit_msgs__rosidl_generator_c.dir/rosidl_generator_c/moveit_msgs/msg/detail/planning_scene_world__functions.c.o[0m
[38.819s] [  6%] [32mBuilding C object CMakeFiles/moveit_msgs__rosidl_generator_c.dir/rosidl_generator_c/moveit_msgs/msg/detail/planning_options__functions.c.o[0m
[38.970s] [  6%] [32mBuilding C object CMakeFiles/moveit_msgs__rosidl_generator_c.dir/rosidl_generator_c/moveit_msgs/msg/detail/position_constraint__functions.c.o[0m
[39.073s] [  6%] [32mBuilding C object CMakeFiles/moveit_msgs__rosidl_generator_c.dir/rosidl_generator_c/moveit_msgs/msg/detail/robot_state__functions.c.o[0m
[39.209s] [  7%] [32mBuilding C object CMakeFiles/moveit_msgs__rosidl_generator_c.dir/rosidl_generator_c/moveit_msgs/msg/detail/robot_trajectory__functions.c.o[0m
[39.360s] [  7%] [32mBuilding C object CMakeFiles/moveit_msgs__rosidl_generator_c.dir/rosidl_generator_c/moveit_msgs/msg/detail/visibility_constraint__functions.c.o[0m
[39.509s] [  7%] [32mBuilding C object CMakeFiles/moveit_msgs__rosidl_generator_c.dir/rosidl_generator_c/moveit_msgs/msg/detail/workspace_parameters__functions.c.o[0m
[39.626s] [  7%] [32mBuilding C object CMakeFiles/moveit_msgs__rosidl_generator_c.dir/rosidl_generator_c/moveit_msgs/msg/detail/kinematic_solver_info__functions.c.o[0m
[39.730s] [  7%] [32mBuilding C object CMakeFiles/moveit_msgs__rosidl_generator_c.dir/rosidl_generator_c/moveit_msgs/msg/detail/position_ik_request__functions.c.o[0m
[39.906s] [  7%] [32mBuilding C object CMakeFiles/moveit_msgs__rosidl_generator_c.dir/rosidl_generator_c/moveit_msgs/srv/detail/get_motion_plan__functions.c.o[0m
[40.069s] [  7%] [32mBuilding C object CMakeFiles/moveit_msgs__rosidl_generator_c.dir/rosidl_generator_c/moveit_msgs/srv/detail/get_state_validity__functions.c.o[0m
[40.256s] [  8%] [32mBuilding C object CMakeFiles/moveit_msgs__rosidl_generator_c.dir/rosidl_generator_c/moveit_msgs/srv/detail/get_cartesian_path__functions.c.o[0m
[40.412s] [  8%] [32mBuilding C object CMakeFiles/moveit_msgs__rosidl_generator_c.dir/rosidl_generator_c/moveit_msgs/srv/detail/get_planning_scene__functions.c.o[0m
[40.581s] [  8%] [32mBuilding C object CMakeFiles/moveit_msgs__rosidl_generator_c.dir/rosidl_generator_c/moveit_msgs/srv/detail/grasp_planning__functions.c.o[0m
[40.744s] [  8%] [32mBuilding C object CMakeFiles/moveit_msgs__rosidl_generator_c.dir/rosidl_generator_c/moveit_msgs/srv/detail/apply_planning_scene__functions.c.o[0m
[40.921s] [  8%] [32mBuilding C object CMakeFiles/moveit_msgs__rosidl_generator_c.dir/rosidl_generator_c/moveit_msgs/srv/detail/query_planner_interfaces__functions.c.o[0m
[41.101s] [  8%] [32mBuilding C object CMakeFiles/moveit_msgs__rosidl_generator_c.dir/rosidl_generator_c/moveit_msgs/srv/detail/get_motion_sequence__functions.c.o[0m
[41.407s] [  9%] [32mBuilding C object CMakeFiles/moveit_msgs__rosidl_generator_c.dir/rosidl_generator_c/moveit_msgs/srv/detail/get_position_fk__functions.c.o[0m
[41.574s] [  9%] [32mBuilding C object CMakeFiles/moveit_msgs__rosidl_generator_c.dir/rosidl_generator_c/moveit_msgs/srv/detail/get_position_ik__functions.c.o[0m
[41.709s] [  9%] [32mBuilding C object CMakeFiles/moveit_msgs__rosidl_generator_c.dir/rosidl_generator_c/moveit_msgs/srv/detail/get_planner_params__functions.c.o[0m
[41.847s] [  9%] [32mBuilding C object CMakeFiles/moveit_msgs__rosidl_generator_c.dir/rosidl_generator_c/moveit_msgs/srv/detail/set_planner_params__functions.c.o[0m
[42.081s] [  9%] [32mBuilding C object CMakeFiles/moveit_msgs__rosidl_generator_c.dir/rosidl_generator_c/moveit_msgs/srv/detail/update_pointcloud_octomap__functions.c.o[0m
[42.272s] [  9%] [32mBuilding C object CMakeFiles/moveit_msgs__rosidl_generator_c.dir/rosidl_generator_c/moveit_msgs/srv/detail/save_map__functions.c.o[0m
[42.418s] [ 10%] [32mBuilding C object CMakeFiles/moveit_msgs__rosidl_generator_c.dir/rosidl_generator_c/moveit_msgs/srv/detail/load_map__functions.c.o[0m
[42.590s] [ 10%] [32mBuilding C object CMakeFiles/moveit_msgs__rosidl_generator_c.dir/rosidl_generator_c/moveit_msgs/srv/detail/save_robot_state_to_warehouse__functions.c.o[0m
[42.758s] [ 10%] [32mBuilding C object CMakeFiles/moveit_msgs__rosidl_generator_c.dir/rosidl_generator_c/moveit_msgs/srv/detail/list_robot_states_in_warehouse__functions.c.o[0m
[42.909s] [ 10%] [32mBuilding C object CMakeFiles/moveit_msgs__rosidl_generator_c.dir/rosidl_generator_c/moveit_msgs/srv/detail/get_robot_state_from_warehouse__functions.c.o[0m
[43.072s] [ 10%] [32mBuilding C object CMakeFiles/moveit_msgs__rosidl_generator_c.dir/rosidl_generator_c/moveit_msgs/srv/detail/check_if_robot_state_exists_in_warehouse__functions.c.o[0m
[43.272s] [ 10%] [32mBuilding C object CMakeFiles/moveit_msgs__rosidl_generator_c.dir/rosidl_generator_c/moveit_msgs/srv/detail/rename_robot_state_in_warehouse__functions.c.o[0m
[43.433s] [ 10%] [32mBuilding C object CMakeFiles/moveit_msgs__rosidl_generator_c.dir/rosidl_generator_c/moveit_msgs/srv/detail/delete_robot_state_from_warehouse__functions.c.o[0m
[43.625s] [ 11%] [32mBuilding C object CMakeFiles/moveit_msgs__rosidl_generator_c.dir/rosidl_generator_c/moveit_msgs/srv/detail/change_control_dimensions__functions.c.o[0m
[43.761s] [ 11%] [32mBuilding C object CMakeFiles/moveit_msgs__rosidl_generator_c.dir/rosidl_generator_c/moveit_msgs/srv/detail/change_drift_dimensions__functions.c.o[0m
[43.990s] [ 11%] [32mBuilding C object CMakeFiles/moveit_msgs__rosidl_generator_c.dir/rosidl_generator_c/moveit_msgs/action/detail/execute_trajectory__functions.c.o[0m
[44.428s] [ 11%] [32mBuilding C object CMakeFiles/moveit_msgs__rosidl_generator_c.dir/rosidl_generator_c/moveit_msgs/action/detail/move_group__functions.c.o[0m
[44.906s] [ 11%] [32mBuilding C object CMakeFiles/moveit_msgs__rosidl_generator_c.dir/rosidl_generator_c/moveit_msgs/action/detail/move_group_sequence__functions.c.o[0m
[45.383s] [ 11%] [32mBuilding C object CMakeFiles/moveit_msgs__rosidl_generator_c.dir/rosidl_generator_c/moveit_msgs/action/detail/pickup__functions.c.o[0m
[46.157s] [ 12%] [32mBuilding C object CMakeFiles/moveit_msgs__rosidl_generator_c.dir/rosidl_generator_c/moveit_msgs/action/detail/place__functions.c.o[0m
[46.675s] [ 12%] [32mBuilding C object CMakeFiles/moveit_msgs__rosidl_generator_c.dir/rosidl_generator_c/moveit_msgs/action/detail/local_planner__functions.c.o[0m
[47.173s] [ 12%] [32mBuilding C object CMakeFiles/moveit_msgs__rosidl_generator_c.dir/rosidl_generator_c/moveit_msgs/action/detail/global_planner__functions.c.o[0m
[47.623s] [ 12%] [32mBuilding C object CMakeFiles/moveit_msgs__rosidl_generator_c.dir/rosidl_generator_c/moveit_msgs/action/detail/hybrid_planner__functions.c.o[0m
[48.131s] [ 12%] [32m[1mLinking C shared library libmoveit_msgs__rosidl_generator_c.so[0m
[48.253s] [ 12%] Built target moveit_msgs__rosidl_generator_c
[48.273s] [ 12%] [34m[1mGenerating C++ introspection for ROS interfaces[0m
[58.099s] [ 12%] [32mBuilding CXX object CMakeFiles/moveit_msgs__rosidl_typesupport_introspection_cpp.dir/rosidl_typesupport_introspection_cpp/moveit_msgs/msg/detail/allowed_collision_entry__type_support.cpp.o[0m
[58.802s] [ 13%] [32mBuilding CXX object CMakeFiles/moveit_msgs__rosidl_typesupport_introspection_cpp.dir/rosidl_typesupport_introspection_cpp/moveit_msgs/msg/detail/allowed_collision_matrix__type_support.cpp.o[0m
[59.691s] [ 13%] [32mBuilding CXX object CMakeFiles/moveit_msgs__rosidl_typesupport_introspection_cpp.dir/rosidl_typesupport_introspection_cpp/moveit_msgs/msg/detail/attached_collision_object__type_support.cpp.o[0m
[60.339s] [ 13%] [32mBuilding CXX object CMakeFiles/moveit_msgs__rosidl_typesupport_introspection_cpp.dir/rosidl_typesupport_introspection_cpp/moveit_msgs/msg/detail/bounding_volume__type_support.cpp.o[0m
[61.070s] [ 13%] [32mBuilding CXX object CMakeFiles/moveit_msgs__rosidl_typesupport_introspection_cpp.dir/rosidl_typesupport_introspection_cpp/moveit_msgs/msg/detail/cartesian_point__type_support.cpp.o[0m
[61.392s] [ 13%] [32mBuilding CXX object CMakeFiles/moveit_msgs__rosidl_typesupport_introspection_cpp.dir/rosidl_typesupport_introspection_cpp/moveit_msgs/msg/detail/cartesian_trajectory__type_support.cpp.o[0m
[61.809s] [ 13%] [32mBuilding CXX object CMakeFiles/moveit_msgs__rosidl_typesupport_introspection_cpp.dir/rosidl_typesupport_introspection_cpp/moveit_msgs/msg/detail/cartesian_trajectory_point__type_support.cpp.o[0m
[62.180s] [ 14%] [32mBuilding CXX object CMakeFiles/moveit_msgs__rosidl_typesupport_introspection_cpp.dir/rosidl_typesupport_introspection_cpp/moveit_msgs/msg/detail/collision_object__type_support.cpp.o[0m
[63.144s] [ 14%] [32mBuilding CXX object CMakeFiles/moveit_msgs__rosidl_typesupport_introspection_cpp.dir/rosidl_typesupport_introspection_cpp/moveit_msgs/msg/detail/constraint_eval_result__type_support.cpp.o[0m
[63.574s] [ 14%] [32mBuilding CXX object CMakeFiles/moveit_msgs__rosidl_typesupport_introspection_cpp.dir/rosidl_typesupport_introspection_cpp/moveit_msgs/msg/detail/constraints__type_support.cpp.o[0m
[64.894s] [ 14%] [32mBuilding CXX object CMakeFiles/moveit_msgs__rosidl_typesupport_introspection_cpp.dir/rosidl_typesupport_introspection_cpp/moveit_msgs/msg/detail/cost_source__type_support.cpp.o[0m
[65.240s] [ 14%] [32mBuilding CXX object CMakeFiles/moveit_msgs__rosidl_typesupport_introspection_cpp.dir/rosidl_typesupport_introspection_cpp/moveit_msgs/msg/detail/contact_information__type_support.cpp.o[0m
[65.876s] [ 14%] [32mBuilding CXX object CMakeFiles/moveit_msgs__rosidl_typesupport_introspection_cpp.dir/rosidl_typesupport_introspection_cpp/moveit_msgs/msg/detail/display_trajectory__type_support.cpp.o[0m
[67.033s] [ 14%] [32mBuilding CXX object CMakeFiles/moveit_msgs__rosidl_typesupport_introspection_cpp.dir/rosidl_typesupport_introspection_cpp/moveit_msgs/msg/detail/display_robot_state__type_support.cpp.o[0m
[67.612s] [ 15%] [32mBuilding CXX object CMakeFiles/moveit_msgs__rosidl_typesupport_introspection_cpp.dir/rosidl_typesupport_introspection_cpp/moveit_msgs/msg/detail/generic_trajectory__type_support.cpp.o[0m
[68.468s] [ 15%] [32mBuilding CXX object CMakeFiles/moveit_msgs__rosidl_typesupport_introspection_cpp.dir/rosidl_typesupport_introspection_cpp/moveit_msgs/msg/detail/grasp__type_support.cpp.o[0m
[69.008s] [ 15%] [32mBuilding CXX object CMakeFiles/moveit_msgs__rosidl_typesupport_introspection_cpp.dir/rosidl_typesupport_introspection_cpp/moveit_msgs/msg/detail/gripper_translation__type_support.cpp.o[0m
[69.359s] [ 15%] [32mBuilding CXX object CMakeFiles/moveit_msgs__rosidl_typesupport_introspection_cpp.dir/rosidl_typesupport_introspection_cpp/moveit_msgs/msg/detail/joint_constraint__type_support.cpp.o[0m
[69.737s] [ 15%] [32mBuilding CXX object CMakeFiles/moveit_msgs__rosidl_typesupport_introspection_cpp.dir/rosidl_typesupport_introspection_cpp/moveit_msgs/msg/detail/joint_limits__type_support.cpp.o[0m
[70.141s] [ 15%] [32mBuilding CXX object CMakeFiles/moveit_msgs__rosidl_typesupport_introspection_cpp.dir/rosidl_typesupport_introspection_cpp/moveit_msgs/msg/detail/link_padding__type_support.cpp.o[0m
[70.497s] [ 16%] [32mBuilding CXX object CMakeFiles/moveit_msgs__rosidl_typesupport_introspection_cpp.dir/rosidl_typesupport_introspection_cpp/moveit_msgs/msg/detail/link_scale__type_support.cpp.o[0m
[70.886s] [ 16%] [32mBuilding CXX object CMakeFiles/moveit_msgs__rosidl_typesupport_introspection_cpp.dir/rosidl_typesupport_introspection_cpp/moveit_msgs/msg/detail/motion_plan_request__type_support.cpp.o[0m
[72.976s] [ 16%] [32mBuilding CXX object CMakeFiles/moveit_msgs__rosidl_typesupport_introspection_cpp.dir/rosidl_typesupport_introspection_cpp/moveit_msgs/msg/detail/motion_plan_response__type_support.cpp.o[0m
[73.808s] [ 16%] [32mBuilding CXX object CMakeFiles/moveit_msgs__rosidl_typesupport_introspection_cpp.dir/rosidl_typesupport_introspection_cpp/moveit_msgs/msg/detail/motion_plan_detailed_response__type_support.cpp.o[0m
[75.065s] [ 16%] [32mBuilding CXX object CMakeFiles/moveit_msgs__rosidl_typesupport_introspection_cpp.dir/rosidl_typesupport_introspection_cpp/moveit_msgs/msg/detail/motion_sequence_item__type_support.cpp.o[0m
[75.916s] [ 16%] [32mBuilding CXX object CMakeFiles/moveit_msgs__rosidl_typesupport_introspection_cpp.dir/rosidl_typesupport_introspection_cpp/moveit_msgs/msg/detail/motion_sequence_request__type_support.cpp.o[0m
[78.648s] [ 17%] [32mBuilding CXX object CMakeFiles/moveit_msgs__rosidl_typesupport_introspection_cpp.dir/rosidl_typesupport_introspection_cpp/moveit_msgs/msg/detail/motion_sequence_response__type_support.cpp.o[0m
[79.601s] [ 17%] [32mBuilding CXX object CMakeFiles/moveit_msgs__rosidl_typesupport_introspection_cpp.dir/rosidl_typesupport_introspection_cpp/moveit_msgs/msg/detail/move_it_error_codes__type_support.cpp.o[0m
[79.969s] [ 17%] [32mBuilding CXX object CMakeFiles/moveit_msgs__rosidl_typesupport_introspection_cpp.dir/rosidl_typesupport_introspection_cpp/moveit_msgs/msg/detail/trajectory_constraints__type_support.cpp.o[0m
[81.226s] [ 17%] [32mBuilding CXX object CMakeFiles/moveit_msgs__rosidl_typesupport_introspection_cpp.dir/rosidl_typesupport_introspection_cpp/moveit_msgs/msg/detail/object_color__type_support.cpp.o[0m
[81.629s] [ 17%] [32mBuilding CXX object CMakeFiles/moveit_msgs__rosidl_typesupport_introspection_cpp.dir/rosidl_typesupport_introspection_cpp/moveit_msgs/msg/detail/orientation_constraint__type_support.cpp.o[0m
[82.039s] [ 17%] [32mBuilding CXX object CMakeFiles/moveit_msgs__rosidl_typesupport_introspection_cpp.dir/rosidl_typesupport_introspection_cpp/moveit_msgs/msg/detail/oriented_bounding_box__type_support.cpp.o[0m
[82.489s] [ 17%] [32mBuilding CXX object CMakeFiles/moveit_msgs__rosidl_typesupport_introspection_cpp.dir/rosidl_typesupport_introspection_cpp/moveit_msgs/msg/detail/place_location__type_support.cpp.o[0m
[83.012s] [ 18%] [32mBuilding CXX object CMakeFiles/moveit_msgs__rosidl_typesupport_introspection_cpp.dir/rosidl_typesupport_introspection_cpp/moveit_msgs/msg/detail/planner_interface_description__type_support.cpp.o[0m
[83.461s] [ 18%] [32mBuilding CXX object CMakeFiles/moveit_msgs__rosidl_typesupport_introspection_cpp.dir/rosidl_typesupport_introspection_cpp/moveit_msgs/msg/detail/planner_params__type_support.cpp.o[0m
[84.009s] [ 18%] [32mBuilding CXX object CMakeFiles/moveit_msgs__rosidl_typesupport_introspection_cpp.dir/rosidl_typesupport_introspection_cpp/moveit_msgs/msg/detail/planning_scene__type_support.cpp.o[0m
[84.924s] [ 18%] [32mBuilding CXX object CMakeFiles/moveit_msgs__rosidl_typesupport_introspection_cpp.dir/rosidl_typesupport_introspection_cpp/moveit_msgs/msg/detail/planning_scene_components__type_support.cpp.o[0m
[85.370s] [ 18%] [32mBuilding CXX object CMakeFiles/moveit_msgs__rosidl_typesupport_introspection_cpp.dir/rosidl_typesupport_introspection_cpp/moveit_msgs/msg/detail/planning_scene_world__type_support.cpp.o[0m
[86.412s] [ 18%] [32mBuilding CXX object CMakeFiles/moveit_msgs__rosidl_typesupport_introspection_cpp.dir/rosidl_typesupport_introspection_cpp/moveit_msgs/msg/detail/planning_options__type_support.cpp.o[0m
[87.131s] [ 19%] [32mBuilding CXX object CMakeFiles/moveit_msgs__rosidl_typesupport_introspection_cpp.dir/rosidl_typesupport_introspection_cpp/moveit_msgs/msg/detail/position_constraint__type_support.cpp.o[0m
[87.615s] [ 19%] [32mBuilding CXX object CMakeFiles/moveit_msgs__rosidl_typesupport_introspection_cpp.dir/rosidl_typesupport_introspection_cpp/moveit_msgs/msg/detail/robot_state__type_support.cpp.o[0m
[88.927s] [ 19%] [32mBuilding CXX object CMakeFiles/moveit_msgs__rosidl_typesupport_introspection_cpp.dir/rosidl_typesupport_introspection_cpp/moveit_msgs/msg/detail/robot_trajectory__type_support.cpp.o[0m
[89.401s] [ 19%] [32mBuilding CXX object CMakeFiles/moveit_msgs__rosidl_typesupport_introspection_cpp.dir/rosidl_typesupport_introspection_cpp/moveit_msgs/msg/detail/visibility_constraint__type_support.cpp.o[0m
[89.774s] [ 19%] [32mBuilding CXX object CMakeFiles/moveit_msgs__rosidl_typesupport_introspection_cpp.dir/rosidl_typesupport_introspection_cpp/moveit_msgs/msg/detail/workspace_parameters__type_support.cpp.o[0m
[90.131s] [ 19%] [32mBuilding CXX object CMakeFiles/moveit_msgs__rosidl_typesupport_introspection_cpp.dir/rosidl_typesupport_introspection_cpp/moveit_msgs/msg/detail/kinematic_solver_info__type_support.cpp.o[0m
[90.728s] [ 19%] [32mBuilding CXX object CMakeFiles/moveit_msgs__rosidl_typesupport_introspection_cpp.dir/rosidl_typesupport_introspection_cpp/moveit_msgs/msg/detail/position_ik_request__type_support.cpp.o[0m
[91.744s] [ 20%] [32mBuilding CXX object CMakeFiles/moveit_msgs__rosidl_typesupport_introspection_cpp.dir/rosidl_typesupport_introspection_cpp/moveit_msgs/srv/detail/get_motion_plan__type_support.cpp.o[0m
[92.791s] [ 20%] [32mBuilding CXX object CMakeFiles/moveit_msgs__rosidl_typesupport_introspection_cpp.dir/rosidl_typesupport_introspection_cpp/moveit_msgs/srv/detail/get_state_validity__type_support.cpp.o[0m
[93.815s] [ 20%] [32mBuilding CXX object CMakeFiles/moveit_msgs__rosidl_typesupport_introspection_cpp.dir/rosidl_typesupport_introspection_cpp/moveit_msgs/srv/detail/get_cartesian_path__type_support.cpp.o[0m
[94.580s] [ 21%] [34m[1mGenerating C type support for eProsima Fast-RTPS[0m
[94.667s] [ 21%] [32mBuilding CXX object CMakeFiles/moveit_msgs__rosidl_typesupport_introspection_cpp.dir/rosidl_typesupport_introspection_cpp/moveit_msgs/srv/detail/get_planning_scene__type_support.cpp.o[0m
[95.691s] [ 21%] [34m[1mGenerating C++ type support for eProsima Fast-RTPS[0m
[95.692s] [ 21%] [32mBuilding CXX object CMakeFiles/moveit_msgs__rosidl_typesupport_introspection_cpp.dir/rosidl_typesupport_introspection_cpp/moveit_msgs/srv/detail/grasp_planning__type_support.cpp.o[0m
[97.658s] [ 21%] [34m[1mGenerating C++ type support dispatch for ROS interfaces[0m
[109.193s] [ 21%] [32mBuilding CXX object CMakeFiles/moveit_msgs__rosidl_typesupport_introspection_cpp.dir/rosidl_typesupport_introspection_cpp/moveit_msgs/srv/detail/apply_planning_scene__type_support.cpp.o[0m
[116.618s] [ 22%] [32mBuilding CXX object CMakeFiles/moveit_msgs__rosidl_typesupport_introspection_cpp.dir/rosidl_typesupport_introspection_cpp/moveit_msgs/srv/detail/query_planner_interfaces__type_support.cpp.o[0m
[118.550s] [ 22%] [32mBuilding CXX object CMakeFiles/moveit_msgs__rosidl_typesupport_introspection_cpp.dir/rosidl_typesupport_introspection_cpp/moveit_msgs/srv/detail/get_motion_sequence__type_support.cpp.o[0m
[120.997s] [ 22%] [32mBuilding CXX object CMakeFiles/moveit_msgs__rosidl_typesupport_introspection_cpp.dir/rosidl_typesupport_introspection_cpp/moveit_msgs/srv/detail/get_position_fk__type_support.cpp.o[0m
[122.594s] [ 22%] [32mBuilding CXX object CMakeFiles/moveit_msgs__rosidl_typesupport_introspection_cpp.dir/rosidl_typesupport_introspection_cpp/moveit_msgs/srv/detail/get_position_ik__type_support.cpp.o[0m
[124.275s] [ 22%] [32mBuilding CXX object CMakeFiles/moveit_msgs__rosidl_typesupport_introspection_cpp.dir/rosidl_typesupport_introspection_cpp/moveit_msgs/srv/detail/get_planner_params__type_support.cpp.o[0m
[124.931s] [ 22%] [32mBuilding CXX object CMakeFiles/moveit_msgs__rosidl_typesupport_cpp.dir/rosidl_typesupport_cpp/moveit_msgs/msg/allowed_collision_entry__type_support.cpp.o[0m
[125.427s] [ 23%] [32mBuilding CXX object CMakeFiles/moveit_msgs__rosidl_typesupport_cpp.dir/rosidl_typesupport_cpp/moveit_msgs/msg/allowed_collision_matrix__type_support.cpp.o[0m
[125.487s] [ 23%] [32mBuilding CXX object CMakeFiles/moveit_msgs__rosidl_typesupport_introspection_cpp.dir/rosidl_typesupport_introspection_cpp/moveit_msgs/srv/detail/set_planner_params__type_support.cpp.o[0m
[126.100s] [ 23%] [32mBuilding CXX object CMakeFiles/moveit_msgs__rosidl_typesupport_cpp.dir/rosidl_typesupport_cpp/moveit_msgs/msg/attached_collision_object__type_support.cpp.o[0m
[126.274s] [ 24%] [32mBuilding CXX object CMakeFiles/moveit_msgs__rosidl_typesupport_introspection_cpp.dir/rosidl_typesupport_introspection_cpp/moveit_msgs/srv/detail/update_pointcloud_octomap__type_support.cpp.o[0m
[126.568s] [ 24%] [32mBuilding CXX object CMakeFiles/moveit_msgs__rosidl_typesupport_cpp.dir/rosidl_typesupport_cpp/moveit_msgs/msg/bounding_volume__type_support.cpp.o[0m
[126.937s] [ 24%] [32mBuilding CXX object CMakeFiles/moveit_msgs__rosidl_typesupport_introspection_cpp.dir/rosidl_typesupport_introspection_cpp/moveit_msgs/srv/detail/save_map__type_support.cpp.o[0m
[127.004s] [ 24%] [32mBuilding CXX object CMakeFiles/moveit_msgs__rosidl_typesupport_cpp.dir/rosidl_typesupport_cpp/moveit_msgs/msg/cartesian_point__type_support.cpp.o[0m
[127.421s] [ 24%] [32mBuilding CXX object CMakeFiles/moveit_msgs__rosidl_typesupport_cpp.dir/rosidl_typesupport_cpp/moveit_msgs/msg/cartesian_trajectory__type_support.cpp.o[0m
[127.455s] [ 24%] [32mBuilding CXX object CMakeFiles/moveit_msgs__rosidl_typesupport_introspection_cpp.dir/rosidl_typesupport_introspection_cpp/moveit_msgs/srv/detail/load_map__type_support.cpp.o[0m
[127.557s] [ 24%] [32mBuilding CXX object CMakeFiles/moveit_msgs__rosidl_typesupport_fastrtps_c.dir/rosidl_typesupport_fastrtps_c/moveit_msgs/msg/detail/allowed_collision_entry__type_support_c.cpp.o[0m
[128.035s] [ 24%] [32mBuilding CXX object CMakeFiles/moveit_msgs__rosidl_typesupport_cpp.dir/rosidl_typesupport_cpp/moveit_msgs/msg/cartesian_trajectory_point__type_support.cpp.o[0m
[128.123s] [ 24%] [32mBuilding CXX object CMakeFiles/moveit_msgs__rosidl_typesupport_introspection_cpp.dir/rosidl_typesupport_introspection_cpp/moveit_msgs/srv/detail/save_robot_state_to_warehouse__type_support.cpp.o[0m
[128.147s] [ 24%] [32mBuilding CXX object CMakeFiles/moveit_msgs__rosidl_typesupport_fastrtps_cpp.dir/rosidl_typesupport_fastrtps_cpp/moveit_msgs/msg/detail/dds_fastrtps/allowed_collision_entry__type_support.cpp.o[0m
[128.988s] [ 24%] [32mBuilding CXX object CMakeFiles/moveit_msgs__rosidl_typesupport_cpp.dir/rosidl_typesupport_cpp/moveit_msgs/msg/collision_object__type_support.cpp.o[0m
[128.988s] [ 24%] [32mBuilding CXX object CMakeFiles/moveit_msgs__rosidl_typesupport_introspection_cpp.dir/rosidl_typesupport_introspection_cpp/moveit_msgs/srv/detail/list_robot_states_in_warehouse__type_support.cpp.o[0m
[129.061s] [ 24%] [32mBuilding CXX object CMakeFiles/moveit_msgs__rosidl_typesupport_fastrtps_c.dir/rosidl_typesupport_fastrtps_c/moveit_msgs/msg/detail/allowed_collision_matrix__type_support_c.cpp.o[0m
[129.684s] [ 25%] [32mBuilding CXX object CMakeFiles/moveit_msgs__rosidl_typesupport_fastrtps_cpp.dir/rosidl_typesupport_fastrtps_cpp/moveit_msgs/msg/detail/dds_fastrtps/allowed_collision_matrix__type_support.cpp.o[0m
[129.738s] [ 25%] [32mBuilding CXX object CMakeFiles/moveit_msgs__rosidl_typesupport_introspection_cpp.dir/rosidl_typesupport_introspection_cpp/moveit_msgs/srv/detail/get_robot_state_from_warehouse__type_support.cpp.o[0m
[130.116s] [ 25%] [32mBuilding CXX object CMakeFiles/moveit_msgs__rosidl_typesupport_fastrtps_c.dir/rosidl_typesupport_fastrtps_c/moveit_msgs/msg/detail/attached_collision_object__type_support_c.cpp.o[0m
[130.556s] [ 26%] [32mBuilding CXX object CMakeFiles/moveit_msgs__rosidl_typesupport_cpp.dir/rosidl_typesupport_cpp/moveit_msgs/msg/constraint_eval_result__type_support.cpp.o[0m
[130.959s] [ 26%] [32mBuilding CXX object CMakeFiles/moveit_msgs__rosidl_typesupport_introspection_cpp.dir/rosidl_typesupport_introspection_cpp/moveit_msgs/srv/detail/check_if_robot_state_exists_in_warehouse__type_support.cpp.o[0m
[130.964s] [ 26%] [32mBuilding CXX object CMakeFiles/moveit_msgs__rosidl_typesupport_fastrtps_cpp.dir/rosidl_typesupport_fastrtps_cpp/moveit_msgs/msg/detail/dds_fastrtps/attached_collision_object__type_support.cpp.o[0m
[131.318s] [ 26%] [32mBuilding CXX object CMakeFiles/moveit_msgs__rosidl_typesupport_fastrtps_c.dir/rosidl_typesupport_fastrtps_c/moveit_msgs/msg/detail/bounding_volume__type_support_c.cpp.o[0m
[131.628s] [ 26%] [32mBuilding CXX object CMakeFiles/moveit_msgs__rosidl_typesupport_cpp.dir/rosidl_typesupport_cpp/moveit_msgs/msg/constraints__type_support.cpp.o[0m
[131.712s] [ 27%] [32mBuilding CXX object CMakeFiles/moveit_msgs__rosidl_typesupport_introspection_cpp.dir/rosidl_typesupport_introspection_cpp/moveit_msgs/srv/detail/rename_robot_state_in_warehouse__type_support.cpp.o[0m
[131.962s] [ 27%] [32mBuilding CXX object CMakeFiles/moveit_msgs__rosidl_typesupport_fastrtps_cpp.dir/rosidl_typesupport_fastrtps_cpp/moveit_msgs/msg/detail/dds_fastrtps/bounding_volume__type_support.cpp.o[0m
[131.987s] [ 27%] [32mBuilding CXX object CMakeFiles/moveit_msgs__rosidl_typesupport_fastrtps_c.dir/rosidl_typesupport_fastrtps_c/moveit_msgs/msg/detail/cartesian_point__type_support_c.cpp.o[0m
[131.990s] [ 27%] [32mBuilding CXX object CMakeFiles/moveit_msgs__rosidl_typesupport_cpp.dir/rosidl_typesupport_cpp/moveit_msgs/msg/cost_source__type_support.cpp.o[0m
[132.754s] [ 27%] [32mBuilding CXX object CMakeFiles/moveit_msgs__rosidl_typesupport_introspection_cpp.dir/rosidl_typesupport_introspection_cpp/moveit_msgs/srv/detail/delete_robot_state_from_warehouse__type_support.cpp.o[0m
[132.861s] [ 27%] [32mBuilding CXX object CMakeFiles/moveit_msgs__rosidl_typesupport_cpp.dir/rosidl_typesupport_cpp/moveit_msgs/msg/contact_information__type_support.cpp.o[0m
[132.892s] [ 27%] [32mBuilding CXX object CMakeFiles/moveit_msgs__rosidl_typesupport_fastrtps_cpp.dir/rosidl_typesupport_fastrtps_cpp/moveit_msgs/msg/detail/dds_fastrtps/cartesian_point__type_support.cpp.o[0m
[133.159s] [ 28%] [32mBuilding CXX object CMakeFiles/moveit_msgs__rosidl_typesupport_fastrtps_c.dir/rosidl_typesupport_fastrtps_c/moveit_msgs/msg/detail/cartesian_trajectory__type_support_c.cpp.o[0m
[133.229s] [ 28%] [32mBuilding CXX object CMakeFiles/moveit_msgs__rosidl_typesupport_cpp.dir/rosidl_typesupport_cpp/moveit_msgs/msg/display_trajectory__type_support.cpp.o[0m
[133.704s] [ 28%] [32mBuilding CXX object CMakeFiles/moveit_msgs__rosidl_typesupport_fastrtps_c.dir/rosidl_typesupport_fastrtps_c/moveit_msgs/msg/detail/cartesian_trajectory_point__type_support_c.cpp.o[0m
[133.951s] [ 28%] [32mBuilding CXX object CMakeFiles/moveit_msgs__rosidl_typesupport_introspection_cpp.dir/rosidl_typesupport_introspection_cpp/moveit_msgs/srv/detail/change_control_dimensions__type_support.cpp.o[0m
[133.974s] [ 28%] [32mBuilding CXX object CMakeFiles/moveit_msgs__rosidl_typesupport_fastrtps_cpp.dir/rosidl_typesupport_fastrtps_cpp/moveit_msgs/msg/detail/dds_fastrtps/cartesian_trajectory__type_support.cpp.o[0m
[134.482s] [ 28%] [32mBuilding CXX object CMakeFiles/moveit_msgs__rosidl_typesupport_cpp.dir/rosidl_typesupport_cpp/moveit_msgs/msg/display_robot_state__type_support.cpp.o[0m
[134.538s] [ 28%] [32mBuilding CXX object CMakeFiles/moveit_msgs__rosidl_typesupport_introspection_cpp.dir/rosidl_typesupport_introspection_cpp/moveit_msgs/srv/detail/change_drift_dimensions__type_support.cpp.o[0m
[134.636s] [ 28%] [32mBuilding CXX object CMakeFiles/moveit_msgs__rosidl_typesupport_fastrtps_c.dir/rosidl_typesupport_fastrtps_c/moveit_msgs/msg/detail/collision_object__type_support_c.cpp.o[0m
[134.832s] [ 28%] [32mBuilding CXX object CMakeFiles/moveit_msgs__rosidl_typesupport_fastrtps_cpp.dir/rosidl_typesupport_fastrtps_cpp/moveit_msgs/msg/detail/dds_fastrtps/cartesian_trajectory_point__type_support.cpp.o[0m
[135.065s] [ 29%] [32mBuilding CXX object CMakeFiles/moveit_msgs__rosidl_typesupport_cpp.dir/rosidl_typesupport_cpp/moveit_msgs/msg/generic_trajectory__type_support.cpp.o[0m
[135.351s] [ 29%] [32mBuilding CXX object CMakeFiles/moveit_msgs__rosidl_typesupport_introspection_cpp.dir/rosidl_typesupport_introspection_cpp/moveit_msgs/action/detail/execute_trajectory__type_support.cpp.o[0m
[135.395s] [ 30%] [32mBuilding CXX object CMakeFiles/moveit_msgs__rosidl_typesupport_fastrtps_cpp.dir/rosidl_typesupport_fastrtps_cpp/moveit_msgs/msg/detail/dds_fastrtps/collision_object__type_support.cpp.o[0m
[135.444s] [ 30%] [32mBuilding CXX object CMakeFiles/moveit_msgs__rosidl_typesupport_cpp.dir/rosidl_typesupport_cpp/moveit_msgs/msg/grasp__type_support.cpp.o[0m
[136.440s] [ 30%] [32mBuilding CXX object CMakeFiles/moveit_msgs__rosidl_typesupport_fastrtps_cpp.dir/rosidl_typesupport_fastrtps_cpp/moveit_msgs/msg/detail/dds_fastrtps/constraint_eval_result__type_support.cpp.o[0m
[136.512s] [ 30%] [32mBuilding CXX object CMakeFiles/moveit_msgs__rosidl_typesupport_introspection_cpp.dir/rosidl_typesupport_introspection_cpp/moveit_msgs/action/detail/move_group__type_support.cpp.o[0m
[136.773s] [ 30%] [32mBuilding CXX object CMakeFiles/moveit_msgs__rosidl_typesupport_fastrtps_c.dir/rosidl_typesupport_fastrtps_c/moveit_msgs/msg/detail/constraint_eval_result__type_support_c.cpp.o[0m
[136.836s] [ 30%] [32mBuilding CXX object CMakeFiles/moveit_msgs__rosidl_typesupport_cpp.dir/rosidl_typesupport_cpp/moveit_msgs/msg/gripper_translation__type_support.cpp.o[0m
[137.209s] [ 30%] [32mBuilding CXX object CMakeFiles/moveit_msgs__rosidl_typesupport_fastrtps_cpp.dir/rosidl_typesupport_fastrtps_cpp/moveit_msgs/msg/detail/dds_fastrtps/constraints__type_support.cpp.o[0m
[137.390s] [ 30%] [32mBuilding CXX object CMakeFiles/moveit_msgs__rosidl_typesupport_fastrtps_c.dir/rosidl_typesupport_fastrtps_c/moveit_msgs/msg/detail/constraints__type_support_c.cpp.o[0m
[137.875s] [ 30%] [32mBuilding CXX object CMakeFiles/moveit_msgs__rosidl_typesupport_cpp.dir/rosidl_typesupport_cpp/moveit_msgs/msg/joint_constraint__type_support.cpp.o[0m
[138.405s] [ 30%] [32mBuilding CXX object CMakeFiles/moveit_msgs__rosidl_typesupport_fastrtps_cpp.dir/rosidl_typesupport_fastrtps_cpp/moveit_msgs/msg/detail/dds_fastrtps/cost_source__type_support.cpp.o[0m
[138.420s] [ 30%] [32mBuilding CXX object CMakeFiles/moveit_msgs__rosidl_typesupport_cpp.dir/rosidl_typesupport_cpp/moveit_msgs/msg/joint_limits__type_support.cpp.o[0m
[138.802s] [ 31%] [32mBuilding CXX object CMakeFiles/moveit_msgs__rosidl_typesupport_introspection_cpp.dir/rosidl_typesupport_introspection_cpp/moveit_msgs/action/detail/move_group_sequence__type_support.cpp.o[0m
[138.803s] [ 31%] [32mBuilding CXX object CMakeFiles/moveit_msgs__rosidl_typesupport_fastrtps_c.dir/rosidl_typesupport_fastrtps_c/moveit_msgs/msg/detail/cost_source__type_support_c.cpp.o[0m
[138.886s] [ 31%] [32mBuilding CXX object CMakeFiles/moveit_msgs__rosidl_typesupport_cpp.dir/rosidl_typesupport_cpp/moveit_msgs/msg/link_padding__type_support.cpp.o[0m
[139.238s] [ 32%] [32mBuilding CXX object CMakeFiles/moveit_msgs__rosidl_typesupport_cpp.dir/rosidl_typesupport_cpp/moveit_msgs/msg/link_scale__type_support.cpp.o[0m
[139.536s] [ 32%] [32mBuilding CXX object CMakeFiles/moveit_msgs__rosidl_typesupport_fastrtps_c.dir/rosidl_typesupport_fastrtps_c/moveit_msgs/msg/detail/contact_information__type_support_c.cpp.o[0m
[139.560s] [ 32%] [32mBuilding CXX object CMakeFiles/moveit_msgs__rosidl_typesupport_fastrtps_cpp.dir/rosidl_typesupport_fastrtps_cpp/moveit_msgs/msg/detail/dds_fastrtps/contact_information__type_support.cpp.o[0m
[140.051s] [ 32%] [32mBuilding CXX object CMakeFiles/moveit_msgs__rosidl_typesupport_cpp.dir/rosidl_typesupport_cpp/moveit_msgs/msg/motion_plan_request__type_support.cpp.o[0m
[140.217s] [ 33%] [32mBuilding CXX object CMakeFiles/moveit_msgs__rosidl_typesupport_fastrtps_c.dir/rosidl_typesupport_fastrtps_c/moveit_msgs/msg/detail/display_trajectory__type_support_c.cpp.o[0m
[140.481s] [ 33%] [32mBuilding CXX object CMakeFiles/moveit_msgs__rosidl_typesupport_fastrtps_cpp.dir/rosidl_typesupport_fastrtps_cpp/moveit_msgs/msg/detail/dds_fastrtps/display_trajectory__type_support.cpp.o[0m
[140.532s] [ 33%] [32mBuilding CXX object CMakeFiles/moveit_msgs__rosidl_typesupport_cpp.dir/rosidl_typesupport_cpp/moveit_msgs/msg/motion_plan_response__type_support.cpp.o[0m
[140.877s] [ 33%] [32mBuilding CXX object CMakeFiles/moveit_msgs__rosidl_typesupport_fastrtps_c.dir/rosidl_typesupport_fastrtps_c/moveit_msgs/msg/detail/display_robot_state__type_support_c.cpp.o[0m
[141.382s] [ 33%] [32mBuilding CXX object CMakeFiles/moveit_msgs__rosidl_typesupport_cpp.dir/rosidl_typesupport_cpp/moveit_msgs/msg/motion_plan_detailed_response__type_support.cpp.o[0m
[141.398s] [ 33%] [32mBuilding CXX object CMakeFiles/moveit_msgs__rosidl_typesupport_introspection_cpp.dir/rosidl_typesupport_introspection_cpp/moveit_msgs/action/detail/pickup__type_support.cpp.o[0m
[141.556s] [ 33%] [32mBuilding CXX object CMakeFiles/moveit_msgs__rosidl_typesupport_fastrtps_cpp.dir/rosidl_typesupport_fastrtps_cpp/moveit_msgs/msg/detail/dds_fastrtps/display_robot_state__type_support.cpp.o[0m
[141.945s] [ 33%] [32mBuilding CXX object CMakeFiles/moveit_msgs__rosidl_typesupport_cpp.dir/rosidl_typesupport_cpp/moveit_msgs/msg/motion_sequence_item__type_support.cpp.o[0m
[141.959s] [ 33%] [32mBuilding CXX object CMakeFiles/moveit_msgs__rosidl_typesupport_fastrtps_c.dir/rosidl_typesupport_fastrtps_c/moveit_msgs/msg/detail/generic_trajectory__type_support_c.cpp.o[0m
[142.342s] [ 34%] [32mBuilding CXX object CMakeFiles/moveit_msgs__rosidl_typesupport_fastrtps_cpp.dir/rosidl_typesupport_fastrtps_cpp/moveit_msgs/msg/detail/dds_fastrtps/generic_trajectory__type_support.cpp.o[0m
[142.670s] [ 34%] [32mBuilding CXX object CMakeFiles/moveit_msgs__rosidl_typesupport_fastrtps_c.dir/rosidl_typesupport_fastrtps_c/moveit_msgs/msg/detail/grasp__type_support_c.cpp.o[0m
[142.926s] [ 34%] [32mBuilding CXX object CMakeFiles/moveit_msgs__rosidl_typesupport_cpp.dir/rosidl_typesupport_cpp/moveit_msgs/msg/motion_sequence_request__type_support.cpp.o[0m
[143.162s] [ 34%] [32mBuilding CXX object CMakeFiles/moveit_msgs__rosidl_typesupport_fastrtps_cpp.dir/rosidl_typesupport_fastrtps_cpp/moveit_msgs/msg/detail/dds_fastrtps/grasp__type_support.cpp.o[0m
[143.545s] [ 34%] [32mBuilding CXX object CMakeFiles/moveit_msgs__rosidl_typesupport_cpp.dir/rosidl_typesupport_cpp/moveit_msgs/msg/motion_sequence_response__type_support.cpp.o[0m
[143.561s] [ 34%] [32mBuilding CXX object CMakeFiles/moveit_msgs__rosidl_typesupport_fastrtps_c.dir/rosidl_typesupport_fastrtps_c/moveit_msgs/msg/detail/gripper_translation__type_support_c.cpp.o[0m
[144.001s] [ 34%] [32mBuilding CXX object CMakeFiles/moveit_msgs__rosidl_typesupport_fastrtps_cpp.dir/rosidl_typesupport_fastrtps_cpp/moveit_msgs/msg/detail/dds_fastrtps/gripper_translation__type_support.cpp.o[0m
[144.237s] [ 35%] [32mBuilding CXX object CMakeFiles/moveit_msgs__rosidl_typesupport_cpp.dir/rosidl_typesupport_cpp/moveit_msgs/msg/move_it_error_codes__type_support.cpp.o[0m
[144.685s] [ 35%] [32mBuilding CXX object CMakeFiles/moveit_msgs__rosidl_typesupport_fastrtps_c.dir/rosidl_typesupport_fastrtps_c/moveit_msgs/msg/detail/joint_constraint__type_support_c.cpp.o[0m
[144.907s] [ 35%] [32mBuilding CXX object CMakeFiles/moveit_msgs__rosidl_typesupport_introspection_cpp.dir/rosidl_typesupport_introspection_cpp/moveit_msgs/action/detail/place__type_support.cpp.o[0m
[144.950s] [ 35%] [32mBuilding CXX object CMakeFiles/moveit_msgs__rosidl_typesupport_cpp.dir/rosidl_typesupport_cpp/moveit_msgs/msg/trajectory_constraints__type_support.cpp.o[0m
[145.161s] [ 35%] [32mBuilding CXX object CMakeFiles/moveit_msgs__rosidl_typesupport_fastrtps_cpp.dir/rosidl_typesupport_fastrtps_cpp/moveit_msgs/msg/detail/dds_fastrtps/joint_constraint__type_support.cpp.o[0m
[145.181s] [ 36%] [32mBuilding CXX object CMakeFiles/moveit_msgs__rosidl_typesupport_fastrtps_c.dir/rosidl_typesupport_fastrtps_c/moveit_msgs/msg/detail/joint_limits__type_support_c.cpp.o[0m
[145.564s] [ 36%] [32mBuilding CXX object CMakeFiles/moveit_msgs__rosidl_typesupport_cpp.dir/rosidl_typesupport_cpp/moveit_msgs/msg/object_color__type_support.cpp.o[0m
[145.812s] [ 36%] [32mBuilding CXX object CMakeFiles/moveit_msgs__rosidl_typesupport_fastrtps_c.dir/rosidl_typesupport_fastrtps_c/moveit_msgs/msg/detail/link_padding__type_support_c.cpp.o[0m
[146.308s] [ 36%] [32mBuilding CXX object CMakeFiles/moveit_msgs__rosidl_typesupport_fastrtps_cpp.dir/rosidl_typesupport_fastrtps_cpp/moveit_msgs/msg/detail/dds_fastrtps/joint_limits__type_support.cpp.o[0m
[146.316s] [ 36%] [32mBuilding CXX object CMakeFiles/moveit_msgs__rosidl_typesupport_cpp.dir/rosidl_typesupport_cpp/moveit_msgs/msg/orientation_constraint__type_support.cpp.o[0m
[146.558s] [ 36%] [32mBuilding CXX object CMakeFiles/moveit_msgs__rosidl_typesupport_fastrtps_c.dir/rosidl_typesupport_fastrtps_c/moveit_msgs/msg/detail/link_scale__type_support_c.cpp.o[0m
[146.760s] [ 36%] [32mBuilding CXX object CMakeFiles/moveit_msgs__rosidl_typesupport_cpp.dir/rosidl_typesupport_cpp/moveit_msgs/msg/oriented_bounding_box__type_support.cpp.o[0m
[147.205s] [ 36%] [32mBuilding CXX object CMakeFiles/moveit_msgs__rosidl_typesupport_fastrtps_cpp.dir/rosidl_typesupport_fastrtps_cpp/moveit_msgs/msg/detail/dds_fastrtps/link_padding__type_support.cpp.o[0m
[147.217s] [ 36%] [32mBuilding CXX object CMakeFiles/moveit_msgs__rosidl_typesupport_cpp.dir/rosidl_typesupport_cpp/moveit_msgs/msg/place_location__type_support.cpp.o[0m
[147.240s] [ 36%] [32mBuilding CXX object CMakeFiles/moveit_msgs__rosidl_typesupport_fastrtps_c.dir/rosidl_typesupport_fastrtps_c/moveit_msgs/msg/detail/motion_plan_request__type_support_c.cpp.o[0m
[147.895s] [ 37%] [32mBuilding CXX object CMakeFiles/moveit_msgs__rosidl_typesupport_cpp.dir/rosidl_typesupport_cpp/moveit_msgs/msg/planner_interface_description__type_support.cpp.o[0m
[147.974s] [ 38%] [32mBuilding CXX object CMakeFiles/moveit_msgs__rosidl_typesupport_fastrtps_cpp.dir/rosidl_typesupport_fastrtps_cpp/moveit_msgs/msg/detail/dds_fastrtps/link_scale__type_support.cpp.o[0m
[148.339s] [ 38%] [32mBuilding CXX object CMakeFiles/moveit_msgs__rosidl_typesupport_fastrtps_c.dir/rosidl_typesupport_fastrtps_c/moveit_msgs/msg/detail/motion_plan_response__type_support_c.cpp.o[0m
[148.592s] [ 38%] [32mBuilding CXX object CMakeFiles/moveit_msgs__rosidl_typesupport_introspection_cpp.dir/rosidl_typesupport_introspection_cpp/moveit_msgs/action/detail/local_planner__type_support.cpp.o[0m
[148.667s] [ 38%] [32mBuilding CXX object CMakeFiles/moveit_msgs__rosidl_typesupport_cpp.dir/rosidl_typesupport_cpp/moveit_msgs/msg/planner_params__type_support.cpp.o[0m
[149.269s] [ 38%] [32mBuilding CXX object CMakeFiles/moveit_msgs__rosidl_typesupport_fastrtps_cpp.dir/rosidl_typesupport_fastrtps_cpp/moveit_msgs/msg/detail/dds_fastrtps/motion_plan_request__type_support.cpp.o[0m
[149.363s] [ 38%] [32mBuilding CXX object CMakeFiles/moveit_msgs__rosidl_typesupport_cpp.dir/rosidl_typesupport_cpp/moveit_msgs/msg/planning_scene__type_support.cpp.o[0m
[149.364s] [ 38%] [32mBuilding CXX object CMakeFiles/moveit_msgs__rosidl_typesupport_fastrtps_c.dir/rosidl_typesupport_fastrtps_c/moveit_msgs/msg/detail/motion_plan_detailed_response__type_support_c.cpp.o[0m
[149.836s] [ 38%] [32mBuilding CXX object CMakeFiles/moveit_msgs__rosidl_typesupport_cpp.dir/rosidl_typesupport_cpp/moveit_msgs/msg/planning_scene_components__type_support.cpp.o[0m
[150.161s] [ 38%] [32mBuilding CXX object CMakeFiles/moveit_msgs__rosidl_typesupport_fastrtps_c.dir/rosidl_typesupport_fastrtps_c/moveit_msgs/msg/detail/motion_sequence_item__type_support_c.cpp.o[0m
[150.340s] [ 38%] [32mBuilding CXX object CMakeFiles/moveit_msgs__rosidl_typesupport_cpp.dir/rosidl_typesupport_cpp/moveit_msgs/msg/planning_scene_world__type_support.cpp.o[0m
[150.640s] [ 39%] [32mBuilding CXX object CMakeFiles/moveit_msgs__rosidl_typesupport_fastrtps_c.dir/rosidl_typesupport_fastrtps_c/moveit_msgs/msg/detail/motion_sequence_request__type_support_c.cpp.o[0m
[150.791s] [ 39%] [32mBuilding CXX object CMakeFiles/moveit_msgs__rosidl_typesupport_cpp.dir/rosidl_typesupport_cpp/moveit_msgs/msg/planning_options__type_support.cpp.o[0m
[151.131s] [ 39%] [32mBuilding CXX object CMakeFiles/moveit_msgs__rosidl_typesupport_cpp.dir/rosidl_typesupport_cpp/moveit_msgs/msg/position_constraint__type_support.cpp.o[0m
[151.144s] [ 39%] [32mBuilding CXX object CMakeFiles/moveit_msgs__rosidl_typesupport_introspection_cpp.dir/rosidl_typesupport_introspection_cpp/moveit_msgs/action/detail/global_planner__type_support.cpp.o[0m
[151.306s] [ 39%] [32mBuilding CXX object CMakeFiles/moveit_msgs__rosidl_typesupport_fastrtps_c.dir/rosidl_typesupport_fastrtps_c/moveit_msgs/msg/detail/motion_sequence_response__type_support_c.cpp.o[0m
[151.496s] [ 39%] [32mBuilding CXX object CMakeFiles/moveit_msgs__rosidl_typesupport_fastrtps_cpp.dir/rosidl_typesupport_fastrtps_cpp/moveit_msgs/msg/detail/dds_fastrtps/motion_plan_response__type_support.cpp.o[0m
[151.551s] [ 40%] [32mBuilding CXX object CMakeFiles/moveit_msgs__rosidl_typesupport_cpp.dir/rosidl_typesupport_cpp/moveit_msgs/msg/robot_state__type_support.cpp.o[0m
[152.100s] [ 40%] [32mBuilding CXX object CMakeFiles/moveit_msgs__rosidl_typesupport_fastrtps_cpp.dir/rosidl_typesupport_fastrtps_cpp/moveit_msgs/msg/detail/dds_fastrtps/motion_plan_detailed_response__type_support.cpp.o[0m
[152.201s] [ 40%] [32mBuilding CXX object CMakeFiles/moveit_msgs__rosidl_typesupport_fastrtps_c.dir/rosidl_typesupport_fastrtps_c/moveit_msgs/msg/detail/move_it_error_codes__type_support_c.cpp.o[0m
[152.201s] [ 40%] [32mBuilding CXX object CMakeFiles/moveit_msgs__rosidl_typesupport_cpp.dir/rosidl_typesupport_cpp/moveit_msgs/msg/robot_trajectory__type_support.cpp.o[0m
[152.747s] [ 40%] [32mBuilding CXX object CMakeFiles/moveit_msgs__rosidl_typesupport_fastrtps_c.dir/rosidl_typesupport_fastrtps_c/moveit_msgs/msg/detail/trajectory_constraints__type_support_c.cpp.o[0m
[152.764s] [ 40%] [32mBuilding CXX object CMakeFiles/moveit_msgs__rosidl_typesupport_cpp.dir/rosidl_typesupport_cpp/moveit_msgs/msg/visibility_constraint__type_support.cpp.o[0m
[152.951s] [ 40%] [32mBuilding CXX object CMakeFiles/moveit_msgs__rosidl_typesupport_introspection_cpp.dir/rosidl_typesupport_introspection_cpp/moveit_msgs/action/detail/hybrid_planner__type_support.cpp.o[0m
[153.226s] [ 40%] [32mBuilding CXX object CMakeFiles/moveit_msgs__rosidl_typesupport_fastrtps_c.dir/rosidl_typesupport_fastrtps_c/moveit_msgs/msg/detail/object_color__type_support_c.cpp.o[0m
[153.347s] [ 40%] [32mBuilding CXX object CMakeFiles/moveit_msgs__rosidl_typesupport_fastrtps_cpp.dir/rosidl_typesupport_fastrtps_cpp/moveit_msgs/msg/detail/dds_fastrtps/motion_sequence_item__type_support.cpp.o[0m
[153.397s] [ 40%] [32mBuilding CXX object CMakeFiles/moveit_msgs__rosidl_typesupport_cpp.dir/rosidl_typesupport_cpp/moveit_msgs/msg/workspace_parameters__type_support.cpp.o[0m
[153.733s] [ 40%] [32mBuilding CXX object CMakeFiles/moveit_msgs__rosidl_typesupport_fastrtps_c.dir/rosidl_typesupport_fastrtps_c/moveit_msgs/msg/detail/orientation_constraint__type_support_c.cpp.o[0m
[154.004s] [ 40%] [32mBuilding CXX object CMakeFiles/moveit_msgs__rosidl_typesupport_fastrtps_cpp.dir/rosidl_typesupport_fastrtps_cpp/moveit_msgs/msg/detail/dds_fastrtps/motion_sequence_request__type_support.cpp.o[0m
[154.187s] [ 40%] [32mBuilding CXX object CMakeFiles/moveit_msgs__rosidl_typesupport_cpp.dir/rosidl_typesupport_cpp/moveit_msgs/msg/kinematic_solver_info__type_support.cpp.o[0m
[154.587s] [ 41%] [32mBuilding CXX object CMakeFiles/moveit_msgs__rosidl_typesupport_fastrtps_c.dir/rosidl_typesupport_fastrtps_c/moveit_msgs/msg/detail/oriented_bounding_box__type_support_c.cpp.o[0m
[154.594s] [ 41%] [32mBuilding CXX object CMakeFiles/moveit_msgs__rosidl_typesupport_cpp.dir/rosidl_typesupport_cpp/moveit_msgs/msg/position_ik_request__type_support.cpp.o[0m
[155.001s] [ 42%] [32m[1mLinking CXX shared library libmoveit_msgs__rosidl_typesupport_introspection_cpp.so[0m
[155.057s] [ 43%] [32mBuilding CXX object CMakeFiles/moveit_msgs__rosidl_typesupport_cpp.dir/rosidl_typesupport_cpp/moveit_msgs/srv/get_motion_plan__type_support.cpp.o[0m
[155.142s] [ 43%] [32mBuilding CXX object CMakeFiles/moveit_msgs__rosidl_typesupport_fastrtps_c.dir/rosidl_typesupport_fastrtps_c/moveit_msgs/msg/detail/place_location__type_support_c.cpp.o[0m
[155.557s] [ 43%] [32mBuilding CXX object CMakeFiles/moveit_msgs__rosidl_typesupport_fastrtps_cpp.dir/rosidl_typesupport_fastrtps_cpp/moveit_msgs/msg/detail/dds_fastrtps/motion_sequence_response__type_support.cpp.o[0m
[155.557s] [ 43%] [32mBuilding CXX object CMakeFiles/moveit_msgs__rosidl_typesupport_cpp.dir/rosidl_typesupport_cpp/moveit_msgs/srv/get_state_validity__type_support.cpp.o[0m
[155.560s] [ 43%] Built target moveit_msgs__rosidl_typesupport_introspection_cpp
[155.742s] [ 43%] [32mBuilding CXX object CMakeFiles/moveit_msgs__rosidl_typesupport_fastrtps_c.dir/rosidl_typesupport_fastrtps_c/moveit_msgs/msg/detail/planner_interface_description__type_support_c.cpp.o[0m
[155.967s] [ 43%] [32mBuilding CXX object CMakeFiles/moveit_msgs__rosidl_typesupport_cpp.dir/rosidl_typesupport_cpp/moveit_msgs/srv/get_cartesian_path__type_support.cpp.o[0m
[156.270s] [ 43%] [32mBuilding CXX object CMakeFiles/moveit_msgs__rosidl_typesupport_fastrtps_c.dir/rosidl_typesupport_fastrtps_c/moveit_msgs/msg/detail/planner_params__type_support_c.cpp.o[0m
[156.353s] [ 43%] [32mBuilding CXX object CMakeFiles/moveit_msgs__rosidl_typesupport_cpp.dir/rosidl_typesupport_cpp/moveit_msgs/srv/get_planning_scene__type_support.cpp.o[0m
[156.404s] [ 44%] [32mBuilding CXX object CMakeFiles/moveit_msgs__rosidl_typesupport_fastrtps_cpp.dir/rosidl_typesupport_fastrtps_cpp/moveit_msgs/msg/detail/dds_fastrtps/move_it_error_codes__type_support.cpp.o[0m
[156.821s] [ 44%] [32mBuilding CXX object CMakeFiles/moveit_msgs__rosidl_typesupport_fastrtps_c.dir/rosidl_typesupport_fastrtps_c/moveit_msgs/msg/detail/planning_scene__type_support_c.cpp.o[0m
[156.934s] [ 44%] [32mBuilding CXX object CMakeFiles/moveit_msgs__rosidl_typesupport_fastrtps_cpp.dir/rosidl_typesupport_fastrtps_cpp/moveit_msgs/msg/detail/dds_fastrtps/trajectory_constraints__type_support.cpp.o[0m
[156.960s] [ 44%] [32mBuilding CXX object CMakeFiles/moveit_msgs__rosidl_typesupport_cpp.dir/rosidl_typesupport_cpp/moveit_msgs/srv/grasp_planning__type_support.cpp.o[0m
[157.361s] [ 44%] [32mBuilding CXX object CMakeFiles/moveit_msgs__rosidl_typesupport_cpp.dir/rosidl_typesupport_cpp/moveit_msgs/srv/apply_planning_scene__type_support.cpp.o[0m
[157.394s] [ 44%] [32mBuilding CXX object CMakeFiles/moveit_msgs__rosidl_typesupport_fastrtps_c.dir/rosidl_typesupport_fastrtps_c/moveit_msgs/msg/detail/planning_scene_components__type_support_c.cpp.o[0m
[157.757s] [ 45%] [32mBuilding CXX object CMakeFiles/moveit_msgs__rosidl_typesupport_cpp.dir/rosidl_typesupport_cpp/moveit_msgs/srv/query_planner_interfaces__type_support.cpp.o[0m
[157.775s] [ 45%] [32mBuilding CXX object CMakeFiles/moveit_msgs__rosidl_typesupport_fastrtps_cpp.dir/rosidl_typesupport_fastrtps_cpp/moveit_msgs/msg/detail/dds_fastrtps/object_color__type_support.cpp.o[0m
[157.927s] [ 46%] [32mBuilding CXX object CMakeFiles/moveit_msgs__rosidl_typesupport_fastrtps_c.dir/rosidl_typesupport_fastrtps_c/moveit_msgs/msg/detail/planning_scene_world__type_support_c.cpp.o[0m
[158.201s] [ 46%] [32mBuilding CXX object CMakeFiles/moveit_msgs__rosidl_typesupport_cpp.dir/rosidl_typesupport_cpp/moveit_msgs/srv/get_motion_sequence__type_support.cpp.o[0m
[158.355s] [ 46%] [32mBuilding CXX object CMakeFiles/moveit_msgs__rosidl_typesupport_fastrtps_cpp.dir/rosidl_typesupport_fastrtps_cpp/moveit_msgs/msg/detail/dds_fastrtps/orientation_constraint__type_support.cpp.o[0m
[158.482s] [ 46%] [32mBuilding CXX object CMakeFiles/moveit_msgs__rosidl_typesupport_fastrtps_c.dir/rosidl_typesupport_fastrtps_c/moveit_msgs/msg/detail/planning_options__type_support_c.cpp.o[0m
[158.592s] [ 46%] [32mBuilding CXX object CMakeFiles/moveit_msgs__rosidl_typesupport_cpp.dir/rosidl_typesupport_cpp/moveit_msgs/srv/get_position_fk__type_support.cpp.o[0m
[158.942s] [ 46%] [32mBuilding CXX object CMakeFiles/moveit_msgs__rosidl_typesupport_fastrtps_cpp.dir/rosidl_typesupport_fastrtps_cpp/moveit_msgs/msg/detail/dds_fastrtps/oriented_bounding_box__type_support.cpp.o[0m
[159.002s] [ 46%] [32mBuilding CXX object CMakeFiles/moveit_msgs__rosidl_typesupport_cpp.dir/rosidl_typesupport_cpp/moveit_msgs/srv/get_position_ik__type_support.cpp.o[0m
[159.006s] [ 46%] [32mBuilding CXX object CMakeFiles/moveit_msgs__rosidl_typesupport_fastrtps_c.dir/rosidl_typesupport_fastrtps_c/moveit_msgs/msg/detail/position_constraint__type_support_c.cpp.o[0m
[159.382s] [ 46%] [32mBuilding CXX object CMakeFiles/moveit_msgs__rosidl_typesupport_cpp.dir/rosidl_typesupport_cpp/moveit_msgs/srv/get_planner_params__type_support.cpp.o[0m
[159.508s] [ 46%] [32mBuilding CXX object CMakeFiles/moveit_msgs__rosidl_typesupport_fastrtps_cpp.dir/rosidl_typesupport_fastrtps_cpp/moveit_msgs/msg/detail/dds_fastrtps/place_location__type_support.cpp.o[0m
[159.514s] [ 46%] [32mBuilding CXX object CMakeFiles/moveit_msgs__rosidl_typesupport_fastrtps_c.dir/rosidl_typesupport_fastrtps_c/moveit_msgs/msg/detail/robot_state__type_support_c.cpp.o[0m
[159.719s] [ 46%] [32mBuilding CXX object CMakeFiles/moveit_msgs__rosidl_typesupport_cpp.dir/rosidl_typesupport_cpp/moveit_msgs/srv/set_planner_params__type_support.cpp.o[0m
[160.056s] [ 46%] [32mBuilding CXX object CMakeFiles/moveit_msgs__rosidl_typesupport_fastrtps_c.dir/rosidl_typesupport_fastrtps_c/moveit_msgs/msg/detail/robot_trajectory__type_support_c.cpp.o[0m
[160.060s] [ 46%] [32mBuilding CXX object CMakeFiles/moveit_msgs__rosidl_typesupport_cpp.dir/rosidl_typesupport_cpp/moveit_msgs/srv/update_pointcloud_octomap__type_support.cpp.o[0m
[160.149s] [ 47%] [32mBuilding CXX object CMakeFiles/moveit_msgs__rosidl_typesupport_fastrtps_cpp.dir/rosidl_typesupport_fastrtps_cpp/moveit_msgs/msg/detail/dds_fastrtps/planner_interface_description__type_support.cpp.o[0m
[160.401s] [ 48%] [32mBuilding CXX object CMakeFiles/moveit_msgs__rosidl_typesupport_cpp.dir/rosidl_typesupport_cpp/moveit_msgs/srv/save_map__type_support.cpp.o[0m
[160.464s] [ 48%] [32mBuilding CXX object CMakeFiles/moveit_msgs__rosidl_typesupport_fastrtps_c.dir/rosidl_typesupport_fastrtps_c/moveit_msgs/msg/detail/visibility_constraint__type_support_c.cpp.o[0m
[160.819s] [ 48%] [32mBuilding CXX object CMakeFiles/moveit_msgs__rosidl_typesupport_cpp.dir/rosidl_typesupport_cpp/moveit_msgs/srv/load_map__type_support.cpp.o[0m
[160.844s] [ 48%] [32mBuilding CXX object CMakeFiles/moveit_msgs__rosidl_typesupport_fastrtps_cpp.dir/rosidl_typesupport_fastrtps_cpp/moveit_msgs/msg/detail/dds_fastrtps/planner_params__type_support.cpp.o[0m
[161.052s] [ 48%] [32mBuilding CXX object CMakeFiles/moveit_msgs__rosidl_typesupport_fastrtps_c.dir/rosidl_typesupport_fastrtps_c/moveit_msgs/msg/detail/workspace_parameters__type_support_c.cpp.o[0m
[161.272s] [ 48%] [32mBuilding CXX object CMakeFiles/moveit_msgs__rosidl_typesupport_cpp.dir/rosidl_typesupport_cpp/moveit_msgs/srv/save_robot_state_to_warehouse__type_support.cpp.o[0m
[161.542s] [ 49%] [32mBuilding CXX object CMakeFiles/moveit_msgs__rosidl_typesupport_fastrtps_c.dir/rosidl_typesupport_fastrtps_c/moveit_msgs/msg/detail/kinematic_solver_info__type_support_c.cpp.o[0m
[161.616s] [ 49%] [32mBuilding CXX object CMakeFiles/moveit_msgs__rosidl_typesupport_fastrtps_cpp.dir/rosidl_typesupport_fastrtps_cpp/moveit_msgs/msg/detail/dds_fastrtps/planning_scene__type_support.cpp.o[0m
[161.891s] [ 49%] [32mBuilding CXX object CMakeFiles/moveit_msgs__rosidl_typesupport_cpp.dir/rosidl_typesupport_cpp/moveit_msgs/srv/list_robot_states_in_warehouse__type_support.cpp.o[0m
[162.184s] [ 49%] [32mBuilding CXX object CMakeFiles/moveit_msgs__rosidl_typesupport_fastrtps_c.dir/rosidl_typesupport_fastrtps_c/moveit_msgs/msg/detail/position_ik_request__type_support_c.cpp.o[0m
[162.306s] [ 49%] [32mBuilding CXX object CMakeFiles/moveit_msgs__rosidl_typesupport_cpp.dir/rosidl_typesupport_cpp/moveit_msgs/srv/get_robot_state_from_warehouse__type_support.cpp.o[0m
[162.694s] [ 49%] [32mBuilding CXX object CMakeFiles/moveit_msgs__rosidl_typesupport_cpp.dir/rosidl_typesupport_cpp/moveit_msgs/srv/check_if_robot_state_exists_in_warehouse__type_support.cpp.o[0m
[162.705s] [ 49%] [32mBuilding CXX object CMakeFiles/moveit_msgs__rosidl_typesupport_fastrtps_cpp.dir/rosidl_typesupport_fastrtps_cpp/moveit_msgs/msg/detail/dds_fastrtps/planning_scene_components__type_support.cpp.o[0m
[162.760s] [ 49%] [32mBuilding CXX object CMakeFiles/moveit_msgs__rosidl_typesupport_fastrtps_c.dir/rosidl_typesupport_fastrtps_c/moveit_msgs/srv/detail/get_motion_plan__type_support_c.cpp.o[0m
[163.109s] [ 50%] [32mBuilding CXX object CMakeFiles/moveit_msgs__rosidl_typesupport_cpp.dir/rosidl_typesupport_cpp/moveit_msgs/srv/rename_robot_state_in_warehouse__type_support.cpp.o[0m
[163.273s] [ 50%] [32mBuilding CXX object CMakeFiles/moveit_msgs__rosidl_typesupport_fastrtps_cpp.dir/rosidl_typesupport_fastrtps_cpp/moveit_msgs/msg/detail/dds_fastrtps/planning_scene_world__type_support.cpp.o[0m
[163.291s] [ 50%] [32mBuilding CXX object CMakeFiles/moveit_msgs__rosidl_typesupport_fastrtps_c.dir/rosidl_typesupport_fastrtps_c/moveit_msgs/srv/detail/get_state_validity__type_support_c.cpp.o[0m
[163.526s] [ 50%] [32mBuilding CXX object CMakeFiles/moveit_msgs__rosidl_typesupport_cpp.dir/rosidl_typesupport_cpp/moveit_msgs/srv/delete_robot_state_from_warehouse__type_support.cpp.o[0m
[163.851s] [ 50%] [32mBuilding CXX object CMakeFiles/moveit_msgs__rosidl_typesupport_fastrtps_c.dir/rosidl_typesupport_fastrtps_c/moveit_msgs/srv/detail/get_cartesian_path__type_support_c.cpp.o[0m
[163.885s] [ 50%] [32mBuilding CXX object CMakeFiles/moveit_msgs__rosidl_typesupport_cpp.dir/rosidl_typesupport_cpp/moveit_msgs/srv/change_control_dimensions__type_support.cpp.o[0m
[164.187s] [ 50%] [32mBuilding CXX object CMakeFiles/moveit_msgs__rosidl_typesupport_fastrtps_cpp.dir/rosidl_typesupport_fastrtps_cpp/moveit_msgs/msg/detail/dds_fastrtps/planning_options__type_support.cpp.o[0m
[164.220s] [ 50%] [32mBuilding CXX object CMakeFiles/moveit_msgs__rosidl_typesupport_cpp.dir/rosidl_typesupport_cpp/moveit_msgs/srv/change_drift_dimensions__type_support.cpp.o[0m
[164.417s] [ 50%] [32mBuilding CXX object CMakeFiles/moveit_msgs__rosidl_typesupport_fastrtps_c.dir/rosidl_typesupport_fastrtps_c/moveit_msgs/srv/detail/get_planning_scene__type_support_c.cpp.o[0m
[164.850s] [ 50%] [32mBuilding CXX object CMakeFiles/moveit_msgs__rosidl_typesupport_cpp.dir/rosidl_typesupport_cpp/moveit_msgs/action/execute_trajectory__type_support.cpp.o[0m
[164.850s] [ 51%] [32mBuilding CXX object CMakeFiles/moveit_msgs__rosidl_typesupport_fastrtps_cpp.dir/rosidl_typesupport_fastrtps_cpp/moveit_msgs/msg/detail/dds_fastrtps/position_constraint__type_support.cpp.o[0m
[164.888s] [ 52%] [32mBuilding CXX object CMakeFiles/moveit_msgs__rosidl_typesupport_fastrtps_c.dir/rosidl_typesupport_fastrtps_c/moveit_msgs/srv/detail/grasp_planning__type_support_c.cpp.o[0m
[165.400s] [ 52%] [32mBuilding CXX object CMakeFiles/moveit_msgs__rosidl_typesupport_fastrtps_cpp.dir/rosidl_typesupport_fastrtps_cpp/moveit_msgs/msg/detail/dds_fastrtps/robot_state__type_support.cpp.o[0m
[165.419s] [ 52%] [32mBuilding CXX object CMakeFiles/moveit_msgs__rosidl_typesupport_cpp.dir/rosidl_typesupport_cpp/moveit_msgs/action/move_group__type_support.cpp.o[0m
[165.495s] [ 52%] [32mBuilding CXX object CMakeFiles/moveit_msgs__rosidl_typesupport_fastrtps_c.dir/rosidl_typesupport_fastrtps_c/moveit_msgs/srv/detail/apply_planning_scene__type_support_c.cpp.o[0m
[165.987s] [ 52%] [32mBuilding CXX object CMakeFiles/moveit_msgs__rosidl_typesupport_cpp.dir/rosidl_typesupport_cpp/moveit_msgs/action/move_group_sequence__type_support.cpp.o[0m
[166.030s] [ 52%] [32mBuilding CXX object CMakeFiles/moveit_msgs__rosidl_typesupport_fastrtps_c.dir/rosidl_typesupport_fastrtps_c/moveit_msgs/srv/detail/query_planner_interfaces__type_support_c.cpp.o[0m
[166.358s] [ 52%] [32mBuilding CXX object CMakeFiles/moveit_msgs__rosidl_typesupport_fastrtps_cpp.dir/rosidl_typesupport_fastrtps_cpp/moveit_msgs/msg/detail/dds_fastrtps/robot_trajectory__type_support.cpp.o[0m
[166.492s] [ 52%] [32mBuilding CXX object CMakeFiles/moveit_msgs__rosidl_typesupport_fastrtps_c.dir/rosidl_typesupport_fastrtps_c/moveit_msgs/srv/detail/get_motion_sequence__type_support_c.cpp.o[0m
[166.570s] [ 53%] [32mBuilding CXX object CMakeFiles/moveit_msgs__rosidl_typesupport_cpp.dir/rosidl_typesupport_cpp/moveit_msgs/action/pickup__type_support.cpp.o[0m
[166.962s] [ 53%] [32mBuilding CXX object CMakeFiles/moveit_msgs__rosidl_typesupport_fastrtps_cpp.dir/rosidl_typesupport_fastrtps_cpp/moveit_msgs/msg/detail/dds_fastrtps/visibility_constraint__type_support.cpp.o[0m
[167.070s] [ 53%] [32mBuilding CXX object CMakeFiles/moveit_msgs__rosidl_typesupport_fastrtps_c.dir/rosidl_typesupport_fastrtps_c/moveit_msgs/srv/detail/get_position_fk__type_support_c.cpp.o[0m
[167.261s] [ 53%] [32mBuilding CXX object CMakeFiles/moveit_msgs__rosidl_typesupport_cpp.dir/rosidl_typesupport_cpp/moveit_msgs/action/place__type_support.cpp.o[0m
[167.579s] [ 53%] [32mBuilding CXX object CMakeFiles/moveit_msgs__rosidl_typesupport_fastrtps_cpp.dir/rosidl_typesupport_fastrtps_cpp/moveit_msgs/msg/detail/dds_fastrtps/workspace_parameters__type_support.cpp.o[0m
[167.873s] [ 53%] [32mBuilding CXX object CMakeFiles/moveit_msgs__rosidl_typesupport_fastrtps_c.dir/rosidl_typesupport_fastrtps_c/moveit_msgs/srv/detail/get_position_ik__type_support_c.cpp.o[0m
[167.894s] [ 53%] [32mBuilding CXX object CMakeFiles/moveit_msgs__rosidl_typesupport_cpp.dir/rosidl_typesupport_cpp/moveit_msgs/action/local_planner__type_support.cpp.o[0m
[168.206s] [ 53%] [32mBuilding CXX object CMakeFiles/moveit_msgs__rosidl_typesupport_fastrtps_cpp.dir/rosidl_typesupport_fastrtps_cpp/moveit_msgs/msg/detail/dds_fastrtps/kinematic_solver_info__type_support.cpp.o[0m
[168.344s] [ 53%] [32mBuilding CXX object CMakeFiles/moveit_msgs__rosidl_typesupport_fastrtps_c.dir/rosidl_typesupport_fastrtps_c/moveit_msgs/srv/detail/get_planner_params__type_support_c.cpp.o[0m
[168.774s] [ 53%] [32mBuilding CXX object CMakeFiles/moveit_msgs__rosidl_typesupport_cpp.dir/rosidl_typesupport_cpp/moveit_msgs/action/global_planner__type_support.cpp.o[0m
[168.845s] [ 54%] [32mBuilding CXX object CMakeFiles/moveit_msgs__rosidl_typesupport_fastrtps_c.dir/rosidl_typesupport_fastrtps_c/moveit_msgs/srv/detail/set_planner_params__type_support_c.cpp.o[0m
[168.935s] [ 54%] [32mBuilding CXX object CMakeFiles/moveit_msgs__rosidl_typesupport_fastrtps_cpp.dir/rosidl_typesupport_fastrtps_cpp/moveit_msgs/msg/detail/dds_fastrtps/position_ik_request__type_support.cpp.o[0m
[169.336s] [ 54%] [32mBuilding CXX object CMakeFiles/moveit_msgs__rosidl_typesupport_fastrtps_c.dir/rosidl_typesupport_fastrtps_c/moveit_msgs/srv/detail/update_pointcloud_octomap__type_support_c.cpp.o[0m
[169.463s] [ 54%] [32mBuilding CXX object CMakeFiles/moveit_msgs__rosidl_typesupport_cpp.dir/rosidl_typesupport_cpp/moveit_msgs/action/hybrid_planner__type_support.cpp.o[0m
[169.690s] [ 55%] [32mBuilding CXX object CMakeFiles/moveit_msgs__rosidl_typesupport_fastrtps_cpp.dir/rosidl_typesupport_fastrtps_cpp/moveit_msgs/srv/detail/dds_fastrtps/get_motion_plan__type_support.cpp.o[0m
[169.785s] [ 55%] [32mBuilding CXX object CMakeFiles/moveit_msgs__rosidl_typesupport_fastrtps_c.dir/rosidl_typesupport_fastrtps_c/moveit_msgs/srv/detail/save_map__type_support_c.cpp.o[0m
[170.164s] [ 55%] [32m[1mLinking CXX shared library libmoveit_msgs__rosidl_typesupport_cpp.so[0m
[170.252s] [ 55%] Built target moveit_msgs__rosidl_typesupport_cpp
[170.344s] [ 55%] [32mBuilding CXX object CMakeFiles/moveit_msgs__rosidl_typesupport_fastrtps_cpp.dir/rosidl_typesupport_fastrtps_cpp/moveit_msgs/srv/detail/dds_fastrtps/get_state_validity__type_support.cpp.o[0m
[170.344s] [ 55%] [32mBuilding CXX object CMakeFiles/moveit_msgs__rosidl_typesupport_fastrtps_c.dir/rosidl_typesupport_fastrtps_c/moveit_msgs/srv/detail/load_map__type_support_c.cpp.o[0m
[170.768s] [ 55%] [32mBuilding CXX object CMakeFiles/moveit_msgs__rosidl_typesupport_fastrtps_c.dir/rosidl_typesupport_fastrtps_c/moveit_msgs/srv/detail/save_robot_state_to_warehouse__type_support_c.cpp.o[0m
[171.187s] [ 55%] [32mBuilding CXX object CMakeFiles/moveit_msgs__rosidl_typesupport_fastrtps_cpp.dir/rosidl_typesupport_fastrtps_cpp/moveit_msgs/srv/detail/dds_fastrtps/get_cartesian_path__type_support.cpp.o[0m
[171.373s] [ 55%] [32mBuilding CXX object CMakeFiles/moveit_msgs__rosidl_typesupport_fastrtps_c.dir/rosidl_typesupport_fastrtps_c/moveit_msgs/srv/detail/list_robot_states_in_warehouse__type_support_c.cpp.o[0m
[171.994s] [ 56%] [32mBuilding CXX object CMakeFiles/moveit_msgs__rosidl_typesupport_fastrtps_c.dir/rosidl_typesupport_fastrtps_c/moveit_msgs/srv/detail/get_robot_state_from_warehouse__type_support_c.cpp.o[0m
[172.005s] [ 56%] [32mBuilding CXX object CMakeFiles/moveit_msgs__rosidl_typesupport_fastrtps_cpp.dir/rosidl_typesupport_fastrtps_cpp/moveit_msgs/srv/detail/dds_fastrtps/get_planning_scene__type_support.cpp.o[0m
[172.469s] [ 56%] [32mBuilding CXX object CMakeFiles/moveit_msgs__rosidl_typesupport_fastrtps_c.dir/rosidl_typesupport_fastrtps_c/moveit_msgs/srv/detail/check_if_robot_state_exists_in_warehouse__type_support_c.cpp.o[0m
[172.567s] [ 56%] [32mBuilding CXX object CMakeFiles/moveit_msgs__rosidl_typesupport_fastrtps_cpp.dir/rosidl_typesupport_fastrtps_cpp/moveit_msgs/srv/detail/dds_fastrtps/grasp_planning__type_support.cpp.o[0m
[172.932s] [ 56%] [32mBuilding CXX object CMakeFiles/moveit_msgs__rosidl_typesupport_fastrtps_c.dir/rosidl_typesupport_fastrtps_c/moveit_msgs/srv/detail/rename_robot_state_in_warehouse__type_support_c.cpp.o[0m
[173.402s] [ 56%] [32mBuilding CXX object CMakeFiles/moveit_msgs__rosidl_typesupport_fastrtps_c.dir/rosidl_typesupport_fastrtps_c/moveit_msgs/srv/detail/delete_robot_state_from_warehouse__type_support_c.cpp.o[0m
[173.712s] [ 56%] [32mBuilding CXX object CMakeFiles/moveit_msgs__rosidl_typesupport_fastrtps_cpp.dir/rosidl_typesupport_fastrtps_cpp/moveit_msgs/srv/detail/dds_fastrtps/apply_planning_scene__type_support.cpp.o[0m
[173.856s] [ 56%] [32mBuilding CXX object CMakeFiles/moveit_msgs__rosidl_typesupport_fastrtps_c.dir/rosidl_typesupport_fastrtps_c/moveit_msgs/srv/detail/change_control_dimensions__type_support_c.cpp.o[0m
[174.247s] [ 57%] [32mBuilding CXX object CMakeFiles/moveit_msgs__rosidl_typesupport_fastrtps_cpp.dir/rosidl_typesupport_fastrtps_cpp/moveit_msgs/srv/detail/dds_fastrtps/query_planner_interfaces__type_support.cpp.o[0m
[174.315s] [ 57%] [32mBuilding CXX object CMakeFiles/moveit_msgs__rosidl_typesupport_fastrtps_c.dir/rosidl_typesupport_fastrtps_c/moveit_msgs/srv/detail/change_drift_dimensions__type_support_c.cpp.o[0m
[174.796s] [ 58%] [32mBuilding CXX object CMakeFiles/moveit_msgs__rosidl_typesupport_fastrtps_c.dir/rosidl_typesupport_fastrtps_c/moveit_msgs/action/detail/execute_trajectory__type_support_c.cpp.o[0m
[174.876s] [ 58%] [32mBuilding CXX object CMakeFiles/moveit_msgs__rosidl_typesupport_fastrtps_cpp.dir/rosidl_typesupport_fastrtps_cpp/moveit_msgs/srv/detail/dds_fastrtps/get_motion_sequence__type_support.cpp.o[0m
[175.385s] [ 58%] [32mBuilding CXX object CMakeFiles/moveit_msgs__rosidl_typesupport_fastrtps_c.dir/rosidl_typesupport_fastrtps_c/moveit_msgs/action/detail/move_group__type_support_c.cpp.o[0m
[175.455s] [ 58%] [32mBuilding CXX object CMakeFiles/moveit_msgs__rosidl_typesupport_fastrtps_cpp.dir/rosidl_typesupport_fastrtps_cpp/moveit_msgs/srv/detail/dds_fastrtps/get_position_fk__type_support.cpp.o[0m
[176.027s] [ 58%] [32mBuilding CXX object CMakeFiles/moveit_msgs__rosidl_typesupport_fastrtps_c.dir/rosidl_typesupport_fastrtps_c/moveit_msgs/action/detail/move_group_sequence__type_support_c.cpp.o[0m
[176.231s] [ 58%] [32mBuilding CXX object CMakeFiles/moveit_msgs__rosidl_typesupport_fastrtps_cpp.dir/rosidl_typesupport_fastrtps_cpp/moveit_msgs/srv/detail/dds_fastrtps/get_position_ik__type_support.cpp.o[0m
[176.644s] [ 58%] [32mBuilding CXX object CMakeFiles/moveit_msgs__rosidl_typesupport_fastrtps_c.dir/rosidl_typesupport_fastrtps_c/moveit_msgs/action/detail/pickup__type_support_c.cpp.o[0m
[176.843s] [ 58%] [32mBuilding CXX object CMakeFiles/moveit_msgs__rosidl_typesupport_fastrtps_cpp.dir/rosidl_typesupport_fastrtps_cpp/moveit_msgs/srv/detail/dds_fastrtps/get_planner_params__type_support.cpp.o[0m
[177.398s] [ 58%] [32mBuilding CXX object CMakeFiles/moveit_msgs__rosidl_typesupport_fastrtps_cpp.dir/rosidl_typesupport_fastrtps_cpp/moveit_msgs/srv/detail/dds_fastrtps/set_planner_params__type_support.cpp.o[0m
[177.496s] [ 58%] [32mBuilding CXX object CMakeFiles/moveit_msgs__rosidl_typesupport_fastrtps_c.dir/rosidl_typesupport_fastrtps_c/moveit_msgs/action/detail/place__type_support_c.cpp.o[0m
[177.944s] [ 58%] [32mBuilding CXX object CMakeFiles/moveit_msgs__rosidl_typesupport_fastrtps_cpp.dir/rosidl_typesupport_fastrtps_cpp/moveit_msgs/srv/detail/dds_fastrtps/update_pointcloud_octomap__type_support.cpp.o[0m
[178.211s] [ 58%] [32mBuilding CXX object CMakeFiles/moveit_msgs__rosidl_typesupport_fastrtps_c.dir/rosidl_typesupport_fastrtps_c/moveit_msgs/action/detail/local_planner__type_support_c.cpp.o[0m
[178.512s] [ 59%] [32mBuilding CXX object CMakeFiles/moveit_msgs__rosidl_typesupport_fastrtps_cpp.dir/rosidl_typesupport_fastrtps_cpp/moveit_msgs/srv/detail/dds_fastrtps/save_map__type_support.cpp.o[0m
[178.838s] [ 59%] [32mBuilding CXX object CMakeFiles/moveit_msgs__rosidl_typesupport_fastrtps_c.dir/rosidl_typesupport_fastrtps_c/moveit_msgs/action/detail/global_planner__type_support_c.cpp.o[0m
[179.065s] [ 59%] [32mBuilding CXX object CMakeFiles/moveit_msgs__rosidl_typesupport_fastrtps_cpp.dir/rosidl_typesupport_fastrtps_cpp/moveit_msgs/srv/detail/dds_fastrtps/load_map__type_support.cpp.o[0m
[179.414s] [ 60%] [32mBuilding CXX object CMakeFiles/moveit_msgs__rosidl_typesupport_fastrtps_c.dir/rosidl_typesupport_fastrtps_c/moveit_msgs/action/detail/hybrid_planner__type_support_c.cpp.o[0m
[179.557s] [ 60%] [32mBuilding CXX object CMakeFiles/moveit_msgs__rosidl_typesupport_fastrtps_cpp.dir/rosidl_typesupport_fastrtps_cpp/moveit_msgs/srv/detail/dds_fastrtps/save_robot_state_to_warehouse__type_support.cpp.o[0m
[180.030s] [ 60%] [32m[1mLinking CXX shared library libmoveit_msgs__rosidl_typesupport_fastrtps_c.so[0m
[180.103s] [ 60%] [32mBuilding CXX object CMakeFiles/moveit_msgs__rosidl_typesupport_fastrtps_cpp.dir/rosidl_typesupport_fastrtps_cpp/moveit_msgs/srv/detail/dds_fastrtps/list_robot_states_in_warehouse__type_support.cpp.o[0m
[180.235s] [ 60%] Built target moveit_msgs__rosidl_typesupport_fastrtps_c
[180.765s] [ 60%] [32mBuilding CXX object CMakeFiles/moveit_msgs__rosidl_typesupport_fastrtps_cpp.dir/rosidl_typesupport_fastrtps_cpp/moveit_msgs/srv/detail/dds_fastrtps/get_robot_state_from_warehouse__type_support.cpp.o[0m
[181.281s] [ 60%] [32mBuilding CXX object CMakeFiles/moveit_msgs__rosidl_typesupport_fastrtps_cpp.dir/rosidl_typesupport_fastrtps_cpp/moveit_msgs/srv/detail/dds_fastrtps/check_if_robot_state_exists_in_warehouse__type_support.cpp.o[0m
[181.767s] [ 61%] [32mBuilding CXX object CMakeFiles/moveit_msgs__rosidl_typesupport_fastrtps_cpp.dir/rosidl_typesupport_fastrtps_cpp/moveit_msgs/srv/detail/dds_fastrtps/rename_robot_state_in_warehouse__type_support.cpp.o[0m
[182.230s] [ 61%] [32mBuilding CXX object CMakeFiles/moveit_msgs__rosidl_typesupport_fastrtps_cpp.dir/rosidl_typesupport_fastrtps_cpp/moveit_msgs/srv/detail/dds_fastrtps/delete_robot_state_from_warehouse__type_support.cpp.o[0m
[182.690s] [ 61%] [32mBuilding CXX object CMakeFiles/moveit_msgs__rosidl_typesupport_fastrtps_cpp.dir/rosidl_typesupport_fastrtps_cpp/moveit_msgs/srv/detail/dds_fastrtps/change_control_dimensions__type_support.cpp.o[0m
[183.226s] [ 61%] [32mBuilding CXX object CMakeFiles/moveit_msgs__rosidl_typesupport_fastrtps_cpp.dir/rosidl_typesupport_fastrtps_cpp/moveit_msgs/srv/detail/dds_fastrtps/change_drift_dimensions__type_support.cpp.o[0m
[183.662s] [ 61%] [32mBuilding CXX object CMakeFiles/moveit_msgs__rosidl_typesupport_fastrtps_cpp.dir/rosidl_typesupport_fastrtps_cpp/moveit_msgs/action/detail/dds_fastrtps/execute_trajectory__type_support.cpp.o[0m
[184.412s] [ 61%] [32mBuilding CXX object CMakeFiles/moveit_msgs__rosidl_typesupport_fastrtps_cpp.dir/rosidl_typesupport_fastrtps_cpp/moveit_msgs/action/detail/dds_fastrtps/move_group__type_support.cpp.o[0m
[185.143s] [ 62%] [32mBuilding CXX object CMakeFiles/moveit_msgs__rosidl_typesupport_fastrtps_cpp.dir/rosidl_typesupport_fastrtps_cpp/moveit_msgs/action/detail/dds_fastrtps/move_group_sequence__type_support.cpp.o[0m
[185.857s] [ 62%] [32mBuilding CXX object CMakeFiles/moveit_msgs__rosidl_typesupport_fastrtps_cpp.dir/rosidl_typesupport_fastrtps_cpp/moveit_msgs/action/detail/dds_fastrtps/pickup__type_support.cpp.o[0m
[187.028s] [ 62%] [32mBuilding CXX object CMakeFiles/moveit_msgs__rosidl_typesupport_fastrtps_cpp.dir/rosidl_typesupport_fastrtps_cpp/moveit_msgs/action/detail/dds_fastrtps/place__type_support.cpp.o[0m
[188.188s] [ 62%] [32mBuilding CXX object CMakeFiles/moveit_msgs__rosidl_typesupport_fastrtps_cpp.dir/rosidl_typesupport_fastrtps_cpp/moveit_msgs/action/detail/dds_fastrtps/local_planner__type_support.cpp.o[0m
[189.091s] [ 62%] [32mBuilding CXX object CMakeFiles/moveit_msgs__rosidl_typesupport_fastrtps_cpp.dir/rosidl_typesupport_fastrtps_cpp/moveit_msgs/action/detail/dds_fastrtps/global_planner__type_support.cpp.o[0m
[189.847s] [ 62%] [32mBuilding CXX object CMakeFiles/moveit_msgs__rosidl_typesupport_fastrtps_cpp.dir/rosidl_typesupport_fastrtps_cpp/moveit_msgs/action/detail/dds_fastrtps/hybrid_planner__type_support.cpp.o[0m
[190.511s] [ 62%] [32m[1mLinking CXX shared library libmoveit_msgs__rosidl_typesupport_fastrtps_cpp.so[0m
[190.659s] [ 62%] Built target moveit_msgs__rosidl_typesupport_fastrtps_cpp
[190.681s] [ 63%] [34m[1mGenerating C type support dispatch for ROS interfaces[0m
[198.011s] [ 63%] [32mBuilding CXX object CMakeFiles/moveit_msgs__rosidl_typesupport_c.dir/rosidl_typesupport_c/moveit_msgs/msg/allowed_collision_entry__type_support.cpp.o[0m
[198.077s] [ 63%] [32mBuilding CXX object CMakeFiles/moveit_msgs__rosidl_typesupport_c.dir/rosidl_typesupport_c/moveit_msgs/msg/attached_collision_object__type_support.cpp.o[0m
[198.139s] [ 63%] [32mBuilding CXX object CMakeFiles/moveit_msgs__rosidl_typesupport_c.dir/rosidl_typesupport_c/moveit_msgs/msg/bounding_volume__type_support.cpp.o[0m
[198.214s] [ 63%] [32mBuilding CXX object CMakeFiles/moveit_msgs__rosidl_typesupport_c.dir/rosidl_typesupport_c/moveit_msgs/msg/cartesian_point__type_support.cpp.o[0m
[198.270s] [ 63%] [32mBuilding CXX object CMakeFiles/moveit_msgs__rosidl_typesupport_c.dir/rosidl_typesupport_c/moveit_msgs/msg/cartesian_trajectory__type_support.cpp.o[0m
[198.319s] [ 64%] [32mBuilding CXX object CMakeFiles/moveit_msgs__rosidl_typesupport_c.dir/rosidl_typesupport_c/moveit_msgs/msg/cartesian_trajectory_point__type_support.cpp.o[0m
[198.384s] [ 64%] [32mBuilding CXX object CMakeFiles/moveit_msgs__rosidl_typesupport_c.dir/rosidl_typesupport_c/moveit_msgs/msg/collision_object__type_support.cpp.o[0m
[198.461s] [ 64%] [32mBuilding CXX object CMakeFiles/moveit_msgs__rosidl_typesupport_c.dir/rosidl_typesupport_c/moveit_msgs/msg/constraint_eval_result__type_support.cpp.o[0m
[198.515s] [ 64%] [32mBuilding CXX object CMakeFiles/moveit_msgs__rosidl_typesupport_c.dir/rosidl_typesupport_c/moveit_msgs/msg/constraints__type_support.cpp.o[0m
[198.582s] [ 64%] [32mBuilding CXX object CMakeFiles/moveit_msgs__rosidl_typesupport_c.dir/rosidl_typesupport_c/moveit_msgs/msg/cost_source__type_support.cpp.o[0m
[198.657s] [ 64%] [32mBuilding CXX object CMakeFiles/moveit_msgs__rosidl_typesupport_c.dir/rosidl_typesupport_c/moveit_msgs/msg/contact_information__type_support.cpp.o[0m
[198.712s] [ 65%] [32mBuilding CXX object CMakeFiles/moveit_msgs__rosidl_typesupport_c.dir/rosidl_typesupport_c/moveit_msgs/msg/display_trajectory__type_support.cpp.o[0m
[198.774s] [ 65%] [32mBuilding CXX object CMakeFiles/moveit_msgs__rosidl_typesupport_c.dir/rosidl_typesupport_c/moveit_msgs/msg/display_robot_state__type_support.cpp.o[0m
[198.848s] [ 65%] [32mBuilding CXX object CMakeFiles/moveit_msgs__rosidl_typesupport_c.dir/rosidl_typesupport_c/moveit_msgs/msg/generic_trajectory__type_support.cpp.o[0m
[198.909s] [ 65%] [32mBuilding CXX object CMakeFiles/moveit_msgs__rosidl_typesupport_c.dir/rosidl_typesupport_c/moveit_msgs/msg/grasp__type_support.cpp.o[0m
[198.967s] [ 65%] [32mBuilding CXX object CMakeFiles/moveit_msgs__rosidl_typesupport_c.dir/rosidl_typesupport_c/moveit_msgs/msg/gripper_translation__type_support.cpp.o[0m
[199.053s] [ 65%] [32mBuilding CXX object CMakeFiles/moveit_msgs__rosidl_typesupport_c.dir/rosidl_typesupport_c/moveit_msgs/msg/joint_constraint__type_support.cpp.o[0m
[199.112s] [ 66%] [32mBuilding CXX object CMakeFiles/moveit_msgs__rosidl_typesupport_c.dir/rosidl_typesupport_c/moveit_msgs/msg/joint_limits__type_support.cpp.o[0m
[199.160s] [ 66%] [32mBuilding CXX object CMakeFiles/moveit_msgs__rosidl_typesupport_c.dir/rosidl_typesupport_c/moveit_msgs/msg/link_padding__type_support.cpp.o[0m
[199.210s] [ 66%] [32mBuilding CXX object CMakeFiles/moveit_msgs__rosidl_typesupport_c.dir/rosidl_typesupport_c/moveit_msgs/msg/link_scale__type_support.cpp.o[0m
[199.253s] [ 66%] [32mBuilding CXX object CMakeFiles/moveit_msgs__rosidl_typesupport_c.dir/rosidl_typesupport_c/moveit_msgs/msg/motion_plan_request__type_support.cpp.o[0m
[199.324s] [ 66%] [32mBuilding CXX object CMakeFiles/moveit_msgs__rosidl_typesupport_c.dir/rosidl_typesupport_c/moveit_msgs/msg/motion_plan_response__type_support.cpp.o[0m
[199.381s] [ 66%] [32mBuilding CXX object CMakeFiles/moveit_msgs__rosidl_typesupport_c.dir/rosidl_typesupport_c/moveit_msgs/msg/motion_plan_detailed_response__type_support.cpp.o[0m
[199.447s] [ 66%] [32mBuilding CXX object CMakeFiles/moveit_msgs__rosidl_typesupport_c.dir/rosidl_typesupport_c/moveit_msgs/msg/motion_sequence_item__type_support.cpp.o[0m
[199.507s] [ 67%] [32mBuilding CXX object CMakeFiles/moveit_msgs__rosidl_typesupport_c.dir/rosidl_typesupport_c/moveit_msgs/msg/motion_sequence_request__type_support.cpp.o[0m
[199.559s] [ 67%] [32mBuilding CXX object CMakeFiles/moveit_msgs__rosidl_typesupport_c.dir/rosidl_typesupport_c/moveit_msgs/msg/motion_sequence_response__type_support.cpp.o[0m
[199.634s] [ 67%] [32mBuilding CXX object CMakeFiles/moveit_msgs__rosidl_typesupport_c.dir/rosidl_typesupport_c/moveit_msgs/msg/move_it_error_codes__type_support.cpp.o[0m
[199.705s] [ 67%] [32mBuilding CXX object CMakeFiles/moveit_msgs__rosidl_typesupport_c.dir/rosidl_typesupport_c/moveit_msgs/msg/trajectory_constraints__type_support.cpp.o[0m
[199.761s] [ 67%] [32mBuilding CXX object CMakeFiles/moveit_msgs__rosidl_typesupport_c.dir/rosidl_typesupport_c/moveit_msgs/msg/object_color__type_support.cpp.o[0m
[199.833s] [ 67%] [32mBuilding CXX object CMakeFiles/moveit_msgs__rosidl_typesupport_c.dir/rosidl_typesupport_c/moveit_msgs/msg/orientation_constraint__type_support.cpp.o[0m
[199.899s] [ 68%] [32mBuilding CXX object CMakeFiles/moveit_msgs__rosidl_typesupport_c.dir/rosidl_typesupport_c/moveit_msgs/msg/oriented_bounding_box__type_support.cpp.o[0m
[199.952s] [ 68%] [32mBuilding CXX object CMakeFiles/moveit_msgs__rosidl_typesupport_c.dir/rosidl_typesupport_c/moveit_msgs/msg/place_location__type_support.cpp.o[0m
[200.006s] [ 68%] [32mBuilding CXX object CMakeFiles/moveit_msgs__rosidl_typesupport_c.dir/rosidl_typesupport_c/moveit_msgs/msg/planner_interface_description__type_support.cpp.o[0m
[200.057s] [ 68%] [32mBuilding CXX object CMakeFiles/moveit_msgs__rosidl_typesupport_c.dir/rosidl_typesupport_c/moveit_msgs/msg/planner_params__type_support.cpp.o[0m
[200.117s] [ 68%] [32mBuilding CXX object CMakeFiles/moveit_msgs__rosidl_typesupport_c.dir/rosidl_typesupport_c/moveit_msgs/msg/planning_scene__type_support.cpp.o[0m
[200.175s] [ 68%] [32mBuilding CXX object CMakeFiles/moveit_msgs__rosidl_typesupport_c.dir/rosidl_typesupport_c/moveit_msgs/msg/planning_scene_components__type_support.cpp.o[0m
[200.230s] [ 68%] [32mBuilding CXX object CMakeFiles/moveit_msgs__rosidl_typesupport_c.dir/rosidl_typesupport_c/moveit_msgs/msg/planning_scene_world__type_support.cpp.o[0m
[200.289s] [ 69%] [32mBuilding CXX object CMakeFiles/moveit_msgs__rosidl_typesupport_c.dir/rosidl_typesupport_c/moveit_msgs/msg/planning_options__type_support.cpp.o[0m
[200.356s] [ 69%] [32mBuilding CXX object CMakeFiles/moveit_msgs__rosidl_typesupport_c.dir/rosidl_typesupport_c/moveit_msgs/msg/position_constraint__type_support.cpp.o[0m
[200.428s] [ 69%] [32mBuilding CXX object CMakeFiles/moveit_msgs__rosidl_typesupport_c.dir/rosidl_typesupport_c/moveit_msgs/msg/robot_state__type_support.cpp.o[0m
[200.505s] [ 69%] [32mBuilding CXX object CMakeFiles/moveit_msgs__rosidl_typesupport_c.dir/rosidl_typesupport_c/moveit_msgs/msg/robot_trajectory__type_support.cpp.o[0m
[200.569s] [ 69%] [32mBuilding CXX object CMakeFiles/moveit_msgs__rosidl_typesupport_c.dir/rosidl_typesupport_c/moveit_msgs/msg/visibility_constraint__type_support.cpp.o[0m
[200.630s] [ 69%] [32mBuilding CXX object CMakeFiles/moveit_msgs__rosidl_typesupport_c.dir/rosidl_typesupport_c/moveit_msgs/msg/workspace_parameters__type_support.cpp.o[0m
[200.695s] [ 70%] [32mBuilding CXX object CMakeFiles/moveit_msgs__rosidl_typesupport_c.dir/rosidl_typesupport_c/moveit_msgs/msg/kinematic_solver_info__type_support.cpp.o[0m
[200.762s] [ 70%] [32mBuilding CXX object CMakeFiles/moveit_msgs__rosidl_typesupport_c.dir/rosidl_typesupport_c/moveit_msgs/msg/position_ik_request__type_support.cpp.o[0m
[200.825s] [ 70%] [32mBuilding CXX object CMakeFiles/moveit_msgs__rosidl_typesupport_c.dir/rosidl_typesupport_c/moveit_msgs/srv/get_motion_plan__type_support.cpp.o[0m
[200.903s] [ 70%] [32mBuilding CXX object CMakeFiles/moveit_msgs__rosidl_typesupport_c.dir/rosidl_typesupport_c/moveit_msgs/srv/get_state_validity__type_support.cpp.o[0m
[200.973s] [ 70%] [32mBuilding CXX object CMakeFiles/moveit_msgs__rosidl_typesupport_c.dir/rosidl_typesupport_c/moveit_msgs/srv/get_cartesian_path__type_support.cpp.o[0m
[201.043s] [ 70%] [32mBuilding CXX object CMakeFiles/moveit_msgs__rosidl_typesupport_c.dir/rosidl_typesupport_c/moveit_msgs/srv/get_planning_scene__type_support.cpp.o[0m
[201.098s] [ 71%] [32mBuilding CXX object CMakeFiles/moveit_msgs__rosidl_typesupport_c.dir/rosidl_typesupport_c/moveit_msgs/srv/grasp_planning__type_support.cpp.o[0m
[201.153s] [ 71%] [32mBuilding CXX object CMakeFiles/moveit_msgs__rosidl_typesupport_c.dir/rosidl_typesupport_c/moveit_msgs/srv/apply_planning_scene__type_support.cpp.o[0m
[201.223s] [ 71%] [32mBuilding CXX object CMakeFiles/moveit_msgs__rosidl_typesupport_c.dir/rosidl_typesupport_c/moveit_msgs/srv/query_planner_interfaces__type_support.cpp.o[0m
[201.295s] [ 71%] [32mBuilding CXX object CMakeFiles/moveit_msgs__rosidl_typesupport_c.dir/rosidl_typesupport_c/moveit_msgs/srv/get_motion_sequence__type_support.cpp.o[0m
[201.362s] [ 71%] [32mBuilding CXX object CMakeFiles/moveit_msgs__rosidl_typesupport_c.dir/rosidl_typesupport_c/moveit_msgs/srv/get_position_fk__type_support.cpp.o[0m
[201.420s] [ 71%] [32mBuilding CXX object CMakeFiles/moveit_msgs__rosidl_typesupport_c.dir/rosidl_typesupport_c/moveit_msgs/srv/get_position_ik__type_support.cpp.o[0m
[201.487s] [ 71%] [32mBuilding CXX object CMakeFiles/moveit_msgs__rosidl_typesupport_c.dir/rosidl_typesupport_c/moveit_msgs/srv/get_planner_params__type_support.cpp.o[0m
[201.544s] [ 72%] [32mBuilding CXX object CMakeFiles/moveit_msgs__rosidl_typesupport_c.dir/rosidl_typesupport_c/moveit_msgs/srv/set_planner_params__type_support.cpp.o[0m
[201.604s] [ 72%] [32mBuilding CXX object CMakeFiles/moveit_msgs__rosidl_typesupport_c.dir/rosidl_typesupport_c/moveit_msgs/srv/update_pointcloud_octomap__type_support.cpp.o[0m
[201.662s] [ 72%] [32mBuilding CXX object CMakeFiles/moveit_msgs__rosidl_typesupport_c.dir/rosidl_typesupport_c/moveit_msgs/srv/save_map__type_support.cpp.o[0m
[201.733s] [ 72%] [32mBuilding CXX object CMakeFiles/moveit_msgs__rosidl_typesupport_c.dir/rosidl_typesupport_c/moveit_msgs/srv/load_map__type_support.cpp.o[0m
[201.799s] [ 72%] [32mBuilding CXX object CMakeFiles/moveit_msgs__rosidl_typesupport_c.dir/rosidl_typesupport_c/moveit_msgs/srv/save_robot_state_to_warehouse__type_support.cpp.o[0m
[201.854s] [ 72%] [32mBuilding CXX object CMakeFiles/moveit_msgs__rosidl_typesupport_c.dir/rosidl_typesupport_c/moveit_msgs/srv/list_robot_states_in_warehouse__type_support.cpp.o[0m
[201.908s] [ 73%] [32mBuilding CXX object CMakeFiles/moveit_msgs__rosidl_typesupport_c.dir/rosidl_typesupport_c/moveit_msgs/srv/get_robot_state_from_warehouse__type_support.cpp.o[0m
[201.964s] [ 73%] [32mBuilding CXX object CMakeFiles/moveit_msgs__rosidl_typesupport_c.dir/rosidl_typesupport_c/moveit_msgs/srv/check_if_robot_state_exists_in_warehouse__type_support.cpp.o[0m
[202.032s] [ 73%] [32mBuilding CXX object CMakeFiles/moveit_msgs__rosidl_typesupport_c.dir/rosidl_typesupport_c/moveit_msgs/srv/rename_robot_state_in_warehouse__type_support.cpp.o[0m
[202.094s] [ 73%] [32mBuilding CXX object CMakeFiles/moveit_msgs__rosidl_typesupport_c.dir/rosidl_typesupport_c/moveit_msgs/srv/delete_robot_state_from_warehouse__type_support.cpp.o[0m
[202.162s] [ 73%] [32mBuilding CXX object CMakeFiles/moveit_msgs__rosidl_typesupport_c.dir/rosidl_typesupport_c/moveit_msgs/srv/change_control_dimensions__type_support.cpp.o[0m
[202.222s] [ 73%] [32mBuilding CXX object CMakeFiles/moveit_msgs__rosidl_typesupport_c.dir/rosidl_typesupport_c/moveit_msgs/srv/change_drift_dimensions__type_support.cpp.o[0m
[202.279s] [ 73%] [32mBuilding CXX object CMakeFiles/moveit_msgs__rosidl_typesupport_c.dir/rosidl_typesupport_c/moveit_msgs/action/execute_trajectory__type_support.cpp.o[0m
[202.356s] [ 74%] [32mBuilding CXX object CMakeFiles/moveit_msgs__rosidl_typesupport_c.dir/rosidl_typesupport_c/moveit_msgs/action/move_group__type_support.cpp.o[0m
[202.439s] [ 74%] [32mBuilding CXX object CMakeFiles/moveit_msgs__rosidl_typesupport_c.dir/rosidl_typesupport_c/moveit_msgs/action/move_group_sequence__type_support.cpp.o[0m
[202.531s] [ 74%] [32mBuilding CXX object CMakeFiles/moveit_msgs__rosidl_typesupport_c.dir/rosidl_typesupport_c/moveit_msgs/action/pickup__type_support.cpp.o[0m
[202.600s] [ 74%] [32mBuilding CXX object CMakeFiles/moveit_msgs__rosidl_typesupport_c.dir/rosidl_typesupport_c/moveit_msgs/action/place__type_support.cpp.o[0m
[202.681s] [ 74%] [32mBuilding CXX object CMakeFiles/moveit_msgs__rosidl_typesupport_c.dir/rosidl_typesupport_c/moveit_msgs/action/local_planner__type_support.cpp.o[0m
[202.749s] [ 74%] [32mBuilding CXX object CMakeFiles/moveit_msgs__rosidl_typesupport_c.dir/rosidl_typesupport_c/moveit_msgs/action/global_planner__type_support.cpp.o[0m
[202.826s] [ 75%] [32mBuilding CXX object CMakeFiles/moveit_msgs__rosidl_typesupport_c.dir/rosidl_typesupport_c/moveit_msgs/action/hybrid_planner__type_support.cpp.o[0m
[202.928s] [ 75%] [32mBuilding CXX object CMakeFiles/moveit_msgs__rosidl_typesupport_c.dir/rosidl_typesupport_c/moveit_msgs/msg/allowed_collision_matrix__type_support.cpp.o[0m
[202.989s] [ 75%] [32m[1mLinking CXX shared library libmoveit_msgs__rosidl_typesupport_c.so[0m
[203.089s] [ 75%] Built target moveit_msgs__rosidl_typesupport_c
[203.115s] [ 76%] [34m[1mGenerating C introspection for ROS interfaces[0m
[213.019s] [ 76%] [32mBuilding C object CMakeFiles/moveit_msgs__rosidl_typesupport_introspection_c.dir/rosidl_typesupport_introspection_c/moveit_msgs/msg/detail/allowed_collision_entry__type_support.c.o[0m
[213.074s] [ 76%] [32mBuilding C object CMakeFiles/moveit_msgs__rosidl_typesupport_introspection_c.dir/rosidl_typesupport_introspection_c/moveit_msgs/msg/detail/bounding_volume__type_support.c.o[0m
[213.199s] [ 76%] [32mBuilding C object CMakeFiles/moveit_msgs__rosidl_typesupport_introspection_c.dir/rosidl_typesupport_introspection_c/moveit_msgs/msg/detail/cartesian_point__type_support.c.o[0m
[213.272s] [ 77%] [32mBuilding C object CMakeFiles/moveit_msgs__rosidl_typesupport_introspection_c.dir/rosidl_typesupport_introspection_c/moveit_msgs/msg/detail/cartesian_trajectory__type_support.c.o[0m
[213.340s] [ 77%] [32mBuilding C object CMakeFiles/moveit_msgs__rosidl_typesupport_introspection_c.dir/rosidl_typesupport_introspection_c/moveit_msgs/msg/detail/cartesian_trajectory_point__type_support.c.o[0m
[213.409s] [ 77%] [32mBuilding C object CMakeFiles/moveit_msgs__rosidl_typesupport_introspection_c.dir/rosidl_typesupport_introspection_c/moveit_msgs/msg/detail/collision_object__type_support.c.o[0m
[213.524s] [ 77%] [32mBuilding C object CMakeFiles/moveit_msgs__rosidl_typesupport_introspection_c.dir/rosidl_typesupport_introspection_c/moveit_msgs/msg/detail/constraint_eval_result__type_support.c.o[0m
[213.586s] [ 77%] [32mBuilding C object CMakeFiles/moveit_msgs__rosidl_typesupport_introspection_c.dir/rosidl_typesupport_introspection_c/moveit_msgs/msg/detail/constraints__type_support.c.o[0m
[213.672s] [ 77%] [32mBuilding C object CMakeFiles/moveit_msgs__rosidl_typesupport_introspection_c.dir/rosidl_typesupport_introspection_c/moveit_msgs/msg/detail/cost_source__type_support.c.o[0m
[213.742s] [ 77%] [32mBuilding C object CMakeFiles/moveit_msgs__rosidl_typesupport_introspection_c.dir/rosidl_typesupport_introspection_c/moveit_msgs/msg/detail/contact_information__type_support.c.o[0m
[213.796s] [ 78%] [32mBuilding C object CMakeFiles/moveit_msgs__rosidl_typesupport_introspection_c.dir/rosidl_typesupport_introspection_c/moveit_msgs/msg/detail/display_trajectory__type_support.c.o[0m
[213.857s] [ 78%] [32mBuilding C object CMakeFiles/moveit_msgs__rosidl_typesupport_introspection_c.dir/rosidl_typesupport_introspection_c/moveit_msgs/msg/detail/display_robot_state__type_support.c.o[0m
[213.928s] [ 78%] [32mBuilding C object CMakeFiles/moveit_msgs__rosidl_typesupport_introspection_c.dir/rosidl_typesupport_introspection_c/moveit_msgs/msg/detail/generic_trajectory__type_support.c.o[0m
[214.009s] [ 78%] [32mBuilding C object CMakeFiles/moveit_msgs__rosidl_typesupport_introspection_c.dir/rosidl_typesupport_introspection_c/moveit_msgs/msg/detail/grasp__type_support.c.o[0m
[214.095s] [ 78%] [32mBuilding C object CMakeFiles/moveit_msgs__rosidl_typesupport_introspection_c.dir/rosidl_typesupport_introspection_c/moveit_msgs/msg/detail/gripper_translation__type_support.c.o[0m
[214.165s] [ 78%] [32mBuilding C object CMakeFiles/moveit_msgs__rosidl_typesupport_introspection_c.dir/rosidl_typesupport_introspection_c/moveit_msgs/msg/detail/joint_constraint__type_support.c.o[0m
[214.218s] [ 79%] [32mBuilding C object CMakeFiles/moveit_msgs__rosidl_typesupport_introspection_c.dir/rosidl_typesupport_introspection_c/moveit_msgs/msg/detail/joint_limits__type_support.c.o[0m
[214.288s] [ 79%] [32mBuilding C object CMakeFiles/moveit_msgs__rosidl_typesupport_introspection_c.dir/rosidl_typesupport_introspection_c/moveit_msgs/msg/detail/link_padding__type_support.c.o[0m
[214.352s] [ 79%] [32mBuilding C object CMakeFiles/moveit_msgs__rosidl_typesupport_introspection_c.dir/rosidl_typesupport_introspection_c/moveit_msgs/msg/detail/link_scale__type_support.c.o[0m
[214.410s] [ 79%] [32mBuilding C object CMakeFiles/moveit_msgs__rosidl_typesupport_introspection_c.dir/rosidl_typesupport_introspection_c/moveit_msgs/msg/detail/motion_plan_request__type_support.c.o[0m
[214.489s] [ 79%] [32mBuilding C object CMakeFiles/moveit_msgs__rosidl_typesupport_introspection_c.dir/rosidl_typesupport_introspection_c/moveit_msgs/msg/detail/motion_plan_response__type_support.c.o[0m
[214.557s] [ 79%] [32mBuilding C object CMakeFiles/moveit_msgs__rosidl_typesupport_introspection_c.dir/rosidl_typesupport_introspection_c/moveit_msgs/msg/detail/motion_plan_detailed_response__type_support.c.o[0m
[214.641s] [ 80%] [32mBuilding C object CMakeFiles/moveit_msgs__rosidl_typesupport_introspection_c.dir/rosidl_typesupport_introspection_c/moveit_msgs/msg/detail/motion_sequence_item__type_support.c.o[0m
[214.701s] [ 80%] [32mBuilding C object CMakeFiles/moveit_msgs__rosidl_typesupport_introspection_c.dir/rosidl_typesupport_introspection_c/moveit_msgs/msg/detail/motion_sequence_request__type_support.c.o[0m
[214.772s] [ 80%] [32mBuilding C object CMakeFiles/moveit_msgs__rosidl_typesupport_introspection_c.dir/rosidl_typesupport_introspection_c/moveit_msgs/msg/detail/motion_sequence_response__type_support.c.o[0m
[214.834s] [ 80%] [32mBuilding C object CMakeFiles/moveit_msgs__rosidl_typesupport_introspection_c.dir/rosidl_typesupport_introspection_c/moveit_msgs/msg/detail/move_it_error_codes__type_support.c.o[0m
[214.898s] [ 80%] [32mBuilding C object CMakeFiles/moveit_msgs__rosidl_typesupport_introspection_c.dir/rosidl_typesupport_introspection_c/moveit_msgs/msg/detail/trajectory_constraints__type_support.c.o[0m
[214.973s] [ 80%] [32mBuilding C object CMakeFiles/moveit_msgs__rosidl_typesupport_introspection_c.dir/rosidl_typesupport_introspection_c/moveit_msgs/msg/detail/object_color__type_support.c.o[0m
[215.042s] [ 80%] [32mBuilding C object CMakeFiles/moveit_msgs__rosidl_typesupport_introspection_c.dir/rosidl_typesupport_introspection_c/moveit_msgs/msg/detail/orientation_constraint__type_support.c.o[0m
[215.123s] [ 81%] [32mBuilding C object CMakeFiles/moveit_msgs__rosidl_typesupport_introspection_c.dir/rosidl_typesupport_introspection_c/moveit_msgs/msg/detail/oriented_bounding_box__type_support.c.o[0m
[215.179s] [ 81%] [32mBuilding C object CMakeFiles/moveit_msgs__rosidl_typesupport_introspection_c.dir/rosidl_typesupport_introspection_c/moveit_msgs/msg/detail/place_location__type_support.c.o[0m
[215.267s] [ 81%] [32mBuilding C object CMakeFiles/moveit_msgs__rosidl_typesupport_introspection_c.dir/rosidl_typesupport_introspection_c/moveit_msgs/msg/detail/planner_interface_description__type_support.c.o[0m
[215.340s] [ 81%] [32mBuilding C object CMakeFiles/moveit_msgs__rosidl_typesupport_introspection_c.dir/rosidl_typesupport_introspection_c/moveit_msgs/msg/detail/planner_params__type_support.c.o[0m
[215.414s] [ 81%] [32mBuilding C object CMakeFiles/moveit_msgs__rosidl_typesupport_introspection_c.dir/rosidl_typesupport_introspection_c/moveit_msgs/msg/detail/planning_scene__type_support.c.o[0m
[215.509s] [ 81%] [32mBuilding C object CMakeFiles/moveit_msgs__rosidl_typesupport_introspection_c.dir/rosidl_typesupport_introspection_c/moveit_msgs/msg/detail/planning_scene_components__type_support.c.o[0m
[215.573s] [ 82%] [32mBuilding C object CMakeFiles/moveit_msgs__rosidl_typesupport_introspection_c.dir/rosidl_typesupport_introspection_c/moveit_msgs/msg/detail/planning_scene_world__type_support.c.o[0m
[215.640s] [ 82%] [32mBuilding C object CMakeFiles/moveit_msgs__rosidl_typesupport_introspection_c.dir/rosidl_typesupport_introspection_c/moveit_msgs/msg/detail/planning_options__type_support.c.o[0m
[215.716s] [ 82%] [32mBuilding C object CMakeFiles/moveit_msgs__rosidl_typesupport_introspection_c.dir/rosidl_typesupport_introspection_c/moveit_msgs/msg/detail/position_constraint__type_support.c.o[0m
[215.779s] [ 82%] [32mBuilding C object CMakeFiles/moveit_msgs__rosidl_typesupport_introspection_c.dir/rosidl_typesupport_introspection_c/moveit_msgs/msg/detail/robot_state__type_support.c.o[0m
[215.859s] [ 82%] [32mBuilding C object CMakeFiles/moveit_msgs__rosidl_typesupport_introspection_c.dir/rosidl_typesupport_introspection_c/moveit_msgs/msg/detail/robot_trajectory__type_support.c.o[0m
[215.930s] [ 82%] [32mBuilding C object CMakeFiles/moveit_msgs__rosidl_typesupport_introspection_c.dir/rosidl_typesupport_introspection_c/moveit_msgs/msg/detail/visibility_constraint__type_support.c.o[0m
[215.991s] [ 83%] [32mBuilding C object CMakeFiles/moveit_msgs__rosidl_typesupport_introspection_c.dir/rosidl_typesupport_introspection_c/moveit_msgs/msg/detail/workspace_parameters__type_support.c.o[0m
[216.051s] [ 83%] [32mBuilding C object CMakeFiles/moveit_msgs__rosidl_typesupport_introspection_c.dir/rosidl_typesupport_introspection_c/moveit_msgs/msg/detail/kinematic_solver_info__type_support.c.o[0m
[216.136s] [ 83%] [32mBuilding C object CMakeFiles/moveit_msgs__rosidl_typesupport_introspection_c.dir/rosidl_typesupport_introspection_c/moveit_msgs/msg/detail/position_ik_request__type_support.c.o[0m
[216.219s] [ 83%] [32mBuilding C object CMakeFiles/moveit_msgs__rosidl_typesupport_introspection_c.dir/rosidl_typesupport_introspection_c/moveit_msgs/srv/detail/get_motion_plan__type_support.c.o[0m
[216.286s] [ 83%] [32mBuilding C object CMakeFiles/moveit_msgs__rosidl_typesupport_introspection_c.dir/rosidl_typesupport_introspection_c/moveit_msgs/srv/detail/get_state_validity__type_support.c.o[0m
[216.380s] [ 83%] [32mBuilding C object CMakeFiles/moveit_msgs__rosidl_typesupport_introspection_c.dir/rosidl_typesupport_introspection_c/moveit_msgs/srv/detail/get_cartesian_path__type_support.c.o[0m
[216.459s] [ 83%] [32mBuilding C object CMakeFiles/moveit_msgs__rosidl_typesupport_introspection_c.dir/rosidl_typesupport_introspection_c/moveit_msgs/srv/detail/get_planning_scene__type_support.c.o[0m
[216.515s] [ 84%] [32mBuilding C object CMakeFiles/moveit_msgs__rosidl_typesupport_introspection_c.dir/rosidl_typesupport_introspection_c/moveit_msgs/srv/detail/grasp_planning__type_support.c.o[0m
[216.619s] [ 84%] [32mBuilding C object CMakeFiles/moveit_msgs__rosidl_typesupport_introspection_c.dir/rosidl_typesupport_introspection_c/moveit_msgs/srv/detail/apply_planning_scene__type_support.c.o[0m
[216.688s] [ 84%] [32mBuilding C object CMakeFiles/moveit_msgs__rosidl_typesupport_introspection_c.dir/rosidl_typesupport_introspection_c/moveit_msgs/srv/detail/query_planner_interfaces__type_support.c.o[0m
[216.756s] [ 84%] [32mBuilding C object CMakeFiles/moveit_msgs__rosidl_typesupport_introspection_c.dir/rosidl_typesupport_introspection_c/moveit_msgs/srv/detail/get_motion_sequence__type_support.c.o[0m
[216.831s] [ 84%] [32mBuilding C object CMakeFiles/moveit_msgs__rosidl_typesupport_introspection_c.dir/rosidl_typesupport_introspection_c/moveit_msgs/srv/detail/get_position_fk__type_support.c.o[0m
[216.917s] [ 84%] [32mBuilding C object CMakeFiles/moveit_msgs__rosidl_typesupport_introspection_c.dir/rosidl_typesupport_introspection_c/moveit_msgs/srv/detail/get_position_ik__type_support.c.o[0m
[216.993s] [ 85%] [32mBuilding C object CMakeFiles/moveit_msgs__rosidl_typesupport_introspection_c.dir/rosidl_typesupport_introspection_c/moveit_msgs/srv/detail/get_planner_params__type_support.c.o[0m
[217.056s] [ 85%] [32mBuilding C object CMakeFiles/moveit_msgs__rosidl_typesupport_introspection_c.dir/rosidl_typesupport_introspection_c/moveit_msgs/srv/detail/set_planner_params__type_support.c.o[0m
[217.118s] [ 85%] [32mBuilding C object CMakeFiles/moveit_msgs__rosidl_typesupport_introspection_c.dir/rosidl_typesupport_introspection_c/moveit_msgs/srv/detail/update_pointcloud_octomap__type_support.c.o[0m
[217.186s] [ 85%] [32mBuilding C object CMakeFiles/moveit_msgs__rosidl_typesupport_introspection_c.dir/rosidl_typesupport_introspection_c/moveit_msgs/srv/detail/save_map__type_support.c.o[0m
[217.250s] [ 85%] [32mBuilding C object CMakeFiles/moveit_msgs__rosidl_typesupport_introspection_c.dir/rosidl_typesupport_introspection_c/moveit_msgs/srv/detail/load_map__type_support.c.o[0m
[217.325s] [ 85%] [32mBuilding C object CMakeFiles/moveit_msgs__rosidl_typesupport_introspection_c.dir/rosidl_typesupport_introspection_c/moveit_msgs/srv/detail/save_robot_state_to_warehouse__type_support.c.o[0m
[217.391s] [ 85%] [32mBuilding C object CMakeFiles/moveit_msgs__rosidl_typesupport_introspection_c.dir/rosidl_typesupport_introspection_c/moveit_msgs/srv/detail/list_robot_states_in_warehouse__type_support.c.o[0m
[217.459s] [ 86%] [32mBuilding C object CMakeFiles/moveit_msgs__rosidl_typesupport_introspection_c.dir/rosidl_typesupport_introspection_c/moveit_msgs/srv/detail/get_robot_state_from_warehouse__type_support.c.o[0m
[217.538s] [ 86%] [32mBuilding C object CMakeFiles/moveit_msgs__rosidl_typesupport_introspection_c.dir/rosidl_typesupport_introspection_c/moveit_msgs/srv/detail/check_if_robot_state_exists_in_warehouse__type_support.c.o[0m
[217.605s] [ 86%] [32mBuilding C object CMakeFiles/moveit_msgs__rosidl_typesupport_introspection_c.dir/rosidl_typesupport_introspection_c/moveit_msgs/srv/detail/rename_robot_state_in_warehouse__type_support.c.o[0m
[217.671s] [ 86%] [32mBuilding C object CMakeFiles/moveit_msgs__rosidl_typesupport_introspection_c.dir/rosidl_typesupport_introspection_c/moveit_msgs/srv/detail/delete_robot_state_from_warehouse__type_support.c.o[0m
[217.746s] [ 86%] [32mBuilding C object CMakeFiles/moveit_msgs__rosidl_typesupport_introspection_c.dir/rosidl_typesupport_introspection_c/moveit_msgs/srv/detail/change_control_dimensions__type_support.c.o[0m
[217.810s] [ 86%] [32mBuilding C object CMakeFiles/moveit_msgs__rosidl_typesupport_introspection_c.dir/rosidl_typesupport_introspection_c/moveit_msgs/srv/detail/change_drift_dimensions__type_support.c.o[0m
[217.872s] [ 87%] [32mBuilding C object CMakeFiles/moveit_msgs__rosidl_typesupport_introspection_c.dir/rosidl_typesupport_introspection_c/moveit_msgs/action/detail/execute_trajectory__type_support.c.o[0m
[217.965s] [ 87%] [32mBuilding C object CMakeFiles/moveit_msgs__rosidl_typesupport_introspection_c.dir/rosidl_typesupport_introspection_c/moveit_msgs/action/detail/move_group__type_support.c.o[0m
[218.072s] [ 87%] [32mBuilding C object CMakeFiles/moveit_msgs__rosidl_typesupport_introspection_c.dir/rosidl_typesupport_introspection_c/moveit_msgs/action/detail/move_group_sequence__type_support.c.o[0m
[218.181s] [ 87%] [32mBuilding C object CMakeFiles/moveit_msgs__rosidl_typesupport_introspection_c.dir/rosidl_typesupport_introspection_c/moveit_msgs/action/detail/pickup__type_support.c.o[0m
[218.315s] [ 87%] [32mBuilding C object CMakeFiles/moveit_msgs__rosidl_typesupport_introspection_c.dir/rosidl_typesupport_introspection_c/moveit_msgs/action/detail/place__type_support.c.o[0m
[218.439s] [ 87%] [32mBuilding C object CMakeFiles/moveit_msgs__rosidl_typesupport_introspection_c.dir/rosidl_typesupport_introspection_c/moveit_msgs/action/detail/local_planner__type_support.c.o[0m
[218.539s] [ 88%] [32mBuilding C object CMakeFiles/moveit_msgs__rosidl_typesupport_introspection_c.dir/rosidl_typesupport_introspection_c/moveit_msgs/action/detail/global_planner__type_support.c.o[0m
[218.623s] [ 88%] [32mBuilding C object CMakeFiles/moveit_msgs__rosidl_typesupport_introspection_c.dir/rosidl_typesupport_introspection_c/moveit_msgs/action/detail/hybrid_planner__type_support.c.o[0m
[218.720s] [ 88%] [32mBuilding C object CMakeFiles/moveit_msgs__rosidl_typesupport_introspection_c.dir/rosidl_typesupport_introspection_c/moveit_msgs/msg/detail/attached_collision_object__type_support.c.o[0m
[218.789s] [ 88%] [32mBuilding C object CMakeFiles/moveit_msgs__rosidl_typesupport_introspection_c.dir/rosidl_typesupport_introspection_c/moveit_msgs/msg/detail/allowed_collision_matrix__type_support.c.o[0m
[218.876s] [ 88%] [32m[1mLinking C shared library libmoveit_msgs__rosidl_typesupport_introspection_c.so[0m
[218.969s] [ 88%] Built target moveit_msgs__rosidl_typesupport_introspection_c
[219.013s] [ 88%] Built target moveit_msgs
[219.064s] [ 88%] [34m[1mGenerating Python code for ROS interfaces[0m
[235.904s] [ 88%] Built target moveit_msgs__py
[235.950s] [ 88%] [32mBuilding C object CMakeFiles/moveit_msgs__rosidl_generator_py.dir/rosidl_generator_py/moveit_msgs/msg/_bounding_volume_s.c.o[0m
[235.950s] [ 89%] [32mBuilding C object CMakeFiles/moveit_msgs__rosidl_generator_py.dir/rosidl_generator_py/moveit_msgs/msg/_attached_collision_object_s.c.o[0m
[235.952s] [ 89%] [32mBuilding C object CMakeFiles/moveit_msgs__rosidl_generator_py.dir/rosidl_generator_py/moveit_msgs/msg/_allowed_collision_entry_s.c.o[0m
[235.952s] [ 89%] [32mBuilding C object CMakeFiles/moveit_msgs__rosidl_generator_py.dir/rosidl_generator_py/moveit_msgs/msg/_allowed_collision_matrix_s.c.o[0m
[236.168s] [ 89%] [32mBuilding C object CMakeFiles/moveit_msgs__rosidl_generator_py.dir/rosidl_generator_py/moveit_msgs/msg/_cartesian_point_s.c.o[0m
[236.174s] [ 89%] [32mBuilding C object CMakeFiles/moveit_msgs__rosidl_generator_py.dir/rosidl_generator_py/moveit_msgs/msg/_cartesian_trajectory_s.c.o[0m
[236.212s] [ 89%] [32mBuilding C object CMakeFiles/moveit_msgs__rosidl_generator_py.dir/rosidl_generator_py/moveit_msgs/msg/_cartesian_trajectory_point_s.c.o[0m
[236.233s] [ 89%] [32mBuilding C object CMakeFiles/moveit_msgs__rosidl_generator_py.dir/rosidl_generator_py/moveit_msgs/msg/_collision_object_s.c.o[0m
[236.362s] [ 90%] [32mBuilding C object CMakeFiles/moveit_msgs__rosidl_generator_py.dir/rosidl_generator_py/moveit_msgs/msg/_constraint_eval_result_s.c.o[0m
[236.415s] [ 90%] [32mBuilding C object CMakeFiles/moveit_msgs__rosidl_generator_py.dir/rosidl_generator_py/moveit_msgs/msg/_constraints_s.c.o[0m
[236.427s] [ 90%] [32mBuilding C object CMakeFiles/moveit_msgs__rosidl_generator_py.dir/rosidl_generator_py/moveit_msgs/msg/_cost_source_s.c.o[0m
[236.545s] [ 90%] [32mBuilding C object CMakeFiles/moveit_msgs__rosidl_generator_py.dir/rosidl_generator_py/moveit_msgs/msg/_contact_information_s.c.o[0m
[236.565s] [ 90%] [32mBuilding C object CMakeFiles/moveit_msgs__rosidl_generator_py.dir/rosidl_generator_py/moveit_msgs/msg/_display_trajectory_s.c.o[0m
[236.585s] [ 90%] [32mBuilding C object CMakeFiles/moveit_msgs__rosidl_generator_py.dir/rosidl_generator_py/moveit_msgs/msg/_display_robot_state_s.c.o[0m
[236.714s] [ 91%] [32mBuilding C object CMakeFiles/moveit_msgs__rosidl_generator_py.dir/rosidl_generator_py/moveit_msgs/msg/_generic_trajectory_s.c.o[0m
[236.758s] [ 91%] [32mBuilding C object CMakeFiles/moveit_msgs__rosidl_generator_py.dir/rosidl_generator_py/moveit_msgs/msg/_grasp_s.c.o[0m
[236.788s] [ 91%] [32mBuilding C object CMakeFiles/moveit_msgs__rosidl_generator_py.dir/rosidl_generator_py/moveit_msgs/msg/_gripper_translation_s.c.o[0m
[236.794s] [ 91%] [32mBuilding C object CMakeFiles/moveit_msgs__rosidl_generator_py.dir/rosidl_generator_py/moveit_msgs/msg/_joint_constraint_s.c.o[0m
[236.921s] [ 91%] [32mBuilding C object CMakeFiles/moveit_msgs__rosidl_generator_py.dir/rosidl_generator_py/moveit_msgs/msg/_joint_limits_s.c.o[0m
[236.975s] [ 91%] [32mBuilding C object CMakeFiles/moveit_msgs__rosidl_generator_py.dir/rosidl_generator_py/moveit_msgs/msg/_link_padding_s.c.o[0m
[236.989s] [ 91%] [32mBuilding C object CMakeFiles/moveit_msgs__rosidl_generator_py.dir/rosidl_generator_py/moveit_msgs/msg/_link_scale_s.c.o[0m
[236.997s] [ 92%] [32mBuilding C object CMakeFiles/moveit_msgs__rosidl_generator_py.dir/rosidl_generator_py/moveit_msgs/msg/_motion_plan_request_s.c.o[0m
[237.128s] [ 92%] [32mBuilding C object CMakeFiles/moveit_msgs__rosidl_generator_py.dir/rosidl_generator_py/moveit_msgs/msg/_motion_plan_response_s.c.o[0m
[237.149s] [ 92%] [32mBuilding C object CMakeFiles/moveit_msgs__rosidl_generator_py.dir/rosidl_generator_py/moveit_msgs/msg/_motion_plan_detailed_response_s.c.o[0m
[237.172s] [ 92%] [32mBuilding C object CMakeFiles/moveit_msgs__rosidl_generator_py.dir/rosidl_generator_py/moveit_msgs/msg/_motion_sequence_item_s.c.o[0m
[237.318s] [ 92%] [32mBuilding C object CMakeFiles/moveit_msgs__rosidl_generator_py.dir/rosidl_generator_py/moveit_msgs/msg/_motion_sequence_request_s.c.o[0m
[237.319s] [ 92%] [32mBuilding C object CMakeFiles/moveit_msgs__rosidl_generator_py.dir/rosidl_generator_py/moveit_msgs/msg/_motion_sequence_response_s.c.o[0m
[237.334s] [ 93%] [32mBuilding C object CMakeFiles/moveit_msgs__rosidl_generator_py.dir/rosidl_generator_py/moveit_msgs/msg/_move_it_error_codes_s.c.o[0m
[237.390s] [ 93%] [32mBuilding C object CMakeFiles/moveit_msgs__rosidl_generator_py.dir/rosidl_generator_py/moveit_msgs/msg/_trajectory_constraints_s.c.o[0m
[237.515s] [ 93%] [32mBuilding C object CMakeFiles/moveit_msgs__rosidl_generator_py.dir/rosidl_generator_py/moveit_msgs/msg/_object_color_s.c.o[0m
[237.531s] [ 93%] [32mBuilding C object CMakeFiles/moveit_msgs__rosidl_generator_py.dir/rosidl_generator_py/moveit_msgs/msg/_orientation_constraint_s.c.o[0m
[237.590s] [ 93%] [32mBuilding C object CMakeFiles/moveit_msgs__rosidl_generator_py.dir/rosidl_generator_py/moveit_msgs/msg/_oriented_bounding_box_s.c.o[0m
[237.593s] [ 93%] [32mBuilding C object CMakeFiles/moveit_msgs__rosidl_generator_py.dir/rosidl_generator_py/moveit_msgs/msg/_place_location_s.c.o[0m
[237.702s] [ 93%] [32mBuilding C object CMakeFiles/moveit_msgs__rosidl_generator_py.dir/rosidl_generator_py/moveit_msgs/msg/_planner_interface_description_s.c.o[0m
[237.736s] [ 94%] [32mBuilding C object CMakeFiles/moveit_msgs__rosidl_generator_py.dir/rosidl_generator_py/moveit_msgs/msg/_planner_params_s.c.o[0m
[237.759s] [ 94%] [32mBuilding C object CMakeFiles/moveit_msgs__rosidl_generator_py.dir/rosidl_generator_py/moveit_msgs/msg/_planning_scene_s.c.o[0m
[237.785s] [ 94%] [32mBuilding C object CMakeFiles/moveit_msgs__rosidl_generator_py.dir/rosidl_generator_py/moveit_msgs/msg/_planning_scene_components_s.c.o[0m
[237.892s] [ 94%] [32mBuilding C object CMakeFiles/moveit_msgs__rosidl_generator_py.dir/rosidl_generator_py/moveit_msgs/msg/_planning_scene_world_s.c.o[0m
[237.933s] [ 94%] [32mBuilding C object CMakeFiles/moveit_msgs__rosidl_generator_py.dir/rosidl_generator_py/moveit_msgs/msg/_planning_options_s.c.o[0m
[237.947s] [ 94%] [32mBuilding C object CMakeFiles/moveit_msgs__rosidl_generator_py.dir/rosidl_generator_py/moveit_msgs/msg/_position_constraint_s.c.o[0m
[238.001s] [ 95%] [32mBuilding C object CMakeFiles/moveit_msgs__rosidl_generator_py.dir/rosidl_generator_py/moveit_msgs/msg/_robot_state_s.c.o[0m
[238.101s] [ 95%] [32mBuilding C object CMakeFiles/moveit_msgs__rosidl_generator_py.dir/rosidl_generator_py/moveit_msgs/msg/_robot_trajectory_s.c.o[0m
[238.153s] [ 95%] [32mBuilding C object CMakeFiles/moveit_msgs__rosidl_generator_py.dir/rosidl_generator_py/moveit_msgs/msg/_visibility_constraint_s.c.o[0m
[238.182s] [ 95%] [32mBuilding C object CMakeFiles/moveit_msgs__rosidl_generator_py.dir/rosidl_generator_py/moveit_msgs/msg/_workspace_parameters_s.c.o[0m
[238.218s] [ 95%] [32mBuilding C object CMakeFiles/moveit_msgs__rosidl_generator_py.dir/rosidl_generator_py/moveit_msgs/msg/_kinematic_solver_info_s.c.o[0m
[238.273s] [ 95%] [32mBuilding C object CMakeFiles/moveit_msgs__rosidl_generator_py.dir/rosidl_generator_py/moveit_msgs/msg/_position_ik_request_s.c.o[0m
[238.330s] [ 96%] [32mBuilding C object CMakeFiles/moveit_msgs__rosidl_generator_py.dir/rosidl_generator_py/moveit_msgs/srv/_get_motion_plan_s.c.o[0m
[238.350s] [ 96%] [32mBuilding C object CMakeFiles/moveit_msgs__rosidl_generator_py.dir/rosidl_generator_py/moveit_msgs/srv/_get_state_validity_s.c.o[0m
[238.458s] [ 96%] [32mBuilding C object CMakeFiles/moveit_msgs__rosidl_generator_py.dir/rosidl_generator_py/moveit_msgs/srv/_get_cartesian_path_s.c.o[0m
[238.532s] [ 96%] [32mBuilding C object CMakeFiles/moveit_msgs__rosidl_generator_py.dir/rosidl_generator_py/moveit_msgs/srv/_get_planning_scene_s.c.o[0m
[238.540s] [ 96%] [32mBuilding C object CMakeFiles/moveit_msgs__rosidl_generator_py.dir/rosidl_generator_py/moveit_msgs/srv/_grasp_planning_s.c.o[0m
[238.602s] [ 96%] [32mBuilding C object CMakeFiles/moveit_msgs__rosidl_generator_py.dir/rosidl_generator_py/moveit_msgs/srv/_apply_planning_scene_s.c.o[0m
[238.707s] [ 96%] [32mBuilding C object CMakeFiles/moveit_msgs__rosidl_generator_py.dir/rosidl_generator_py/moveit_msgs/srv/_query_planner_interfaces_s.c.o[0m
[238.727s] [ 97%] [32mBuilding C object CMakeFiles/moveit_msgs__rosidl_generator_py.dir/rosidl_generator_py/moveit_msgs/srv/_get_motion_sequence_s.c.o[0m
[238.794s] [ 97%] [32mBuilding C object CMakeFiles/moveit_msgs__rosidl_generator_py.dir/rosidl_generator_py/moveit_msgs/srv/_get_position_fk_s.c.o[0m
[238.831s] [ 97%] [32mBuilding C object CMakeFiles/moveit_msgs__rosidl_generator_py.dir/rosidl_generator_py/moveit_msgs/srv/_get_position_ik_s.c.o[0m
[238.933s] [ 97%] [32mBuilding C object CMakeFiles/moveit_msgs__rosidl_generator_py.dir/rosidl_generator_py/moveit_msgs/srv/_get_planner_params_s.c.o[0m
[238.955s] [ 97%] [32mBuilding C object CMakeFiles/moveit_msgs__rosidl_generator_py.dir/rosidl_generator_py/moveit_msgs/srv/_set_planner_params_s.c.o[0m
[239.021s] [ 97%] [32mBuilding C object CMakeFiles/moveit_msgs__rosidl_generator_py.dir/rosidl_generator_py/moveit_msgs/srv/_update_pointcloud_octomap_s.c.o[0m
[239.058s] [ 98%] [32mBuilding C object CMakeFiles/moveit_msgs__rosidl_generator_py.dir/rosidl_generator_py/moveit_msgs/srv/_save_map_s.c.o[0m
[239.144s] [ 98%] [32mBuilding C object CMakeFiles/moveit_msgs__rosidl_generator_py.dir/rosidl_generator_py/moveit_msgs/srv/_load_map_s.c.o[0m
[239.167s] [ 98%] [32mBuilding C object CMakeFiles/moveit_msgs__rosidl_generator_py.dir/rosidl_generator_py/moveit_msgs/srv/_save_robot_state_to_warehouse_s.c.o[0m
[239.205s] [ 98%] [32mBuilding C object CMakeFiles/moveit_msgs__rosidl_generator_py.dir/rosidl_generator_py/moveit_msgs/srv/_list_robot_states_in_warehouse_s.c.o[0m
[239.244s] [ 98%] [32mBuilding C object CMakeFiles/moveit_msgs__rosidl_generator_py.dir/rosidl_generator_py/moveit_msgs/srv/_get_robot_state_from_warehouse_s.c.o[0m
[239.321s] [ 98%] [32mBuilding C object CMakeFiles/moveit_msgs__rosidl_generator_py.dir/rosidl_generator_py/moveit_msgs/srv/_check_if_robot_state_exists_in_warehouse_s.c.o[0m
[239.384s] [ 99%] [32mBuilding C object CMakeFiles/moveit_msgs__rosidl_generator_py.dir/rosidl_generator_py/moveit_msgs/srv/_rename_robot_state_in_warehouse_s.c.o[0m
[239.419s] [ 99%] [32mBuilding C object CMakeFiles/moveit_msgs__rosidl_generator_py.dir/rosidl_generator_py/moveit_msgs/srv/_delete_robot_state_from_warehouse_s.c.o[0m
[239.435s] [ 99%] [32mBuilding C object CMakeFiles/moveit_msgs__rosidl_generator_py.dir/rosidl_generator_py/moveit_msgs/srv/_change_control_dimensions_s.c.o[0m
[239.500s] [ 99%] [32mBuilding C object CMakeFiles/moveit_msgs__rosidl_generator_py.dir/rosidl_generator_py/moveit_msgs/srv/_change_drift_dimensions_s.c.o[0m
[239.608s] [ 99%] [32mBuilding C object CMakeFiles/moveit_msgs__rosidl_generator_py.dir/rosidl_generator_py/moveit_msgs/action/_execute_trajectory_s.c.o[0m
[239.641s] [ 99%] [32mBuilding C object CMakeFiles/moveit_msgs__rosidl_generator_py.dir/rosidl_generator_py/moveit_msgs/action/_move_group_s.c.o[0m
[239.690s] [ 99%] [32mBuilding C object CMakeFiles/moveit_msgs__rosidl_generator_py.dir/rosidl_generator_py/moveit_msgs/action/_move_group_sequence_s.c.o[0m
[239.805s] [100%] [32mBuilding C object CMakeFiles/moveit_msgs__rosidl_generator_py.dir/rosidl_generator_py/moveit_msgs/action/_pickup_s.c.o[0m
[240.016s] [100%] [32mBuilding C object CMakeFiles/moveit_msgs__rosidl_generator_py.dir/rosidl_generator_py/moveit_msgs/action/_place_s.c.o[0m
[240.079s] [100%] [32mBuilding C object CMakeFiles/moveit_msgs__rosidl_generator_py.dir/rosidl_generator_py/moveit_msgs/action/_local_planner_s.c.o[0m
[240.088s] [100%] [32mBuilding C object CMakeFiles/moveit_msgs__rosidl_generator_py.dir/rosidl_generator_py/moveit_msgs/action/_global_planner_s.c.o[0m
[240.369s] [100%] [32mBuilding C object CMakeFiles/moveit_msgs__rosidl_generator_py.dir/rosidl_generator_py/moveit_msgs/action/_hybrid_planner_s.c.o[0m
[240.685s] [100%] [32m[1mLinking C shared library rosidl_generator_py/moveit_msgs/libmoveit_msgs__rosidl_generator_py.so[0m
[240.804s] [100%] Built target moveit_msgs__rosidl_generator_py
[240.849s] [100%] [32mBuilding C object CMakeFiles/moveit_msgs__rosidl_typesupport_introspection_c__pyext.dir/rosidl_generator_py/moveit_msgs/_moveit_msgs_s.ep.rosidl_typesupport_introspection_c.c.o[0m
[240.852s] [100%] [32mBuilding C object CMakeFiles/moveit_msgs__rosidl_typesupport_c__pyext.dir/rosidl_generator_py/moveit_msgs/_moveit_msgs_s.ep.rosidl_typesupport_c.c.o[0m
[240.855s] [100%] [32mBuilding C object CMakeFiles/moveit_msgs__rosidl_typesupport_fastrtps_c__pyext.dir/rosidl_generator_py/moveit_msgs/_moveit_msgs_s.ep.rosidl_typesupport_fastrtps_c.c.o[0m
[243.273s] [100%] [32m[1mLinking C shared library rosidl_generator_py/moveit_msgs/moveit_msgs_s__rosidl_typesupport_c.cpython-310-x86_64-linux-gnu.so[0m
[243.358s] [100%] [32m[1mLinking C shared library rosidl_generator_py/moveit_msgs/moveit_msgs_s__rosidl_typesupport_introspection_c.cpython-310-x86_64-linux-gnu.so[0m
[243.407s] [100%] Built target moveit_msgs__rosidl_typesupport_c__pyext
[243.448s] [100%] [32m[1mLinking C shared library rosidl_generator_py/moveit_msgs/moveit_msgs_s__rosidl_typesupport_fastrtps_c.cpython-310-x86_64-linux-gnu.so[0m
[243.490s] [100%] Built target moveit_msgs__rosidl_typesupport_introspection_c__pyext
[243.566s] [100%] Built target moveit_msgs__rosidl_typesupport_fastrtps_c__pyext
[243.591s] Invoked command in '/home/xdkazer/Dual_Kuka_LLM_Bachelor/p5_ws/build/moveit_msgs' returned '0': CMAKE_PREFIX_PATH=${CMAKE_PREFIX_PATH}:/home/xdkazer/P5-Kuka-Dual-Arm/p5_ws/install/yolo_world:/home/xdkazer/P5-Kuka-Dual-Arm/p5_ws/install/robotiq_3f_gripper_ros2_control:/home/xdkazer/P5-Kuka-Dual-Arm/p5_ws/install/robotiq_2f_85_control:/home/xdkazer/P5-Kuka-Dual-Arm/p5_ws/install/object_detector:/home/xdkazer/P5-Kuka-Dual-Arm/p5_ws/install/janise:/home/xdkazer/P5-Kuka-Dual-Arm/p5_ws/install/gui_package:/home/xdkazer/P5-Kuka-Dual-Arm/p5_ws/install/moveit_configs_utils:/home/xdkazer/P5-Kuka-Dual-Arm/p5_ws/install/generate_parameter_library_py:/opt/ros/humble /usr/bin/cmake --build /home/xdkazer/Dual_Kuka_LLM_Bachelor/p5_ws/build/moveit_msgs -- -j4 -l4
[243.596s] Invoking command in '/home/xdkazer/Dual_Kuka_LLM_Bachelor/p5_ws/build/moveit_msgs': CMAKE_PREFIX_PATH=${CMAKE_PREFIX_PATH}:/home/xdkazer/P5-Kuka-Dual-Arm/p5_ws/install/yolo_world:/home/xdkazer/P5-Kuka-Dual-Arm/p5_ws/install/robotiq_3f_gripper_ros2_control:/home/xdkazer/P5-Kuka-Dual-Arm/p5_ws/install/robotiq_2f_85_control:/home/xdkazer/P5-Kuka-Dual-Arm/p5_ws/install/object_detector:/home/xdkazer/P5-Kuka-Dual-Arm/p5_ws/install/janise:/home/xdkazer/P5-Kuka-Dual-Arm/p5_ws/install/gui_package:/home/xdkazer/P5-Kuka-Dual-Arm/p5_ws/install/moveit_configs_utils:/home/xdkazer/P5-Kuka-Dual-Arm/p5_ws/install/generate_parameter_library_py:/opt/ros/humble /usr/bin/cmake --install /home/xdkazer/Dual_Kuka_LLM_Bachelor/p5_ws/build/moveit_msgs
[243.609s] -- Install configuration: "Release"
[243.609s] -- Installing: /home/xdkazer/Dual_Kuka_LLM_Bachelor/p5_ws/install/moveit_msgs/share/ament_index/resource_index/rosidl_interfaces/moveit_msgs
[243.609s] -- Installing: /home/xdkazer/Dual_Kuka_LLM_Bachelor/p5_ws/install/moveit_msgs/include/moveit_msgs/moveit_msgs
[243.609s] -- Installing: /home/xdkazer/Dual_Kuka_LLM_Bachelor/p5_ws/install/moveit_msgs/include/moveit_msgs/moveit_msgs/msg
[243.610s] -- Installing: /home/xdkazer/Dual_Kuka_LLM_Bachelor/p5_ws/install/moveit_msgs/include/moveit_msgs/moveit_msgs/msg/motion_plan_request.h
[243.610s] -- Installing: /home/xdkazer/Dual_Kuka_LLM_Bachelor/p5_ws/install/moveit_msgs/include/moveit_msgs/moveit_msgs/msg/trajectory_constraints.h
[243.611s] -- Installing: /home/xdkazer/Dual_Kuka_LLM_Bachelor/p5_ws/install/moveit_msgs/include/moveit_msgs/moveit_msgs/msg/link_scale.h
[243.611s] -- Installing: /home/xdkazer/Dual_Kuka_LLM_Bachelor/p5_ws/install/moveit_msgs/include/moveit_msgs/moveit_msgs/msg/motion_sequence_request.h
[243.611s] -- Installing: /home/xdkazer/Dual_Kuka_LLM_Bachelor/p5_ws/install/moveit_msgs/include/moveit_msgs/moveit_msgs/msg/grasp.h
[243.611s] -- Installing: /home/xdkazer/Dual_Kuka_LLM_Bachelor/p5_ws/install/moveit_msgs/include/moveit_msgs/moveit_msgs/msg/planning_scene_components.h
[243.611s] -- Installing: /home/xdkazer/Dual_Kuka_LLM_Bachelor/p5_ws/install/moveit_msgs/include/moveit_msgs/moveit_msgs/msg/cartesian_point.h
[243.611s] -- Installing: /home/xdkazer/Dual_Kuka_LLM_Bachelor/p5_ws/install/moveit_msgs/include/moveit_msgs/moveit_msgs/msg/motion_sequence_response.h
[243.611s] -- Installing: /home/xdkazer/Dual_Kuka_LLM_Bachelor/p5_ws/install/moveit_msgs/include/moveit_msgs/moveit_msgs/msg/robot_trajectory.h
[243.611s] -- Installing: /home/xdkazer/Dual_Kuka_LLM_Bachelor/p5_ws/install/moveit_msgs/include/moveit_msgs/moveit_msgs/msg/place_location.h
[243.611s] -- Installing: /home/xdkazer/Dual_Kuka_LLM_Bachelor/p5_ws/install/moveit_msgs/include/moveit_msgs/moveit_msgs/msg/cost_source.h
[243.612s] -- Installing: /home/xdkazer/Dual_Kuka_LLM_Bachelor/p5_ws/install/moveit_msgs/include/moveit_msgs/moveit_msgs/msg/collision_object.h
[243.613s] -- Installing: /home/xdkazer/Dual_Kuka_LLM_Bachelor/p5_ws/install/moveit_msgs/include/moveit_msgs/moveit_msgs/msg/rosidl_generator_c__visibility_control.h
[243.613s] -- Installing: /home/xdkazer/Dual_Kuka_LLM_Bachelor/p5_ws/install/moveit_msgs/include/moveit_msgs/moveit_msgs/msg/planning_scene.h
[243.613s] -- Installing: /home/xdkazer/Dual_Kuka_LLM_Bachelor/p5_ws/install/moveit_msgs/include/moveit_msgs/moveit_msgs/msg/position_ik_request.h
[243.613s] -- Installing: /home/xdkazer/Dual_Kuka_LLM_Bachelor/p5_ws/install/moveit_msgs/include/moveit_msgs/moveit_msgs/msg/display_robot_state.h
[243.613s] -- Installing: /home/xdkazer/Dual_Kuka_LLM_Bachelor/p5_ws/install/moveit_msgs/include/moveit_msgs/moveit_msgs/msg/contact_information.h
[243.613s] -- Installing: /home/xdkazer/Dual_Kuka_LLM_Bachelor/p5_ws/install/moveit_msgs/include/moveit_msgs/moveit_msgs/msg/cartesian_trajectory_point.h
[243.613s] -- Installing: /home/xdkazer/Dual_Kuka_LLM_Bachelor/p5_ws/install/moveit_msgs/include/moveit_msgs/moveit_msgs/msg/motion_sequence_item.h
[243.613s] -- Installing: /home/xdkazer/Dual_Kuka_LLM_Bachelor/p5_ws/install/moveit_msgs/include/moveit_msgs/moveit_msgs/msg/robot_state.h
[243.614s] -- Installing: /home/xdkazer/Dual_Kuka_LLM_Bachelor/p5_ws/install/moveit_msgs/include/moveit_msgs/moveit_msgs/msg/move_it_error_codes.h
[243.614s] -- Installing: /home/xdkazer/Dual_Kuka_LLM_Bachelor/p5_ws/install/moveit_msgs/include/moveit_msgs/moveit_msgs/msg/position_constraint.h
[243.614s] -- Installing: /home/xdkazer/Dual_Kuka_LLM_Bachelor/p5_ws/install/moveit_msgs/include/moveit_msgs/moveit_msgs/msg/kinematic_solver_info.h
[243.614s] -- Installing: /home/xdkazer/Dual_Kuka_LLM_Bachelor/p5_ws/install/moveit_msgs/include/moveit_msgs/moveit_msgs/msg/generic_trajectory.h
[243.614s] -- Installing: /home/xdkazer/Dual_Kuka_LLM_Bachelor/p5_ws/install/moveit_msgs/include/moveit_msgs/moveit_msgs/msg/detail
[243.614s] -- Installing: /home/xdkazer/Dual_Kuka_LLM_Bachelor/p5_ws/install/moveit_msgs/include/moveit_msgs/moveit_msgs/msg/detail/planner_interface_description__functions.h
[243.614s] -- Installing: /home/xdkazer/Dual_Kuka_LLM_Bachelor/p5_ws/install/moveit_msgs/include/moveit_msgs/moveit_msgs/msg/detail/allowed_collision_entry__functions.h
[243.614s] -- Installing: /home/xdkazer/Dual_Kuka_LLM_Bachelor/p5_ws/install/moveit_msgs/include/moveit_msgs/moveit_msgs/msg/detail/grasp__type_support.h
[243.614s] -- Installing: /home/xdkazer/Dual_Kuka_LLM_Bachelor/p5_ws/install/moveit_msgs/include/moveit_msgs/moveit_msgs/msg/detail/motion_sequence_request__struct.h
[243.616s] -- Installing: /home/xdkazer/Dual_Kuka_LLM_Bachelor/p5_ws/install/moveit_msgs/include/moveit_msgs/moveit_msgs/msg/detail/orientation_constraint__functions.c
[243.616s] -- Installing: /home/xdkazer/Dual_Kuka_LLM_Bachelor/p5_ws/install/moveit_msgs/include/moveit_msgs/moveit_msgs/msg/detail/trajectory_constraints__type_support.h
[243.616s] -- Installing: /home/xdkazer/Dual_Kuka_LLM_Bachelor/p5_ws/install/moveit_msgs/include/moveit_msgs/moveit_msgs/msg/detail/orientation_constraint__type_support.h
[243.616s] -- Installing: /home/xdkazer/Dual_Kuka_LLM_Bachelor/p5_ws/install/moveit_msgs/include/moveit_msgs/moveit_msgs/msg/detail/visibility_constraint__type_support.h
[243.616s] -- Installing: /home/xdkazer/Dual_Kuka_LLM_Bachelor/p5_ws/install/moveit_msgs/include/moveit_msgs/moveit_msgs/msg/detail/grasp__functions.c
[243.616s] -- Installing: /home/xdkazer/Dual_Kuka_LLM_Bachelor/p5_ws/install/moveit_msgs/include/moveit_msgs/moveit_msgs/msg/detail/link_scale__struct.h
[243.616s] -- Installing: /home/xdkazer/Dual_Kuka_LLM_Bachelor/p5_ws/install/moveit_msgs/include/moveit_msgs/moveit_msgs/msg/detail/generic_trajectory__functions.c
[243.616s] -- Installing: /home/xdkazer/Dual_Kuka_LLM_Bachelor/p5_ws/install/moveit_msgs/include/moveit_msgs/moveit_msgs/msg/detail/contact_information__functions.h
[243.616s] -- Installing: /home/xdkazer/Dual_Kuka_LLM_Bachelor/p5_ws/install/moveit_msgs/include/moveit_msgs/moveit_msgs/msg/detail/motion_sequence_item__struct.h
[243.616s] -- Installing: /home/xdkazer/Dual_Kuka_LLM_Bachelor/p5_ws/install/moveit_msgs/include/moveit_msgs/moveit_msgs/msg/detail/allowed_collision_entry__functions.c
[243.616s] -- Installing: /home/xdkazer/Dual_Kuka_LLM_Bachelor/p5_ws/install/moveit_msgs/include/moveit_msgs/moveit_msgs/msg/detail/trajectory_constraints__struct.h
[243.616s] -- Installing: /home/xdkazer/Dual_Kuka_LLM_Bachelor/p5_ws/install/moveit_msgs/include/moveit_msgs/moveit_msgs/msg/detail/place_location__struct.h
[243.617s] -- Installing: /home/xdkazer/Dual_Kuka_LLM_Bachelor/p5_ws/install/moveit_msgs/include/moveit_msgs/moveit_msgs/msg/detail/planning_scene__struct.h
[243.617s] -- Installing: /home/xdkazer/Dual_Kuka_LLM_Bachelor/p5_ws/install/moveit_msgs/include/moveit_msgs/moveit_msgs/msg/detail/allowed_collision_matrix__functions.h
[243.617s] -- Installing: /home/xdkazer/Dual_Kuka_LLM_Bachelor/p5_ws/install/moveit_msgs/include/moveit_msgs/moveit_msgs/msg/detail/robot_state__functions.h
[243.617s] -- Installing: /home/xdkazer/Dual_Kuka_LLM_Bachelor/p5_ws/install/moveit_msgs/include/moveit_msgs/moveit_msgs/msg/detail/display_robot_state__functions.c
[243.617s] -- Installing: /home/xdkazer/Dual_Kuka_LLM_Bachelor/p5_ws/install/moveit_msgs/include/moveit_msgs/moveit_msgs/msg/detail/joint_constraint__type_support.h
[243.617s] -- Installing: /home/xdkazer/Dual_Kuka_LLM_Bachelor/p5_ws/install/moveit_msgs/include/moveit_msgs/moveit_msgs/msg/detail/joint_limits__type_support.h
[243.617s] -- Installing: /home/xdkazer/Dual_Kuka_LLM_Bachelor/p5_ws/install/moveit_msgs/include/moveit_msgs/moveit_msgs/msg/detail/attached_collision_object__functions.c
[243.617s] -- Installing: /home/xdkazer/Dual_Kuka_LLM_Bachelor/p5_ws/install/moveit_msgs/include/moveit_msgs/moveit_msgs/msg/detail/robot_trajectory__functions.c
[243.617s] -- Installing: /home/xdkazer/Dual_Kuka_LLM_Bachelor/p5_ws/install/moveit_msgs/include/moveit_msgs/moveit_msgs/msg/detail/motion_plan_request__type_support.h
[243.617s] -- Installing: /home/xdkazer/Dual_Kuka_LLM_Bachelor/p5_ws/install/moveit_msgs/include/moveit_msgs/moveit_msgs/msg/detail/allowed_collision_matrix__functions.c
[243.618s] -- Installing: /home/xdkazer/Dual_Kuka_LLM_Bachelor/p5_ws/install/moveit_msgs/include/moveit_msgs/moveit_msgs/msg/detail/constraint_eval_result__struct.h
[243.618s] -- Installing: /home/xdkazer/Dual_Kuka_LLM_Bachelor/p5_ws/install/moveit_msgs/include/moveit_msgs/moveit_msgs/msg/detail/cartesian_trajectory_point__struct.h
[243.618s] -- Installing: /home/xdkazer/Dual_Kuka_LLM_Bachelor/p5_ws/install/moveit_msgs/include/moveit_msgs/moveit_msgs/msg/detail/planning_scene_world__struct.h
[243.618s] -- Installing: /home/xdkazer/Dual_Kuka_LLM_Bachelor/p5_ws/install/moveit_msgs/include/moveit_msgs/moveit_msgs/msg/detail/move_it_error_codes__functions.h
[243.618s] -- Installing: /home/xdkazer/Dual_Kuka_LLM_Bachelor/p5_ws/install/moveit_msgs/include/moveit_msgs/moveit_msgs/msg/detail/link_scale__functions.h
[243.618s] -- Installing: /home/xdkazer/Dual_Kuka_LLM_Bachelor/p5_ws/install/moveit_msgs/include/moveit_msgs/moveit_msgs/msg/detail/place_location__functions.h
[243.618s] -- Installing: /home/xdkazer/Dual_Kuka_LLM_Bachelor/p5_ws/install/moveit_msgs/include/moveit_msgs/moveit_msgs/msg/detail/oriented_bounding_box__functions.c
[243.618s] -- Installing: /home/xdkazer/Dual_Kuka_LLM_Bachelor/p5_ws/install/moveit_msgs/include/moveit_msgs/moveit_msgs/msg/detail/allowed_collision_entry__struct.h
[243.618s] -- Installing: /home/xdkazer/Dual_Kuka_LLM_Bachelor/p5_ws/install/moveit_msgs/include/moveit_msgs/moveit_msgs/msg/detail/object_color__functions.c
[243.618s] -- Installing: /home/xdkazer/Dual_Kuka_LLM_Bachelor/p5_ws/install/moveit_msgs/include/moveit_msgs/moveit_msgs/msg/detail/visibility_constraint__struct.h
[243.618s] -- Installing: /home/xdkazer/Dual_Kuka_LLM_Bachelor/p5_ws/install/moveit_msgs/include/moveit_msgs/moveit_msgs/msg/detail/motion_sequence_item__functions.c
[243.618s] -- Installing: /home/xdkazer/Dual_Kuka_LLM_Bachelor/p5_ws/install/moveit_msgs/include/moveit_msgs/moveit_msgs/msg/detail/planner_params__functions.h
[243.618s] -- Installing: /home/xdkazer/Dual_Kuka_LLM_Bachelor/p5_ws/install/moveit_msgs/include/moveit_msgs/moveit_msgs/msg/detail/kinematic_solver_info__type_support.h
[243.618s] -- Installing: /home/xdkazer/Dual_Kuka_LLM_Bachelor/p5_ws/install/moveit_msgs/include/moveit_msgs/moveit_msgs/msg/detail/motion_plan_response__functions.c
[243.618s] -- Installing: /home/xdkazer/Dual_Kuka_LLM_Bachelor/p5_ws/install/moveit_msgs/include/moveit_msgs/moveit_msgs/msg/detail/constraints__type_support.h
[243.618s] -- Installing: /home/xdkazer/Dual_Kuka_LLM_Bachelor/p5_ws/install/moveit_msgs/include/moveit_msgs/moveit_msgs/msg/detail/planning_scene_components__functions.c
[243.618s] -- Installing: /home/xdkazer/Dual_Kuka_LLM_Bachelor/p5_ws/install/moveit_msgs/include/moveit_msgs/moveit_msgs/msg/detail/workspace_parameters__functions.h
[243.619s] -- Installing: /home/xdkazer/Dual_Kuka_LLM_Bachelor/p5_ws/install/moveit_msgs/include/moveit_msgs/moveit_msgs/msg/detail/display_robot_state__type_support.h
[243.619s] -- Installing: /home/xdkazer/Dual_Kuka_LLM_Bachelor/p5_ws/install/moveit_msgs/include/moveit_msgs/moveit_msgs/msg/detail/planning_options__functions.h
[243.619s] -- Installing: /home/xdkazer/Dual_Kuka_LLM_Bachelor/p5_ws/install/moveit_msgs/include/moveit_msgs/moveit_msgs/msg/detail/planner_interface_description__type_support.h
[243.619s] -- Installing: /home/xdkazer/Dual_Kuka_LLM_Bachelor/p5_ws/install/moveit_msgs/include/moveit_msgs/moveit_msgs/msg/detail/motion_sequence_request__type_support.h
[243.619s] -- Installing: /home/xdkazer/Dual_Kuka_LLM_Bachelor/p5_ws/install/moveit_msgs/include/moveit_msgs/moveit_msgs/msg/detail/planning_scene_world__functions.h
[243.619s] -- Installing: /home/xdkazer/Dual_Kuka_LLM_Bachelor/p5_ws/install/moveit_msgs/include/moveit_msgs/moveit_msgs/msg/detail/planning_scene_components__struct.h
[243.620s] -- Installing: /home/xdkazer/Dual_Kuka_LLM_Bachelor/p5_ws/install/moveit_msgs/include/moveit_msgs/moveit_msgs/msg/detail/robot_trajectory__functions.h
[243.620s] -- Installing: /home/xdkazer/Dual_Kuka_LLM_Bachelor/p5_ws/install/moveit_msgs/include/moveit_msgs/moveit_msgs/msg/detail/planning_options__type_support.h
[243.620s] -- Installing: /home/xdkazer/Dual_Kuka_LLM_Bachelor/p5_ws/install/moveit_msgs/include/moveit_msgs/moveit_msgs/msg/detail/cartesian_trajectory__type_support.h
[243.620s] -- Installing: /home/xdkazer/Dual_Kuka_LLM_Bachelor/p5_ws/install/moveit_msgs/include/moveit_msgs/moveit_msgs/msg/detail/attached_collision_object__type_support.h
[243.620s] -- Installing: /home/xdkazer/Dual_Kuka_LLM_Bachelor/p5_ws/install/moveit_msgs/include/moveit_msgs/moveit_msgs/msg/detail/motion_plan_detailed_response__struct.h
[243.620s] -- Installing: /home/xdkazer/Dual_Kuka_LLM_Bachelor/p5_ws/install/moveit_msgs/include/moveit_msgs/moveit_msgs/msg/detail/gripper_translation__functions.c
[243.620s] -- Installing: /home/xdkazer/Dual_Kuka_LLM_Bachelor/p5_ws/install/moveit_msgs/include/moveit_msgs/moveit_msgs/msg/detail/link_padding__type_support.h
[243.620s] -- Installing: /home/xdkazer/Dual_Kuka_LLM_Bachelor/p5_ws/install/moveit_msgs/include/moveit_msgs/moveit_msgs/msg/detail/cartesian_point__type_support.h
[243.621s] -- Installing: /home/xdkazer/Dual_Kuka_LLM_Bachelor/p5_ws/install/moveit_msgs/include/moveit_msgs/moveit_msgs/msg/detail/cartesian_trajectory__functions.h
[243.621s] -- Installing: /home/xdkazer/Dual_Kuka_LLM_Bachelor/p5_ws/install/moveit_msgs/include/moveit_msgs/moveit_msgs/msg/detail/cartesian_trajectory_point__type_support.h
[243.621s] -- Installing: /home/xdkazer/Dual_Kuka_LLM_Bachelor/p5_ws/install/moveit_msgs/include/moveit_msgs/moveit_msgs/msg/detail/position_ik_request__type_support.h
[243.621s] -- Installing: /home/xdkazer/Dual_Kuka_LLM_Bachelor/p5_ws/install/moveit_msgs/include/moveit_msgs/moveit_msgs/msg/detail/planner_params__type_support.h
[243.621s] -- Installing: /home/xdkazer/Dual_Kuka_LLM_Bachelor/p5_ws/install/moveit_msgs/include/moveit_msgs/moveit_msgs/msg/detail/bounding_volume__functions.c
[243.621s] -- Installing: /home/xdkazer/Dual_Kuka_LLM_Bachelor/p5_ws/install/moveit_msgs/include/moveit_msgs/moveit_msgs/msg/detail/generic_trajectory__type_support.h
[243.621s] -- Installing: /home/xdkazer/Dual_Kuka_LLM_Bachelor/p5_ws/install/moveit_msgs/include/moveit_msgs/moveit_msgs/msg/detail/robot_state__functions.c
[243.621s] -- Installing: /home/xdkazer/Dual_Kuka_LLM_Bachelor/p5_ws/install/moveit_msgs/include/moveit_msgs/moveit_msgs/msg/detail/planning_scene_world__functions.c
[243.621s] -- Installing: /home/xdkazer/Dual_Kuka_LLM_Bachelor/p5_ws/install/moveit_msgs/include/moveit_msgs/moveit_msgs/msg/detail/cartesian_point__functions.c
[243.621s] -- Installing: /home/xdkazer/Dual_Kuka_LLM_Bachelor/p5_ws/install/moveit_msgs/include/moveit_msgs/moveit_msgs/msg/detail/link_scale__functions.c
[243.622s] -- Installing: /home/xdkazer/Dual_Kuka_LLM_Bachelor/p5_ws/install/moveit_msgs/include/moveit_msgs/moveit_msgs/msg/detail/kinematic_solver_info__functions.c
[243.622s] -- Installing: /home/xdkazer/Dual_Kuka_LLM_Bachelor/p5_ws/install/moveit_msgs/include/moveit_msgs/moveit_msgs/msg/detail/joint_limits__functions.h
[243.622s] -- Installing: /home/xdkazer/Dual_Kuka_LLM_Bachelor/p5_ws/install/moveit_msgs/include/moveit_msgs/moveit_msgs/msg/detail/generic_trajectory__functions.h
[243.622s] -- Installing: /home/xdkazer/Dual_Kuka_LLM_Bachelor/p5_ws/install/moveit_msgs/include/moveit_msgs/moveit_msgs/msg/detail/allowed_collision_matrix__type_support.h
[243.622s] -- Installing: /home/xdkazer/Dual_Kuka_LLM_Bachelor/p5_ws/install/moveit_msgs/include/moveit_msgs/moveit_msgs/msg/detail/generic_trajectory__struct.h
[243.622s] -- Installing: /home/xdkazer/Dual_Kuka_LLM_Bachelor/p5_ws/install/moveit_msgs/include/moveit_msgs/moveit_msgs/msg/detail/bounding_volume__struct.h
[243.622s] -- Installing: /home/xdkazer/Dual_Kuka_LLM_Bachelor/p5_ws/install/moveit_msgs/include/moveit_msgs/moveit_msgs/msg/detail/grasp__struct.h
[243.622s] -- Installing: /home/xdkazer/Dual_Kuka_LLM_Bachelor/p5_ws/install/moveit_msgs/include/moveit_msgs/moveit_msgs/msg/detail/planning_scene__functions.h
[243.622s] -- Installing: /home/xdkazer/Dual_Kuka_LLM_Bachelor/p5_ws/install/moveit_msgs/include/moveit_msgs/moveit_msgs/msg/detail/motion_plan_response__struct.h
[243.623s] -- Installing: /home/xdkazer/Dual_Kuka_LLM_Bachelor/p5_ws/install/moveit_msgs/include/moveit_msgs/moveit_msgs/msg/detail/object_color__functions.h
[243.623s] -- Installing: /home/xdkazer/Dual_Kuka_LLM_Bachelor/p5_ws/install/moveit_msgs/include/moveit_msgs/moveit_msgs/msg/detail/object_color__type_support.h
[243.623s] -- Installing: /home/xdkazer/Dual_Kuka_LLM_Bachelor/p5_ws/install/moveit_msgs/include/moveit_msgs/moveit_msgs/msg/detail/orientation_constraint__functions.h
[243.623s] -- Installing: /home/xdkazer/Dual_Kuka_LLM_Bachelor/p5_ws/install/moveit_msgs/include/moveit_msgs/moveit_msgs/msg/detail/collision_object__functions.h
[243.623s] -- Installing: /home/xdkazer/Dual_Kuka_LLM_Bachelor/p5_ws/install/moveit_msgs/include/moveit_msgs/moveit_msgs/msg/detail/allowed_collision_entry__type_support.h
[243.623s] -- Installing: /home/xdkazer/Dual_Kuka_LLM_Bachelor/p5_ws/install/moveit_msgs/include/moveit_msgs/moveit_msgs/msg/detail/place_location__functions.c
[243.624s] -- Installing: /home/xdkazer/Dual_Kuka_LLM_Bachelor/p5_ws/install/moveit_msgs/include/moveit_msgs/moveit_msgs/msg/detail/motion_plan_response__type_support.h
[243.624s] -- Installing: /home/xdkazer/Dual_Kuka_LLM_Bachelor/p5_ws/install/moveit_msgs/include/moveit_msgs/moveit_msgs/msg/detail/move_it_error_codes__type_support.h
[243.624s] -- Installing: /home/xdkazer/Dual_Kuka_LLM_Bachelor/p5_ws/install/moveit_msgs/include/moveit_msgs/moveit_msgs/msg/detail/display_trajectory__type_support.h
[243.624s] -- Installing: /home/xdkazer/Dual_Kuka_LLM_Bachelor/p5_ws/install/moveit_msgs/include/moveit_msgs/moveit_msgs/msg/detail/bounding_volume__functions.h
[243.624s] -- Installing: /home/xdkazer/Dual_Kuka_LLM_Bachelor/p5_ws/install/moveit_msgs/include/moveit_msgs/moveit_msgs/msg/detail/cost_source__type_support.h
[243.625s] -- Installing: /home/xdkazer/Dual_Kuka_LLM_Bachelor/p5_ws/install/moveit_msgs/include/moveit_msgs/moveit_msgs/msg/detail/place_location__type_support.h
[243.625s] -- Installing: /home/xdkazer/Dual_Kuka_LLM_Bachelor/p5_ws/install/moveit_msgs/include/moveit_msgs/moveit_msgs/msg/detail/kinematic_solver_info__struct.h
[243.625s] -- Installing: /home/xdkazer/Dual_Kuka_LLM_Bachelor/p5_ws/install/moveit_msgs/include/moveit_msgs/moveit_msgs/msg/detail/position_constraint__functions.c
[243.625s] -- Installing: /home/xdkazer/Dual_Kuka_LLM_Bachelor/p5_ws/install/moveit_msgs/include/moveit_msgs/moveit_msgs/msg/detail/link_scale__type_support.h
[243.625s] -- Installing: /home/xdkazer/Dual_Kuka_LLM_Bachelor/p5_ws/install/moveit_msgs/include/moveit_msgs/moveit_msgs/msg/detail/motion_plan_detailed_response__functions.h
[243.625s] -- Installing: /home/xdkazer/Dual_Kuka_LLM_Bachelor/p5_ws/install/moveit_msgs/include/moveit_msgs/moveit_msgs/msg/detail/cartesian_trajectory_point__functions.h
[243.625s] -- Installing: /home/xdkazer/Dual_Kuka_LLM_Bachelor/p5_ws/install/moveit_msgs/include/moveit_msgs/moveit_msgs/msg/detail/planning_scene_components__functions.h
[243.625s] -- Installing: /home/xdkazer/Dual_Kuka_LLM_Bachelor/p5_ws/install/moveit_msgs/include/moveit_msgs/moveit_msgs/msg/detail/collision_object__struct.h
[243.625s] -- Installing: /home/xdkazer/Dual_Kuka_LLM_Bachelor/p5_ws/install/moveit_msgs/include/moveit_msgs/moveit_msgs/msg/detail/attached_collision_object__functions.h
[243.626s] -- Installing: /home/xdkazer/Dual_Kuka_LLM_Bachelor/p5_ws/install/moveit_msgs/include/moveit_msgs/moveit_msgs/msg/detail/motion_sequence_item__functions.h
[243.626s] -- Installing: /home/xdkazer/Dual_Kuka_LLM_Bachelor/p5_ws/install/moveit_msgs/include/moveit_msgs/moveit_msgs/msg/detail/contact_information__type_support.h
[243.626s] -- Installing: /home/xdkazer/Dual_Kuka_LLM_Bachelor/p5_ws/install/moveit_msgs/include/moveit_msgs/moveit_msgs/msg/detail/cost_source__struct.h
[243.626s] -- Installing: /home/xdkazer/Dual_Kuka_LLM_Bachelor/p5_ws/install/moveit_msgs/include/moveit_msgs/moveit_msgs/msg/detail/motion_plan_detailed_response__type_support.h
[243.626s] -- Installing: /home/xdkazer/Dual_Kuka_LLM_Bachelor/p5_ws/install/moveit_msgs/include/moveit_msgs/moveit_msgs/msg/detail/planning_scene_components__type_support.h
[243.626s] -- Installing: /home/xdkazer/Dual_Kuka_LLM_Bachelor/p5_ws/install/moveit_msgs/include/moveit_msgs/moveit_msgs/msg/detail/constraint_eval_result__type_support.h
[243.626s] -- Installing: /home/xdkazer/Dual_Kuka_LLM_Bachelor/p5_ws/install/moveit_msgs/include/moveit_msgs/moveit_msgs/msg/detail/collision_object__type_support.h
[243.627s] -- Installing: /home/xdkazer/Dual_Kuka_LLM_Bachelor/p5_ws/install/moveit_msgs/include/moveit_msgs/moveit_msgs/msg/detail/display_robot_state__struct.h
[243.627s] -- Installing: /home/xdkazer/Dual_Kuka_LLM_Bachelor/p5_ws/install/moveit_msgs/include/moveit_msgs/moveit_msgs/msg/detail/oriented_bounding_box__functions.h
[243.627s] -- Installing: /home/xdkazer/Dual_Kuka_LLM_Bachelor/p5_ws/install/moveit_msgs/include/moveit_msgs/moveit_msgs/msg/detail/trajectory_constraints__functions.c
[243.627s] -- Installing: /home/xdkazer/Dual_Kuka_LLM_Bachelor/p5_ws/install/moveit_msgs/include/moveit_msgs/moveit_msgs/msg/detail/planner_params__struct.h
[243.627s] -- Installing: /home/xdkazer/Dual_Kuka_LLM_Bachelor/p5_ws/install/moveit_msgs/include/moveit_msgs/moveit_msgs/msg/detail/visibility_constraint__functions.c
[243.628s] -- Installing: /home/xdkazer/Dual_Kuka_LLM_Bachelor/p5_ws/install/moveit_msgs/include/moveit_msgs/moveit_msgs/msg/detail/link_padding__struct.h
[243.629s] -- Installing: /home/xdkazer/Dual_Kuka_LLM_Bachelor/p5_ws/install/moveit_msgs/include/moveit_msgs/moveit_msgs/msg/detail/robot_state__struct.h
[243.629s] -- Installing: /home/xdkazer/Dual_Kuka_LLM_Bachelor/p5_ws/install/moveit_msgs/include/moveit_msgs/moveit_msgs/msg/detail/planner_interface_description__functions.c
[243.629s] -- Installing: /home/xdkazer/Dual_Kuka_LLM_Bachelor/p5_ws/install/moveit_msgs/include/moveit_msgs/moveit_msgs/msg/detail/cartesian_point__functions.h
[243.629s] -- Installing: /home/xdkazer/Dual_Kuka_LLM_Bachelor/p5_ws/install/moveit_msgs/include/moveit_msgs/moveit_msgs/msg/detail/attached_collision_object__struct.h
[243.630s] -- Installing: /home/xdkazer/Dual_Kuka_LLM_Bachelor/p5_ws/install/moveit_msgs/include/moveit_msgs/moveit_msgs/msg/detail/constraints__functions.h
[243.630s] -- Installing: /home/xdkazer/Dual_Kuka_LLM_Bachelor/p5_ws/install/moveit_msgs/include/moveit_msgs/moveit_msgs/msg/detail/motion_sequence_request__functions.c
[243.630s] -- Installing: /home/xdkazer/Dual_Kuka_LLM_Bachelor/p5_ws/install/moveit_msgs/include/moveit_msgs/moveit_msgs/msg/detail/move_it_error_codes__functions.c
[243.630s] -- Installing: /home/xdkazer/Dual_Kuka_LLM_Bachelor/p5_ws/install/moveit_msgs/include/moveit_msgs/moveit_msgs/msg/detail/motion_plan_request__struct.h
[243.631s] -- Installing: /home/xdkazer/Dual_Kuka_LLM_Bachelor/p5_ws/install/moveit_msgs/include/moveit_msgs/moveit_msgs/msg/detail/motion_sequence_response__struct.h
[243.631s] -- Installing: /home/xdkazer/Dual_Kuka_LLM_Bachelor/p5_ws/install/moveit_msgs/include/moveit_msgs/moveit_msgs/msg/detail/display_robot_state__functions.h
[243.631s] -- Installing: /home/xdkazer/Dual_Kuka_LLM_Bachelor/p5_ws/install/moveit_msgs/include/moveit_msgs/moveit_msgs/msg/detail/planning_options__functions.c
[243.631s] -- Installing: /home/xdkazer/Dual_Kuka_LLM_Bachelor/p5_ws/install/moveit_msgs/include/moveit_msgs/moveit_msgs/msg/detail/joint_limits__functions.c
[243.631s] -- Installing: /home/xdkazer/Dual_Kuka_LLM_Bachelor/p5_ws/install/moveit_msgs/include/moveit_msgs/moveit_msgs/msg/detail/joint_limits__struct.h
[243.631s] -- Installing: /home/xdkazer/Dual_Kuka_LLM_Bachelor/p5_ws/install/moveit_msgs/include/moveit_msgs/moveit_msgs/msg/detail/gripper_translation__functions.h
[243.631s] -- Installing: /home/xdkazer/Dual_Kuka_LLM_Bachelor/p5_ws/install/moveit_msgs/include/moveit_msgs/moveit_msgs/msg/detail/joint_constraint__functions.c
[243.632s] -- Installing: /home/xdkazer/Dual_Kuka_LLM_Bachelor/p5_ws/install/moveit_msgs/include/moveit_msgs/moveit_msgs/msg/detail/constraints__functions.c
[243.632s] -- Installing: /home/xdkazer/Dual_Kuka_LLM_Bachelor/p5_ws/install/moveit_msgs/include/moveit_msgs/moveit_msgs/msg/detail/cartesian_trajectory__functions.c
[243.632s] -- Installing: /home/xdkazer/Dual_Kuka_LLM_Bachelor/p5_ws/install/moveit_msgs/include/moveit_msgs/moveit_msgs/msg/detail/kinematic_solver_info__functions.h
[243.632s] -- Installing: /home/xdkazer/Dual_Kuka_LLM_Bachelor/p5_ws/install/moveit_msgs/include/moveit_msgs/moveit_msgs/msg/detail/position_ik_request__struct.h
[243.633s] -- Installing: /home/xdkazer/Dual_Kuka_LLM_Bachelor/p5_ws/install/moveit_msgs/include/moveit_msgs/moveit_msgs/msg/detail/allowed_collision_matrix__struct.h
[243.633s] -- Installing: /home/xdkazer/Dual_Kuka_LLM_Bachelor/p5_ws/install/moveit_msgs/include/moveit_msgs/moveit_msgs/msg/detail/motion_sequence_request__functions.h
[243.633s] -- Installing: /home/xdkazer/Dual_Kuka_LLM_Bachelor/p5_ws/install/moveit_msgs/include/moveit_msgs/moveit_msgs/msg/detail/workspace_parameters__type_support.h
[243.633s] -- Installing: /home/xdkazer/Dual_Kuka_LLM_Bachelor/p5_ws/install/moveit_msgs/include/moveit_msgs/moveit_msgs/msg/detail/move_it_error_codes__struct.h
[243.633s] -- Installing: /home/xdkazer/Dual_Kuka_LLM_Bachelor/p5_ws/install/moveit_msgs/include/moveit_msgs/moveit_msgs/msg/detail/object_color__struct.h
[243.633s] -- Installing: /home/xdkazer/Dual_Kuka_LLM_Bachelor/p5_ws/install/moveit_msgs/include/moveit_msgs/moveit_msgs/msg/detail/display_trajectory__functions.h
[243.633s] -- Installing: /home/xdkazer/Dual_Kuka_LLM_Bachelor/p5_ws/install/moveit_msgs/include/moveit_msgs/moveit_msgs/msg/detail/cost_source__functions.h
[243.634s] -- Installing: /home/xdkazer/Dual_Kuka_LLM_Bachelor/p5_ws/install/moveit_msgs/include/moveit_msgs/moveit_msgs/msg/detail/robot_trajectory__type_support.h
[243.634s] -- Installing: /home/xdkazer/Dual_Kuka_LLM_Bachelor/p5_ws/install/moveit_msgs/include/moveit_msgs/moveit_msgs/msg/detail/link_padding__functions.h
[243.634s] -- Installing: /home/xdkazer/Dual_Kuka_LLM_Bachelor/p5_ws/install/moveit_msgs/include/moveit_msgs/moveit_msgs/msg/detail/collision_object__functions.c
[243.634s] -- Installing: /home/xdkazer/Dual_Kuka_LLM_Bachelor/p5_ws/install/moveit_msgs/include/moveit_msgs/moveit_msgs/msg/detail/motion_sequence_response__functions.h
[243.634s] -- Installing: /home/xdkazer/Dual_Kuka_LLM_Bachelor/p5_ws/install/moveit_msgs/include/moveit_msgs/moveit_msgs/msg/detail/planning_scene__functions.c
[243.634s] -- Installing: /home/xdkazer/Dual_Kuka_LLM_Bachelor/p5_ws/install/moveit_msgs/include/moveit_msgs/moveit_msgs/msg/detail/planner_interface_description__struct.h
[243.634s] -- Installing: /home/xdkazer/Dual_Kuka_LLM_Bachelor/p5_ws/install/moveit_msgs/include/moveit_msgs/moveit_msgs/msg/detail/link_padding__functions.c
[243.635s] -- Installing: /home/xdkazer/Dual_Kuka_LLM_Bachelor/p5_ws/install/moveit_msgs/include/moveit_msgs/moveit_msgs/msg/detail/gripper_translation__struct.h
[243.635s] -- Installing: /home/xdkazer/Dual_Kuka_LLM_Bachelor/p5_ws/install/moveit_msgs/include/moveit_msgs/moveit_msgs/msg/detail/robot_trajectory__struct.h
[243.635s] -- Installing: /home/xdkazer/Dual_Kuka_LLM_Bachelor/p5_ws/install/moveit_msgs/include/moveit_msgs/moveit_msgs/msg/detail/constraint_eval_result__functions.c
[243.635s] -- Installing: /home/xdkazer/Dual_Kuka_LLM_Bachelor/p5_ws/install/moveit_msgs/include/moveit_msgs/moveit_msgs/msg/detail/planning_scene_world__type_support.h
[243.635s] -- Installing: /home/xdkazer/Dual_Kuka_LLM_Bachelor/p5_ws/install/moveit_msgs/include/moveit_msgs/moveit_msgs/msg/detail/position_constraint__type_support.h
[243.635s] -- Installing: /home/xdkazer/Dual_Kuka_LLM_Bachelor/p5_ws/install/moveit_msgs/include/moveit_msgs/moveit_msgs/msg/detail/constraint_eval_result__functions.h
[243.636s] -- Installing: /home/xdkazer/Dual_Kuka_LLM_Bachelor/p5_ws/install/moveit_msgs/include/moveit_msgs/moveit_msgs/msg/detail/motion_sequence_item__type_support.h
[243.636s] -- Installing: /home/xdkazer/Dual_Kuka_LLM_Bachelor/p5_ws/install/moveit_msgs/include/moveit_msgs/moveit_msgs/msg/detail/position_constraint__struct.h
[243.636s] -- Installing: /home/xdkazer/Dual_Kuka_LLM_Bachelor/p5_ws/install/moveit_msgs/include/moveit_msgs/moveit_msgs/msg/detail/trajectory_constraints__functions.h
[243.636s] -- Installing: /home/xdkazer/Dual_Kuka_LLM_Bachelor/p5_ws/install/moveit_msgs/include/moveit_msgs/moveit_msgs/msg/detail/joint_constraint__struct.h
[243.636s] -- Installing: /home/xdkazer/Dual_Kuka_LLM_Bachelor/p5_ws/install/moveit_msgs/include/moveit_msgs/moveit_msgs/msg/detail/cost_source__functions.c
[243.636s] -- Installing: /home/xdkazer/Dual_Kuka_LLM_Bachelor/p5_ws/install/moveit_msgs/include/moveit_msgs/moveit_msgs/msg/detail/cartesian_trajectory_point__functions.c
[243.637s] -- Installing: /home/xdkazer/Dual_Kuka_LLM_Bachelor/p5_ws/install/moveit_msgs/include/moveit_msgs/moveit_msgs/msg/detail/motion_plan_response__functions.h
[243.637s] -- Installing: /home/xdkazer/Dual_Kuka_LLM_Bachelor/p5_ws/install/moveit_msgs/include/moveit_msgs/moveit_msgs/msg/detail/workspace_parameters__functions.c
[243.638s] -- Installing: /home/xdkazer/Dual_Kuka_LLM_Bachelor/p5_ws/install/moveit_msgs/include/moveit_msgs/moveit_msgs/msg/detail/cartesian_point__struct.h
[243.638s] -- Installing: /home/xdkazer/Dual_Kuka_LLM_Bachelor/p5_ws/install/moveit_msgs/include/moveit_msgs/moveit_msgs/msg/detail/position_ik_request__functions.c
[243.638s] -- Installing: /home/xdkazer/Dual_Kuka_LLM_Bachelor/p5_ws/install/moveit_msgs/include/moveit_msgs/moveit_msgs/msg/detail/grasp__functions.h
[243.638s] -- Installing: /home/xdkazer/Dual_Kuka_LLM_Bachelor/p5_ws/install/moveit_msgs/include/moveit_msgs/moveit_msgs/msg/detail/oriented_bounding_box__struct.h
[243.638s] -- Installing: /home/xdkazer/Dual_Kuka_LLM_Bachelor/p5_ws/install/moveit_msgs/include/moveit_msgs/moveit_msgs/msg/detail/motion_sequence_response__functions.c
[243.638s] -- Installing: /home/xdkazer/Dual_Kuka_LLM_Bachelor/p5_ws/install/moveit_msgs/include/moveit_msgs/moveit_msgs/msg/detail/motion_plan_request__functions.c
[243.638s] -- Installing: /home/xdkazer/Dual_Kuka_LLM_Bachelor/p5_ws/install/moveit_msgs/include/moveit_msgs/moveit_msgs/msg/detail/gripper_translation__type_support.h
[243.639s] -- Installing: /home/xdkazer/Dual_Kuka_LLM_Bachelor/p5_ws/install/moveit_msgs/include/moveit_msgs/moveit_msgs/msg/detail/motion_plan_detailed_response__functions.c
[243.639s] -- Installing: /home/xdkazer/Dual_Kuka_LLM_Bachelor/p5_ws/install/moveit_msgs/include/moveit_msgs/moveit_msgs/msg/detail/planning_options__struct.h
[243.639s] -- Installing: /home/xdkazer/Dual_Kuka_LLM_Bachelor/p5_ws/install/moveit_msgs/include/moveit_msgs/moveit_msgs/msg/detail/contact_information__functions.c
[243.639s] -- Installing: /home/xdkazer/Dual_Kuka_LLM_Bachelor/p5_ws/install/moveit_msgs/include/moveit_msgs/moveit_msgs/msg/detail/visibility_constraint__functions.h
[243.640s] -- Installing: /home/xdkazer/Dual_Kuka_LLM_Bachelor/p5_ws/install/moveit_msgs/include/moveit_msgs/moveit_msgs/msg/detail/robot_state__type_support.h
[243.640s] -- Installing: /home/xdkazer/Dual_Kuka_LLM_Bachelor/p5_ws/install/moveit_msgs/include/moveit_msgs/moveit_msgs/msg/detail/motion_sequence_response__type_support.h
[243.640s] -- Installing: /home/xdkazer/Dual_Kuka_LLM_Bachelor/p5_ws/install/moveit_msgs/include/moveit_msgs/moveit_msgs/msg/detail/bounding_volume__type_support.h
[243.641s] -- Installing: /home/xdkazer/Dual_Kuka_LLM_Bachelor/p5_ws/install/moveit_msgs/include/moveit_msgs/moveit_msgs/msg/detail/display_trajectory__functions.c
[243.641s] -- Installing: /home/xdkazer/Dual_Kuka_LLM_Bachelor/p5_ws/install/moveit_msgs/include/moveit_msgs/moveit_msgs/msg/detail/planning_scene__type_support.h
[243.641s] -- Installing: /home/xdkazer/Dual_Kuka_LLM_Bachelor/p5_ws/install/moveit_msgs/include/moveit_msgs/moveit_msgs/msg/detail/joint_constraint__functions.h
[243.641s] -- Installing: /home/xdkazer/Dual_Kuka_LLM_Bachelor/p5_ws/install/moveit_msgs/include/moveit_msgs/moveit_msgs/msg/detail/position_ik_request__functions.h
[243.641s] -- Installing: /home/xdkazer/Dual_Kuka_LLM_Bachelor/p5_ws/install/moveit_msgs/include/moveit_msgs/moveit_msgs/msg/detail/constraints__struct.h
[243.642s] -- Installing: /home/xdkazer/Dual_Kuka_LLM_Bachelor/p5_ws/install/moveit_msgs/include/moveit_msgs/moveit_msgs/msg/detail/planner_params__functions.c
[243.642s] -- Installing: /home/xdkazer/Dual_Kuka_LLM_Bachelor/p5_ws/install/moveit_msgs/include/moveit_msgs/moveit_msgs/msg/detail/display_trajectory__struct.h
[243.642s] -- Installing: /home/xdkazer/Dual_Kuka_LLM_Bachelor/p5_ws/install/moveit_msgs/include/moveit_msgs/moveit_msgs/msg/detail/cartesian_trajectory__struct.h
[243.642s] -- Installing: /home/xdkazer/Dual_Kuka_LLM_Bachelor/p5_ws/install/moveit_msgs/include/moveit_msgs/moveit_msgs/msg/detail/oriented_bounding_box__type_support.h
[243.642s] -- Installing: /home/xdkazer/Dual_Kuka_LLM_Bachelor/p5_ws/install/moveit_msgs/include/moveit_msgs/moveit_msgs/msg/detail/workspace_parameters__struct.h
[243.642s] -- Installing: /home/xdkazer/Dual_Kuka_LLM_Bachelor/p5_ws/install/moveit_msgs/include/moveit_msgs/moveit_msgs/msg/detail/orientation_constraint__struct.h
[243.642s] -- Installing: /home/xdkazer/Dual_Kuka_LLM_Bachelor/p5_ws/install/moveit_msgs/include/moveit_msgs/moveit_msgs/msg/detail/motion_plan_request__functions.h
[243.642s] -- Installing: /home/xdkazer/Dual_Kuka_LLM_Bachelor/p5_ws/install/moveit_msgs/include/moveit_msgs/moveit_msgs/msg/detail/contact_information__struct.h
[243.642s] -- Installing: /home/xdkazer/Dual_Kuka_LLM_Bachelor/p5_ws/install/moveit_msgs/include/moveit_msgs/moveit_msgs/msg/detail/position_constraint__functions.h
[243.642s] -- Installing: /home/xdkazer/Dual_Kuka_LLM_Bachelor/p5_ws/install/moveit_msgs/include/moveit_msgs/moveit_msgs/msg/planner_params.h
[243.642s] -- Installing: /home/xdkazer/Dual_Kuka_LLM_Bachelor/p5_ws/install/moveit_msgs/include/moveit_msgs/moveit_msgs/msg/gripper_translation.h
[243.642s] -- Installing: /home/xdkazer/Dual_Kuka_LLM_Bachelor/p5_ws/install/moveit_msgs/include/moveit_msgs/moveit_msgs/msg/constraint_eval_result.h
[243.642s] -- Installing: /home/xdkazer/Dual_Kuka_LLM_Bachelor/p5_ws/install/moveit_msgs/include/moveit_msgs/moveit_msgs/msg/display_trajectory.h
[243.643s] -- Installing: /home/xdkazer/Dual_Kuka_LLM_Bachelor/p5_ws/install/moveit_msgs/include/moveit_msgs/moveit_msgs/msg/joint_limits.h
[243.643s] -- Installing: /home/xdkazer/Dual_Kuka_LLM_Bachelor/p5_ws/install/moveit_msgs/include/moveit_msgs/moveit_msgs/msg/object_color.h
[243.643s] -- Installing: /home/xdkazer/Dual_Kuka_LLM_Bachelor/p5_ws/install/moveit_msgs/include/moveit_msgs/moveit_msgs/msg/bounding_volume.h
[243.643s] -- Installing: /home/xdkazer/Dual_Kuka_LLM_Bachelor/p5_ws/install/moveit_msgs/include/moveit_msgs/moveit_msgs/msg/planning_scene_world.h
[243.643s] -- Installing: /home/xdkazer/Dual_Kuka_LLM_Bachelor/p5_ws/install/moveit_msgs/include/moveit_msgs/moveit_msgs/msg/planner_interface_description.h
[243.643s] -- Installing: /home/xdkazer/Dual_Kuka_LLM_Bachelor/p5_ws/install/moveit_msgs/include/moveit_msgs/moveit_msgs/msg/motion_plan_response.h
[243.643s] -- Installing: /home/xdkazer/Dual_Kuka_LLM_Bachelor/p5_ws/install/moveit_msgs/include/moveit_msgs/moveit_msgs/msg/attached_collision_object.h
[243.643s] -- Installing: /home/xdkazer/Dual_Kuka_LLM_Bachelor/p5_ws/install/moveit_msgs/include/moveit_msgs/moveit_msgs/msg/planning_options.h
[243.643s] -- Installing: /home/xdkazer/Dual_Kuka_LLM_Bachelor/p5_ws/install/moveit_msgs/include/moveit_msgs/moveit_msgs/msg/cartesian_trajectory.h
[243.643s] -- Installing: /home/xdkazer/Dual_Kuka_LLM_Bachelor/p5_ws/install/moveit_msgs/include/moveit_msgs/moveit_msgs/msg/allowed_collision_entry.h
[243.644s] -- Installing: /home/xdkazer/Dual_Kuka_LLM_Bachelor/p5_ws/install/moveit_msgs/include/moveit_msgs/moveit_msgs/msg/orientation_constraint.h
[243.645s] -- Installing: /home/xdkazer/Dual_Kuka_LLM_Bachelor/p5_ws/install/moveit_msgs/include/moveit_msgs/moveit_msgs/msg/allowed_collision_matrix.h
[243.645s] -- Installing: /home/xdkazer/Dual_Kuka_LLM_Bachelor/p5_ws/install/moveit_msgs/include/moveit_msgs/moveit_msgs/msg/link_padding.h
[243.645s] -- Installing: /home/xdkazer/Dual_Kuka_LLM_Bachelor/p5_ws/install/moveit_msgs/include/moveit_msgs/moveit_msgs/msg/workspace_parameters.h
[243.645s] -- Installing: /home/xdkazer/Dual_Kuka_LLM_Bachelor/p5_ws/install/moveit_msgs/include/moveit_msgs/moveit_msgs/msg/motion_plan_detailed_response.h
[243.645s] -- Installing: /home/xdkazer/Dual_Kuka_LLM_Bachelor/p5_ws/install/moveit_msgs/include/moveit_msgs/moveit_msgs/msg/joint_constraint.h
[243.645s] -- Installing: /home/xdkazer/Dual_Kuka_LLM_Bachelor/p5_ws/install/moveit_msgs/include/moveit_msgs/moveit_msgs/msg/oriented_bounding_box.h
[243.646s] -- Installing: /home/xdkazer/Dual_Kuka_LLM_Bachelor/p5_ws/install/moveit_msgs/include/moveit_msgs/moveit_msgs/msg/constraints.h
[243.646s] -- Installing: /home/xdkazer/Dual_Kuka_LLM_Bachelor/p5_ws/install/moveit_msgs/include/moveit_msgs/moveit_msgs/msg/visibility_constraint.h
[243.646s] -- Installing: /home/xdkazer/Dual_Kuka_LLM_Bachelor/p5_ws/install/moveit_msgs/include/moveit_msgs/moveit_msgs/srv
[243.646s] -- Installing: /home/xdkazer/Dual_Kuka_LLM_Bachelor/p5_ws/install/moveit_msgs/include/moveit_msgs/moveit_msgs/srv/list_robot_states_in_warehouse.h
[243.646s] -- Installing: /home/xdkazer/Dual_Kuka_LLM_Bachelor/p5_ws/install/moveit_msgs/include/moveit_msgs/moveit_msgs/srv/get_position_ik.h
[243.646s] -- Installing: /home/xdkazer/Dual_Kuka_LLM_Bachelor/p5_ws/install/moveit_msgs/include/moveit_msgs/moveit_msgs/srv/update_pointcloud_octomap.h
[243.646s] -- Installing: /home/xdkazer/Dual_Kuka_LLM_Bachelor/p5_ws/install/moveit_msgs/include/moveit_msgs/moveit_msgs/srv/load_map.h
[243.646s] -- Installing: /home/xdkazer/Dual_Kuka_LLM_Bachelor/p5_ws/install/moveit_msgs/include/moveit_msgs/moveit_msgs/srv/get_motion_plan.h
[243.646s] -- Installing: /home/xdkazer/Dual_Kuka_LLM_Bachelor/p5_ws/install/moveit_msgs/include/moveit_msgs/moveit_msgs/srv/get_robot_state_from_warehouse.h
[243.646s] -- Installing: /home/xdkazer/Dual_Kuka_LLM_Bachelor/p5_ws/install/moveit_msgs/include/moveit_msgs/moveit_msgs/srv/rename_robot_state_in_warehouse.h
[243.647s] -- Installing: /home/xdkazer/Dual_Kuka_LLM_Bachelor/p5_ws/install/moveit_msgs/include/moveit_msgs/moveit_msgs/srv/get_state_validity.h
[243.647s] -- Installing: /home/xdkazer/Dual_Kuka_LLM_Bachelor/p5_ws/install/moveit_msgs/include/moveit_msgs/moveit_msgs/srv/set_planner_params.h
[243.647s] -- Installing: /home/xdkazer/Dual_Kuka_LLM_Bachelor/p5_ws/install/moveit_msgs/include/moveit_msgs/moveit_msgs/srv/apply_planning_scene.h
[243.647s] -- Installing: /home/xdkazer/Dual_Kuka_LLM_Bachelor/p5_ws/install/moveit_msgs/include/moveit_msgs/moveit_msgs/srv/get_motion_sequence.h
[243.647s] -- Installing: /home/xdkazer/Dual_Kuka_LLM_Bachelor/p5_ws/install/moveit_msgs/include/moveit_msgs/moveit_msgs/srv/get_planner_params.h
[243.647s] -- Installing: /home/xdkazer/Dual_Kuka_LLM_Bachelor/p5_ws/install/moveit_msgs/include/moveit_msgs/moveit_msgs/srv/check_if_robot_state_exists_in_warehouse.h
[243.647s] -- Installing: /home/xdkazer/Dual_Kuka_LLM_Bachelor/p5_ws/install/moveit_msgs/include/moveit_msgs/moveit_msgs/srv/detail
[243.648s] -- Installing: /home/xdkazer/Dual_Kuka_LLM_Bachelor/p5_ws/install/moveit_msgs/include/moveit_msgs/moveit_msgs/srv/detail/check_if_robot_state_exists_in_warehouse__type_support.h
[243.648s] -- Installing: /home/xdkazer/Dual_Kuka_LLM_Bachelor/p5_ws/install/moveit_msgs/include/moveit_msgs/moveit_msgs/srv/detail/query_planner_interfaces__functions.h
[243.649s] -- Installing: /home/xdkazer/Dual_Kuka_LLM_Bachelor/p5_ws/install/moveit_msgs/include/moveit_msgs/moveit_msgs/srv/detail/get_cartesian_path__type_support.h
[243.649s] -- Installing: /home/xdkazer/Dual_Kuka_LLM_Bachelor/p5_ws/install/moveit_msgs/include/moveit_msgs/moveit_msgs/srv/detail/update_pointcloud_octomap__functions.c
[243.649s] -- Installing: /home/xdkazer/Dual_Kuka_LLM_Bachelor/p5_ws/install/moveit_msgs/include/moveit_msgs/moveit_msgs/srv/detail/apply_planning_scene__type_support.h
[243.649s] -- Installing: /home/xdkazer/Dual_Kuka_LLM_Bachelor/p5_ws/install/moveit_msgs/include/moveit_msgs/moveit_msgs/srv/detail/update_pointcloud_octomap__functions.h
[243.649s] -- Installing: /home/xdkazer/Dual_Kuka_LLM_Bachelor/p5_ws/install/moveit_msgs/include/moveit_msgs/moveit_msgs/srv/detail/get_motion_plan__functions.h
[243.649s] -- Installing: /home/xdkazer/Dual_Kuka_LLM_Bachelor/p5_ws/install/moveit_msgs/include/moveit_msgs/moveit_msgs/srv/detail/get_position_fk__functions.c
[243.649s] -- Installing: /home/xdkazer/Dual_Kuka_LLM_Bachelor/p5_ws/install/moveit_msgs/include/moveit_msgs/moveit_msgs/srv/detail/rename_robot_state_in_warehouse__functions.c
[243.649s] -- Installing: /home/xdkazer/Dual_Kuka_LLM_Bachelor/p5_ws/install/moveit_msgs/include/moveit_msgs/moveit_msgs/srv/detail/get_planning_scene__functions.h
[243.649s] -- Installing: /home/xdkazer/Dual_Kuka_LLM_Bachelor/p5_ws/install/moveit_msgs/include/moveit_msgs/moveit_msgs/srv/detail/save_robot_state_to_warehouse__functions.c
[243.650s] -- Installing: /home/xdkazer/Dual_Kuka_LLM_Bachelor/p5_ws/install/moveit_msgs/include/moveit_msgs/moveit_msgs/srv/detail/get_position_ik__functions.c
[243.650s] -- Installing: /home/xdkazer/Dual_Kuka_LLM_Bachelor/p5_ws/install/moveit_msgs/include/moveit_msgs/moveit_msgs/srv/detail/save_map__struct.h
[243.650s] -- Installing: /home/xdkazer/Dual_Kuka_LLM_Bachelor/p5_ws/install/moveit_msgs/include/moveit_msgs/moveit_msgs/srv/detail/delete_robot_state_from_warehouse__struct.h
[243.650s] -- Installing: /home/xdkazer/Dual_Kuka_LLM_Bachelor/p5_ws/install/moveit_msgs/include/moveit_msgs/moveit_msgs/srv/detail/rename_robot_state_in_warehouse__struct.h
[243.650s] -- Installing: /home/xdkazer/Dual_Kuka_LLM_Bachelor/p5_ws/install/moveit_msgs/include/moveit_msgs/moveit_msgs/srv/detail/get_state_validity__functions.c
[243.650s] -- Installing: /home/xdkazer/Dual_Kuka_LLM_Bachelor/p5_ws/install/moveit_msgs/include/moveit_msgs/moveit_msgs/srv/detail/get_position_ik__struct.h
[243.650s] -- Installing: /home/xdkazer/Dual_Kuka_LLM_Bachelor/p5_ws/install/moveit_msgs/include/moveit_msgs/moveit_msgs/srv/detail/delete_robot_state_from_warehouse__functions.c
[243.650s] -- Installing: /home/xdkazer/Dual_Kuka_LLM_Bachelor/p5_ws/install/moveit_msgs/include/moveit_msgs/moveit_msgs/srv/detail/load_map__struct.h
[243.651s] -- Installing: /home/xdkazer/Dual_Kuka_LLM_Bachelor/p5_ws/install/moveit_msgs/include/moveit_msgs/moveit_msgs/srv/detail/load_map__type_support.h
[243.651s] -- Installing: /home/xdkazer/Dual_Kuka_LLM_Bachelor/p5_ws/install/moveit_msgs/include/moveit_msgs/moveit_msgs/srv/detail/get_motion_sequence__type_support.h
[243.651s] -- Installing: /home/xdkazer/Dual_Kuka_LLM_Bachelor/p5_ws/install/moveit_msgs/include/moveit_msgs/moveit_msgs/srv/detail/save_map__type_support.h
[243.651s] -- Installing: /home/xdkazer/Dual_Kuka_LLM_Bachelor/p5_ws/install/moveit_msgs/include/moveit_msgs/moveit_msgs/srv/detail/get_planning_scene__functions.c
[243.651s] -- Installing: /home/xdkazer/Dual_Kuka_LLM_Bachelor/p5_ws/install/moveit_msgs/include/moveit_msgs/moveit_msgs/srv/detail/list_robot_states_in_warehouse__type_support.h
[243.651s] -- Installing: /home/xdkazer/Dual_Kuka_LLM_Bachelor/p5_ws/install/moveit_msgs/include/moveit_msgs/moveit_msgs/srv/detail/load_map__functions.c
[243.651s] -- Installing: /home/xdkazer/Dual_Kuka_LLM_Bachelor/p5_ws/install/moveit_msgs/include/moveit_msgs/moveit_msgs/srv/detail/get_position_fk__struct.h
[243.652s] -- Installing: /home/xdkazer/Dual_Kuka_LLM_Bachelor/p5_ws/install/moveit_msgs/include/moveit_msgs/moveit_msgs/srv/detail/update_pointcloud_octomap__type_support.h
[243.652s] -- Installing: /home/xdkazer/Dual_Kuka_LLM_Bachelor/p5_ws/install/moveit_msgs/include/moveit_msgs/moveit_msgs/srv/detail/get_robot_state_from_warehouse__functions.c
[243.652s] -- Installing: /home/xdkazer/Dual_Kuka_LLM_Bachelor/p5_ws/install/moveit_msgs/include/moveit_msgs/moveit_msgs/srv/detail/get_planner_params__struct.h
[243.652s] -- Installing: /home/xdkazer/Dual_Kuka_LLM_Bachelor/p5_ws/install/moveit_msgs/include/moveit_msgs/moveit_msgs/srv/detail/apply_planning_scene__functions.c
[243.652s] -- Installing: /home/xdkazer/Dual_Kuka_LLM_Bachelor/p5_ws/install/moveit_msgs/include/moveit_msgs/moveit_msgs/srv/detail/change_drift_dimensions__functions.h
[243.652s] -- Installing: /home/xdkazer/Dual_Kuka_LLM_Bachelor/p5_ws/install/moveit_msgs/include/moveit_msgs/moveit_msgs/srv/detail/get_position_fk__type_support.h
[243.652s] -- Installing: /home/xdkazer/Dual_Kuka_LLM_Bachelor/p5_ws/install/moveit_msgs/include/moveit_msgs/moveit_msgs/srv/detail/check_if_robot_state_exists_in_warehouse__functions.h
[243.652s] -- Installing: /home/xdkazer/Dual_Kuka_LLM_Bachelor/p5_ws/install/moveit_msgs/include/moveit_msgs/moveit_msgs/srv/detail/set_planner_params__functions.c
[243.653s] -- Installing: /home/xdkazer/Dual_Kuka_LLM_Bachelor/p5_ws/install/moveit_msgs/include/moveit_msgs/moveit_msgs/srv/detail/list_robot_states_in_warehouse__functions.h
[243.653s] -- Installing: /home/xdkazer/Dual_Kuka_LLM_Bachelor/p5_ws/install/moveit_msgs/include/moveit_msgs/moveit_msgs/srv/detail/list_robot_states_in_warehouse__struct.h
[243.653s] -- Installing: /home/xdkazer/Dual_Kuka_LLM_Bachelor/p5_ws/install/moveit_msgs/include/moveit_msgs/moveit_msgs/srv/detail/apply_planning_scene__struct.h
[243.653s] -- Installing: /home/xdkazer/Dual_Kuka_LLM_Bachelor/p5_ws/install/moveit_msgs/include/moveit_msgs/moveit_msgs/srv/detail/get_motion_plan__struct.h
[243.653s] -- Installing: /home/xdkazer/Dual_Kuka_LLM_Bachelor/p5_ws/install/moveit_msgs/include/moveit_msgs/moveit_msgs/srv/detail/get_planning_scene__struct.h
[243.653s] -- Installing: /home/xdkazer/Dual_Kuka_LLM_Bachelor/p5_ws/install/moveit_msgs/include/moveit_msgs/moveit_msgs/srv/detail/get_planning_scene__type_support.h
[243.653s] -- Installing: /home/xdkazer/Dual_Kuka_LLM_Bachelor/p5_ws/install/moveit_msgs/include/moveit_msgs/moveit_msgs/srv/detail/query_planner_interfaces__type_support.h
[243.653s] -- Installing: /home/xdkazer/Dual_Kuka_LLM_Bachelor/p5_ws/install/moveit_msgs/include/moveit_msgs/moveit_msgs/srv/detail/change_control_dimensions__type_support.h
[243.653s] -- Installing: /home/xdkazer/Dual_Kuka_LLM_Bachelor/p5_ws/install/moveit_msgs/include/moveit_msgs/moveit_msgs/srv/detail/get_robot_state_from_warehouse__type_support.h
[243.653s] -- Installing: /home/xdkazer/Dual_Kuka_LLM_Bachelor/p5_ws/install/moveit_msgs/include/moveit_msgs/moveit_msgs/srv/detail/grasp_planning__functions.c
[243.653s] -- Installing: /home/xdkazer/Dual_Kuka_LLM_Bachelor/p5_ws/install/moveit_msgs/include/moveit_msgs/moveit_msgs/srv/detail/change_control_dimensions__struct.h
[243.653s] -- Installing: /home/xdkazer/Dual_Kuka_LLM_Bachelor/p5_ws/install/moveit_msgs/include/moveit_msgs/moveit_msgs/srv/detail/query_planner_interfaces__struct.h
[243.654s] -- Installing: /home/xdkazer/Dual_Kuka_LLM_Bachelor/p5_ws/install/moveit_msgs/include/moveit_msgs/moveit_msgs/srv/detail/list_robot_states_in_warehouse__functions.c
[243.654s] -- Installing: /home/xdkazer/Dual_Kuka_LLM_Bachelor/p5_ws/install/moveit_msgs/include/moveit_msgs/moveit_msgs/srv/detail/save_robot_state_to_warehouse__functions.h
[243.654s] -- Installing: /home/xdkazer/Dual_Kuka_LLM_Bachelor/p5_ws/install/moveit_msgs/include/moveit_msgs/moveit_msgs/srv/detail/grasp_planning__type_support.h
[243.654s] -- Installing: /home/xdkazer/Dual_Kuka_LLM_Bachelor/p5_ws/install/moveit_msgs/include/moveit_msgs/moveit_msgs/srv/detail/get_motion_sequence__functions.h
[243.654s] -- Installing: /home/xdkazer/Dual_Kuka_LLM_Bachelor/p5_ws/install/moveit_msgs/include/moveit_msgs/moveit_msgs/srv/detail/get_planner_params__type_support.h
[243.654s] -- Installing: /home/xdkazer/Dual_Kuka_LLM_Bachelor/p5_ws/install/moveit_msgs/include/moveit_msgs/moveit_msgs/srv/detail/load_map__functions.h
[243.654s] -- Installing: /home/xdkazer/Dual_Kuka_LLM_Bachelor/p5_ws/install/moveit_msgs/include/moveit_msgs/moveit_msgs/srv/detail/save_map__functions.c
[243.654s] -- Installing: /home/xdkazer/Dual_Kuka_LLM_Bachelor/p5_ws/install/moveit_msgs/include/moveit_msgs/moveit_msgs/srv/detail/get_position_ik__functions.h
[243.654s] -- Installing: /home/xdkazer/Dual_Kuka_LLM_Bachelor/p5_ws/install/moveit_msgs/include/moveit_msgs/moveit_msgs/srv/detail/query_planner_interfaces__functions.c
[243.654s] -- Installing: /home/xdkazer/Dual_Kuka_LLM_Bachelor/p5_ws/install/moveit_msgs/include/moveit_msgs/moveit_msgs/srv/detail/set_planner_params__functions.h
[243.654s] -- Installing: /home/xdkazer/Dual_Kuka_LLM_Bachelor/p5_ws/install/moveit_msgs/include/moveit_msgs/moveit_msgs/srv/detail/update_pointcloud_octomap__struct.h
[243.655s] -- Installing: /home/xdkazer/Dual_Kuka_LLM_Bachelor/p5_ws/install/moveit_msgs/include/moveit_msgs/moveit_msgs/srv/detail/save_map__functions.h
[243.655s] -- Installing: /home/xdkazer/Dual_Kuka_LLM_Bachelor/p5_ws/install/moveit_msgs/include/moveit_msgs/moveit_msgs/srv/detail/get_motion_sequence__functions.c
[243.655s] -- Installing: /home/xdkazer/Dual_Kuka_LLM_Bachelor/p5_ws/install/moveit_msgs/include/moveit_msgs/moveit_msgs/srv/detail/change_control_dimensions__functions.h
[243.655s] -- Installing: /home/xdkazer/Dual_Kuka_LLM_Bachelor/p5_ws/install/moveit_msgs/include/moveit_msgs/moveit_msgs/srv/detail/get_position_fk__functions.h
[243.655s] -- Installing: /home/xdkazer/Dual_Kuka_LLM_Bachelor/p5_ws/install/moveit_msgs/include/moveit_msgs/moveit_msgs/srv/detail/get_cartesian_path__struct.h
[243.655s] -- Installing: /home/xdkazer/Dual_Kuka_LLM_Bachelor/p5_ws/install/moveit_msgs/include/moveit_msgs/moveit_msgs/srv/detail/check_if_robot_state_exists_in_warehouse__struct.h
[243.655s] -- Installing: /home/xdkazer/Dual_Kuka_LLM_Bachelor/p5_ws/install/moveit_msgs/include/moveit_msgs/moveit_msgs/srv/detail/get_cartesian_path__functions.h
[243.656s] -- Installing: /home/xdkazer/Dual_Kuka_LLM_Bachelor/p5_ws/install/moveit_msgs/include/moveit_msgs/moveit_msgs/srv/detail/change_drift_dimensions__type_support.h
[243.656s] -- Installing: /home/xdkazer/Dual_Kuka_LLM_Bachelor/p5_ws/install/moveit_msgs/include/moveit_msgs/moveit_msgs/srv/detail/get_motion_plan__functions.c
[243.656s] -- Installing: /home/xdkazer/Dual_Kuka_LLM_Bachelor/p5_ws/install/moveit_msgs/include/moveit_msgs/moveit_msgs/srv/detail/grasp_planning__struct.h
[243.656s] -- Installing: /home/xdkazer/Dual_Kuka_LLM_Bachelor/p5_ws/install/moveit_msgs/include/moveit_msgs/moveit_msgs/srv/detail/delete_robot_state_from_warehouse__functions.h
[243.656s] -- Installing: /home/xdkazer/Dual_Kuka_LLM_Bachelor/p5_ws/install/moveit_msgs/include/moveit_msgs/moveit_msgs/srv/detail/get_planner_params__functions.c
[243.656s] -- Installing: /home/xdkazer/Dual_Kuka_LLM_Bachelor/p5_ws/install/moveit_msgs/include/moveit_msgs/moveit_msgs/srv/detail/rename_robot_state_in_warehouse__functions.h
[243.657s] -- Installing: /home/xdkazer/Dual_Kuka_LLM_Bachelor/p5_ws/install/moveit_msgs/include/moveit_msgs/moveit_msgs/srv/detail/grasp_planning__functions.h
[243.657s] -- Installing: /home/xdkazer/Dual_Kuka_LLM_Bachelor/p5_ws/install/moveit_msgs/include/moveit_msgs/moveit_msgs/srv/detail/change_drift_dimensions__struct.h
[243.657s] -- Installing: /home/xdkazer/Dual_Kuka_LLM_Bachelor/p5_ws/install/moveit_msgs/include/moveit_msgs/moveit_msgs/srv/detail/get_robot_state_from_warehouse__struct.h
[243.657s] -- Installing: /home/xdkazer/Dual_Kuka_LLM_Bachelor/p5_ws/install/moveit_msgs/include/moveit_msgs/moveit_msgs/srv/detail/get_position_ik__type_support.h
[243.657s] -- Installing: /home/xdkazer/Dual_Kuka_LLM_Bachelor/p5_ws/install/moveit_msgs/include/moveit_msgs/moveit_msgs/srv/detail/get_motion_plan__type_support.h
[243.657s] -- Installing: /home/xdkazer/Dual_Kuka_LLM_Bachelor/p5_ws/install/moveit_msgs/include/moveit_msgs/moveit_msgs/srv/detail/get_state_validity__struct.h
[243.657s] -- Installing: /home/xdkazer/Dual_Kuka_LLM_Bachelor/p5_ws/install/moveit_msgs/include/moveit_msgs/moveit_msgs/srv/detail/get_robot_state_from_warehouse__functions.h
[243.658s] -- Installing: /home/xdkazer/Dual_Kuka_LLM_Bachelor/p5_ws/install/moveit_msgs/include/moveit_msgs/moveit_msgs/srv/detail/get_cartesian_path__functions.c
[243.658s] -- Installing: /home/xdkazer/Dual_Kuka_LLM_Bachelor/p5_ws/install/moveit_msgs/include/moveit_msgs/moveit_msgs/srv/detail/set_planner_params__type_support.h
[243.658s] -- Installing: /home/xdkazer/Dual_Kuka_LLM_Bachelor/p5_ws/install/moveit_msgs/include/moveit_msgs/moveit_msgs/srv/detail/delete_robot_state_from_warehouse__type_support.h
[243.658s] -- Installing: /home/xdkazer/Dual_Kuka_LLM_Bachelor/p5_ws/install/moveit_msgs/include/moveit_msgs/moveit_msgs/srv/detail/rename_robot_state_in_warehouse__type_support.h
[243.658s] -- Installing: /home/xdkazer/Dual_Kuka_LLM_Bachelor/p5_ws/install/moveit_msgs/include/moveit_msgs/moveit_msgs/srv/detail/get_state_validity__functions.h
[243.658s] -- Installing: /home/xdkazer/Dual_Kuka_LLM_Bachelor/p5_ws/install/moveit_msgs/include/moveit_msgs/moveit_msgs/srv/detail/check_if_robot_state_exists_in_warehouse__functions.c
[243.658s] -- Installing: /home/xdkazer/Dual_Kuka_LLM_Bachelor/p5_ws/install/moveit_msgs/include/moveit_msgs/moveit_msgs/srv/detail/apply_planning_scene__functions.h
[243.659s] -- Installing: /home/xdkazer/Dual_Kuka_LLM_Bachelor/p5_ws/install/moveit_msgs/include/moveit_msgs/moveit_msgs/srv/detail/change_drift_dimensions__functions.c
[243.659s] -- Installing: /home/xdkazer/Dual_Kuka_LLM_Bachelor/p5_ws/install/moveit_msgs/include/moveit_msgs/moveit_msgs/srv/detail/get_state_validity__type_support.h
[243.659s] -- Installing: /home/xdkazer/Dual_Kuka_LLM_Bachelor/p5_ws/install/moveit_msgs/include/moveit_msgs/moveit_msgs/srv/detail/change_control_dimensions__functions.c
[243.659s] -- Installing: /home/xdkazer/Dual_Kuka_LLM_Bachelor/p5_ws/install/moveit_msgs/include/moveit_msgs/moveit_msgs/srv/detail/save_robot_state_to_warehouse__struct.h
[243.659s] -- Installing: /home/xdkazer/Dual_Kuka_LLM_Bachelor/p5_ws/install/moveit_msgs/include/moveit_msgs/moveit_msgs/srv/detail/set_planner_params__struct.h
[243.659s] -- Installing: /home/xdkazer/Dual_Kuka_LLM_Bachelor/p5_ws/install/moveit_msgs/include/moveit_msgs/moveit_msgs/srv/detail/get_motion_sequence__struct.h
[243.659s] -- Installing: /home/xdkazer/Dual_Kuka_LLM_Bachelor/p5_ws/install/moveit_msgs/include/moveit_msgs/moveit_msgs/srv/detail/save_robot_state_to_warehouse__type_support.h
[243.659s] -- Installing: /home/xdkazer/Dual_Kuka_LLM_Bachelor/p5_ws/install/moveit_msgs/include/moveit_msgs/moveit_msgs/srv/detail/get_planner_params__functions.h
[243.659s] -- Installing: /home/xdkazer/Dual_Kuka_LLM_Bachelor/p5_ws/install/moveit_msgs/include/moveit_msgs/moveit_msgs/srv/get_planning_scene.h
[243.659s] -- Installing: /home/xdkazer/Dual_Kuka_LLM_Bachelor/p5_ws/install/moveit_msgs/include/moveit_msgs/moveit_msgs/srv/save_robot_state_to_warehouse.h
[243.659s] -- Installing: /home/xdkazer/Dual_Kuka_LLM_Bachelor/p5_ws/install/moveit_msgs/include/moveit_msgs/moveit_msgs/srv/get_cartesian_path.h
[243.659s] -- Installing: /home/xdkazer/Dual_Kuka_LLM_Bachelor/p5_ws/install/moveit_msgs/include/moveit_msgs/moveit_msgs/srv/change_control_dimensions.h
[243.659s] -- Installing: /home/xdkazer/Dual_Kuka_LLM_Bachelor/p5_ws/install/moveit_msgs/include/moveit_msgs/moveit_msgs/srv/get_position_fk.h
[243.659s] -- Installing: /home/xdkazer/Dual_Kuka_LLM_Bachelor/p5_ws/install/moveit_msgs/include/moveit_msgs/moveit_msgs/srv/change_drift_dimensions.h
[243.659s] -- Installing: /home/xdkazer/Dual_Kuka_LLM_Bachelor/p5_ws/install/moveit_msgs/include/moveit_msgs/moveit_msgs/srv/grasp_planning.h
[243.660s] -- Installing: /home/xdkazer/Dual_Kuka_LLM_Bachelor/p5_ws/install/moveit_msgs/include/moveit_msgs/moveit_msgs/srv/query_planner_interfaces.h
[243.660s] -- Installing: /home/xdkazer/Dual_Kuka_LLM_Bachelor/p5_ws/install/moveit_msgs/include/moveit_msgs/moveit_msgs/srv/delete_robot_state_from_warehouse.h
[243.660s] -- Installing: /home/xdkazer/Dual_Kuka_LLM_Bachelor/p5_ws/install/moveit_msgs/include/moveit_msgs/moveit_msgs/srv/save_map.h
[243.660s] -- Installing: /home/xdkazer/Dual_Kuka_LLM_Bachelor/p5_ws/install/moveit_msgs/include/moveit_msgs/moveit_msgs/action
[243.660s] -- Installing: /home/xdkazer/Dual_Kuka_LLM_Bachelor/p5_ws/install/moveit_msgs/include/moveit_msgs/moveit_msgs/action/hybrid_planner.h
[243.660s] -- Installing: /home/xdkazer/Dual_Kuka_LLM_Bachelor/p5_ws/install/moveit_msgs/include/moveit_msgs/moveit_msgs/action/move_group_sequence.h
[243.660s] -- Installing: /home/xdkazer/Dual_Kuka_LLM_Bachelor/p5_ws/install/moveit_msgs/include/moveit_msgs/moveit_msgs/action/local_planner.h
[243.661s] -- Installing: /home/xdkazer/Dual_Kuka_LLM_Bachelor/p5_ws/install/moveit_msgs/include/moveit_msgs/moveit_msgs/action/global_planner.h
[243.661s] -- Installing: /home/xdkazer/Dual_Kuka_LLM_Bachelor/p5_ws/install/moveit_msgs/include/moveit_msgs/moveit_msgs/action/detail
[243.661s] -- Installing: /home/xdkazer/Dual_Kuka_LLM_Bachelor/p5_ws/install/moveit_msgs/include/moveit_msgs/moveit_msgs/action/detail/execute_trajectory__functions.c
[243.661s] -- Installing: /home/xdkazer/Dual_Kuka_LLM_Bachelor/p5_ws/install/moveit_msgs/include/moveit_msgs/moveit_msgs/action/detail/pickup__type_support.h
[243.661s] -- Installing: /home/xdkazer/Dual_Kuka_LLM_Bachelor/p5_ws/install/moveit_msgs/include/moveit_msgs/moveit_msgs/action/detail/hybrid_planner__functions.c
[243.661s] -- Installing: /home/xdkazer/Dual_Kuka_LLM_Bachelor/p5_ws/install/moveit_msgs/include/moveit_msgs/moveit_msgs/action/detail/execute_trajectory__struct.h
[243.661s] -- Installing: /home/xdkazer/Dual_Kuka_LLM_Bachelor/p5_ws/install/moveit_msgs/include/moveit_msgs/moveit_msgs/action/detail/place__functions.h
[243.661s] -- Installing: /home/xdkazer/Dual_Kuka_LLM_Bachelor/p5_ws/install/moveit_msgs/include/moveit_msgs/moveit_msgs/action/detail/move_group__type_support.h
[243.661s] -- Installing: /home/xdkazer/Dual_Kuka_LLM_Bachelor/p5_ws/install/moveit_msgs/include/moveit_msgs/moveit_msgs/action/detail/move_group__functions.h
[243.661s] -- Installing: /home/xdkazer/Dual_Kuka_LLM_Bachelor/p5_ws/install/moveit_msgs/include/moveit_msgs/moveit_msgs/action/detail/global_planner__type_support.h
[243.661s] -- Installing: /home/xdkazer/Dual_Kuka_LLM_Bachelor/p5_ws/install/moveit_msgs/include/moveit_msgs/moveit_msgs/action/detail/hybrid_planner__type_support.h
[243.661s] -- Installing: /home/xdkazer/Dual_Kuka_LLM_Bachelor/p5_ws/install/moveit_msgs/include/moveit_msgs/moveit_msgs/action/detail/local_planner__type_support.h
[243.661s] -- Installing: /home/xdkazer/Dual_Kuka_LLM_Bachelor/p5_ws/install/moveit_msgs/include/moveit_msgs/moveit_msgs/action/detail/execute_trajectory__type_support.h
[243.661s] -- Installing: /home/xdkazer/Dual_Kuka_LLM_Bachelor/p5_ws/install/moveit_msgs/include/moveit_msgs/moveit_msgs/action/detail/move_group__struct.h
[243.662s] -- Installing: /home/xdkazer/Dual_Kuka_LLM_Bachelor/p5_ws/install/moveit_msgs/include/moveit_msgs/moveit_msgs/action/detail/execute_trajectory__functions.h
[243.662s] -- Installing: /home/xdkazer/Dual_Kuka_LLM_Bachelor/p5_ws/install/moveit_msgs/include/moveit_msgs/moveit_msgs/action/detail/move_group__functions.c
[243.662s] -- Installing: /home/xdkazer/Dual_Kuka_LLM_Bachelor/p5_ws/install/moveit_msgs/include/moveit_msgs/moveit_msgs/action/detail/place__functions.c
[243.662s] -- Installing: /home/xdkazer/Dual_Kuka_LLM_Bachelor/p5_ws/install/moveit_msgs/include/moveit_msgs/moveit_msgs/action/detail/pickup__functions.h
[243.662s] -- Installing: /home/xdkazer/Dual_Kuka_LLM_Bachelor/p5_ws/install/moveit_msgs/include/moveit_msgs/moveit_msgs/action/detail/move_group_sequence__functions.c
[243.662s] -- Installing: /home/xdkazer/Dual_Kuka_LLM_Bachelor/p5_ws/install/moveit_msgs/include/moveit_msgs/moveit_msgs/action/detail/global_planner__struct.h
[243.662s] -- Installing: /home/xdkazer/Dual_Kuka_LLM_Bachelor/p5_ws/install/moveit_msgs/include/moveit_msgs/moveit_msgs/action/detail/place__struct.h
[243.663s] -- Installing: /home/xdkazer/Dual_Kuka_LLM_Bachelor/p5_ws/install/moveit_msgs/include/moveit_msgs/moveit_msgs/action/detail/place__type_support.h
[243.663s] -- Installing: /home/xdkazer/Dual_Kuka_LLM_Bachelor/p5_ws/install/moveit_msgs/include/moveit_msgs/moveit_msgs/action/detail/pickup__struct.h
[243.663s] -- Installing: /home/xdkazer/Dual_Kuka_LLM_Bachelor/p5_ws/install/moveit_msgs/include/moveit_msgs/moveit_msgs/action/detail/local_planner__struct.h
[243.663s] -- Installing: /home/xdkazer/Dual_Kuka_LLM_Bachelor/p5_ws/install/moveit_msgs/include/moveit_msgs/moveit_msgs/action/detail/move_group_sequence__struct.h
[243.664s] -- Installing: /home/xdkazer/Dual_Kuka_LLM_Bachelor/p5_ws/install/moveit_msgs/include/moveit_msgs/moveit_msgs/action/detail/local_planner__functions.h
[243.664s] -- Installing: /home/xdkazer/Dual_Kuka_LLM_Bachelor/p5_ws/install/moveit_msgs/include/moveit_msgs/moveit_msgs/action/detail/local_planner__functions.c
[243.664s] -- Installing: /home/xdkazer/Dual_Kuka_LLM_Bachelor/p5_ws/install/moveit_msgs/include/moveit_msgs/moveit_msgs/action/detail/pickup__functions.c
[243.664s] -- Installing: /home/xdkazer/Dual_Kuka_LLM_Bachelor/p5_ws/install/moveit_msgs/include/moveit_msgs/moveit_msgs/action/detail/move_group_sequence__functions.h
[243.664s] -- Installing: /home/xdkazer/Dual_Kuka_LLM_Bachelor/p5_ws/install/moveit_msgs/include/moveit_msgs/moveit_msgs/action/detail/global_planner__functions.h
[243.664s] -- Installing: /home/xdkazer/Dual_Kuka_LLM_Bachelor/p5_ws/install/moveit_msgs/include/moveit_msgs/moveit_msgs/action/detail/hybrid_planner__functions.h
[243.666s] -- Installing: /home/xdkazer/Dual_Kuka_LLM_Bachelor/p5_ws/install/moveit_msgs/include/moveit_msgs/moveit_msgs/action/detail/global_planner__functions.c
[243.666s] -- Installing: /home/xdkazer/Dual_Kuka_LLM_Bachelor/p5_ws/install/moveit_msgs/include/moveit_msgs/moveit_msgs/action/detail/move_group_sequence__type_support.h
[243.666s] -- Installing: /home/xdkazer/Dual_Kuka_LLM_Bachelor/p5_ws/install/moveit_msgs/include/moveit_msgs/moveit_msgs/action/detail/hybrid_planner__struct.h
[243.666s] -- Installing: /home/xdkazer/Dual_Kuka_LLM_Bachelor/p5_ws/install/moveit_msgs/include/moveit_msgs/moveit_msgs/action/place.h
[243.666s] -- Installing: /home/xdkazer/Dual_Kuka_LLM_Bachelor/p5_ws/install/moveit_msgs/include/moveit_msgs/moveit_msgs/action/move_group.h
[243.666s] -- Installing: /home/xdkazer/Dual_Kuka_LLM_Bachelor/p5_ws/install/moveit_msgs/include/moveit_msgs/moveit_msgs/action/pickup.h
[243.667s] -- Installing: /home/xdkazer/Dual_Kuka_LLM_Bachelor/p5_ws/install/moveit_msgs/include/moveit_msgs/moveit_msgs/action/execute_trajectory.h
[243.667s] -- Installing: /home/xdkazer/Dual_Kuka_LLM_Bachelor/p5_ws/install/moveit_msgs/share/moveit_msgs/environment/library_path.sh
[243.667s] -- Installing: /home/xdkazer/Dual_Kuka_LLM_Bachelor/p5_ws/install/moveit_msgs/share/moveit_msgs/environment/library_path.dsv
[243.667s] -- Installing: /home/xdkazer/Dual_Kuka_LLM_Bachelor/p5_ws/install/moveit_msgs/lib/libmoveit_msgs__rosidl_generator_c.so
[243.667s] -- Set runtime path of "/home/xdkazer/Dual_Kuka_LLM_Bachelor/p5_ws/install/moveit_msgs/lib/libmoveit_msgs__rosidl_generator_c.so" to ""
[243.667s] -- Up-to-date: /home/xdkazer/Dual_Kuka_LLM_Bachelor/p5_ws/install/moveit_msgs/include/moveit_msgs/moveit_msgs
[243.667s] -- Up-to-date: /home/xdkazer/Dual_Kuka_LLM_Bachelor/p5_ws/install/moveit_msgs/include/moveit_msgs/moveit_msgs/msg
[243.667s] -- Installing: /home/xdkazer/Dual_Kuka_LLM_Bachelor/p5_ws/install/moveit_msgs/include/moveit_msgs/moveit_msgs/msg/rosidl_typesupport_fastrtps_c__visibility_control.h
[243.667s] -- Up-to-date: /home/xdkazer/Dual_Kuka_LLM_Bachelor/p5_ws/install/moveit_msgs/include/moveit_msgs/moveit_msgs/msg/detail
[243.667s] -- Installing: /home/xdkazer/Dual_Kuka_LLM_Bachelor/p5_ws/install/moveit_msgs/include/moveit_msgs/moveit_msgs/msg/detail/gripper_translation__rosidl_typesupport_fastrtps_c.h
[243.668s] -- Installing: /home/xdkazer/Dual_Kuka_LLM_Bachelor/p5_ws/install/moveit_msgs/include/moveit_msgs/moveit_msgs/msg/detail/planning_scene_components__rosidl_typesupport_fastrtps_c.h
[243.668s] -- Installing: /home/xdkazer/Dual_Kuka_LLM_Bachelor/p5_ws/install/moveit_msgs/include/moveit_msgs/moveit_msgs/msg/detail/position_ik_request__rosidl_typesupport_fastrtps_c.h
[243.668s] -- Installing: /home/xdkazer/Dual_Kuka_LLM_Bachelor/p5_ws/install/moveit_msgs/include/moveit_msgs/moveit_msgs/msg/detail/allowed_collision_entry__rosidl_typesupport_fastrtps_c.h
[243.668s] -- Installing: /home/xdkazer/Dual_Kuka_LLM_Bachelor/p5_ws/install/moveit_msgs/include/moveit_msgs/moveit_msgs/msg/detail/object_color__rosidl_typesupport_fastrtps_c.h
[243.668s] -- Installing: /home/xdkazer/Dual_Kuka_LLM_Bachelor/p5_ws/install/moveit_msgs/include/moveit_msgs/moveit_msgs/msg/detail/position_constraint__rosidl_typesupport_fastrtps_c.h
[243.669s] -- Installing: /home/xdkazer/Dual_Kuka_LLM_Bachelor/p5_ws/install/moveit_msgs/include/moveit_msgs/moveit_msgs/msg/detail/joint_constraint__rosidl_typesupport_fastrtps_c.h
[243.669s] -- Installing: /home/xdkazer/Dual_Kuka_LLM_Bachelor/p5_ws/install/moveit_msgs/include/moveit_msgs/moveit_msgs/msg/detail/link_scale__rosidl_typesupport_fastrtps_c.h
[243.669s] -- Installing: /home/xdkazer/Dual_Kuka_LLM_Bachelor/p5_ws/install/moveit_msgs/include/moveit_msgs/moveit_msgs/msg/detail/constraint_eval_result__rosidl_typesupport_fastrtps_c.h
[243.669s] -- Installing: /home/xdkazer/Dual_Kuka_LLM_Bachelor/p5_ws/install/moveit_msgs/include/moveit_msgs/moveit_msgs/msg/detail/move_it_error_codes__rosidl_typesupport_fastrtps_c.h
[243.669s] -- Installing: /home/xdkazer/Dual_Kuka_LLM_Bachelor/p5_ws/install/moveit_msgs/include/moveit_msgs/moveit_msgs/msg/detail/trajectory_constraints__rosidl_typesupport_fastrtps_c.h
[243.669s] -- Installing: /home/xdkazer/Dual_Kuka_LLM_Bachelor/p5_ws/install/moveit_msgs/include/moveit_msgs/moveit_msgs/msg/detail/link_padding__rosidl_typesupport_fastrtps_c.h
[243.669s] -- Installing: /home/xdkazer/Dual_Kuka_LLM_Bachelor/p5_ws/install/moveit_msgs/include/moveit_msgs/moveit_msgs/msg/detail/workspace_parameters__rosidl_typesupport_fastrtps_c.h
[243.669s] -- Installing: /home/xdkazer/Dual_Kuka_LLM_Bachelor/p5_ws/install/moveit_msgs/include/moveit_msgs/moveit_msgs/msg/detail/planning_scene_world__rosidl_typesupport_fastrtps_c.h
[243.669s] -- Installing: /home/xdkazer/Dual_Kuka_LLM_Bachelor/p5_ws/install/moveit_msgs/include/moveit_msgs/moveit_msgs/msg/detail/attached_collision_object__rosidl_typesupport_fastrtps_c.h
[243.670s] -- Installing: /home/xdkazer/Dual_Kuka_LLM_Bachelor/p5_ws/install/moveit_msgs/include/moveit_msgs/moveit_msgs/msg/detail/planner_interface_description__rosidl_typesupport_fastrtps_c.h
[243.670s] -- Installing: /home/xdkazer/Dual_Kuka_LLM_Bachelor/p5_ws/install/moveit_msgs/include/moveit_msgs/moveit_msgs/msg/detail/orientation_constraint__rosidl_typesupport_fastrtps_c.h
[243.670s] -- Installing: /home/xdkazer/Dual_Kuka_LLM_Bachelor/p5_ws/install/moveit_msgs/include/moveit_msgs/moveit_msgs/msg/detail/collision_object__rosidl_typesupport_fastrtps_c.h
[243.670s] -- Installing: /home/xdkazer/Dual_Kuka_LLM_Bachelor/p5_ws/install/moveit_msgs/include/moveit_msgs/moveit_msgs/msg/detail/visibility_constraint__rosidl_typesupport_fastrtps_c.h
[243.670s] -- Installing: /home/xdkazer/Dual_Kuka_LLM_Bachelor/p5_ws/install/moveit_msgs/include/moveit_msgs/moveit_msgs/msg/detail/motion_sequence_response__rosidl_typesupport_fastrtps_c.h
[243.670s] -- Installing: /home/xdkazer/Dual_Kuka_LLM_Bachelor/p5_ws/install/moveit_msgs/include/moveit_msgs/moveit_msgs/msg/detail/generic_trajectory__rosidl_typesupport_fastrtps_c.h
[243.670s] -- Installing: /home/xdkazer/Dual_Kuka_LLM_Bachelor/p5_ws/install/moveit_msgs/include/moveit_msgs/moveit_msgs/msg/detail/planning_options__rosidl_typesupport_fastrtps_c.h
[243.671s] -- Installing: /home/xdkazer/Dual_Kuka_LLM_Bachelor/p5_ws/install/moveit_msgs/include/moveit_msgs/moveit_msgs/msg/detail/robot_state__rosidl_typesupport_fastrtps_c.h
[243.671s] -- Installing: /home/xdkazer/Dual_Kuka_LLM_Bachelor/p5_ws/install/moveit_msgs/include/moveit_msgs/moveit_msgs/msg/detail/kinematic_solver_info__rosidl_typesupport_fastrtps_c.h
[243.671s] -- Installing: /home/xdkazer/Dual_Kuka_LLM_Bachelor/p5_ws/install/moveit_msgs/include/moveit_msgs/moveit_msgs/msg/detail/oriented_bounding_box__rosidl_typesupport_fastrtps_c.h
[243.671s] -- Installing: /home/xdkazer/Dual_Kuka_LLM_Bachelor/p5_ws/install/moveit_msgs/include/moveit_msgs/moveit_msgs/msg/detail/cost_source__rosidl_typesupport_fastrtps_c.h
[243.671s] -- Installing: /home/xdkazer/Dual_Kuka_LLM_Bachelor/p5_ws/install/moveit_msgs/include/moveit_msgs/moveit_msgs/msg/detail/allowed_collision_matrix__rosidl_typesupport_fastrtps_c.h
[243.671s] -- Installing: /home/xdkazer/Dual_Kuka_LLM_Bachelor/p5_ws/install/moveit_msgs/include/moveit_msgs/moveit_msgs/msg/detail/motion_plan_detailed_response__rosidl_typesupport_fastrtps_c.h
[243.671s] -- Installing: /home/xdkazer/Dual_Kuka_LLM_Bachelor/p5_ws/install/moveit_msgs/include/moveit_msgs/moveit_msgs/msg/detail/display_trajectory__rosidl_typesupport_fastrtps_c.h
[243.671s] -- Installing: /home/xdkazer/Dual_Kuka_LLM_Bachelor/p5_ws/install/moveit_msgs/include/moveit_msgs/moveit_msgs/msg/detail/cartesian_trajectory__rosidl_typesupport_fastrtps_c.h
[243.671s] -- Installing: /home/xdkazer/Dual_Kuka_LLM_Bachelor/p5_ws/install/moveit_msgs/include/moveit_msgs/moveit_msgs/msg/detail/display_robot_state__rosidl_typesupport_fastrtps_c.h
[243.672s] -- Installing: /home/xdkazer/Dual_Kuka_LLM_Bachelor/p5_ws/install/moveit_msgs/include/moveit_msgs/moveit_msgs/msg/detail/motion_plan_request__rosidl_typesupport_fastrtps_c.h
[243.672s] -- Installing: /home/xdkazer/Dual_Kuka_LLM_Bachelor/p5_ws/install/moveit_msgs/include/moveit_msgs/moveit_msgs/msg/detail/robot_trajectory__rosidl_typesupport_fastrtps_c.h
[243.672s] -- Installing: /home/xdkazer/Dual_Kuka_LLM_Bachelor/p5_ws/install/moveit_msgs/include/moveit_msgs/moveit_msgs/msg/detail/cartesian_point__rosidl_typesupport_fastrtps_c.h
[243.672s] -- Installing: /home/xdkazer/Dual_Kuka_LLM_Bachelor/p5_ws/install/moveit_msgs/include/moveit_msgs/moveit_msgs/msg/detail/cartesian_trajectory_point__rosidl_typesupport_fastrtps_c.h
[243.672s] -- Installing: /home/xdkazer/Dual_Kuka_LLM_Bachelor/p5_ws/install/moveit_msgs/include/moveit_msgs/moveit_msgs/msg/detail/constraints__rosidl_typesupport_fastrtps_c.h
[243.673s] -- Installing: /home/xdkazer/Dual_Kuka_LLM_Bachelor/p5_ws/install/moveit_msgs/include/moveit_msgs/moveit_msgs/msg/detail/place_location__rosidl_typesupport_fastrtps_c.h
[243.673s] -- Installing: /home/xdkazer/Dual_Kuka_LLM_Bachelor/p5_ws/install/moveit_msgs/include/moveit_msgs/moveit_msgs/msg/detail/planning_scene__rosidl_typesupport_fastrtps_c.h
[243.673s] -- Installing: /home/xdkazer/Dual_Kuka_LLM_Bachelor/p5_ws/install/moveit_msgs/include/moveit_msgs/moveit_msgs/msg/detail/joint_limits__rosidl_typesupport_fastrtps_c.h
[243.673s] -- Installing: /home/xdkazer/Dual_Kuka_LLM_Bachelor/p5_ws/install/moveit_msgs/include/moveit_msgs/moveit_msgs/msg/detail/grasp__rosidl_typesupport_fastrtps_c.h
[243.673s] -- Installing: /home/xdkazer/Dual_Kuka_LLM_Bachelor/p5_ws/install/moveit_msgs/include/moveit_msgs/moveit_msgs/msg/detail/contact_information__rosidl_typesupport_fastrtps_c.h
[243.673s] -- Installing: /home/xdkazer/Dual_Kuka_LLM_Bachelor/p5_ws/install/moveit_msgs/include/moveit_msgs/moveit_msgs/msg/detail/motion_sequence_item__rosidl_typesupport_fastrtps_c.h
[243.673s] -- Installing: /home/xdkazer/Dual_Kuka_LLM_Bachelor/p5_ws/install/moveit_msgs/include/moveit_msgs/moveit_msgs/msg/detail/motion_plan_response__rosidl_typesupport_fastrtps_c.h
[243.673s] -- Installing: /home/xdkazer/Dual_Kuka_LLM_Bachelor/p5_ws/install/moveit_msgs/include/moveit_msgs/moveit_msgs/msg/detail/bounding_volume__rosidl_typesupport_fastrtps_c.h
[243.673s] -- Installing: /home/xdkazer/Dual_Kuka_LLM_Bachelor/p5_ws/install/moveit_msgs/include/moveit_msgs/moveit_msgs/msg/detail/planner_params__rosidl_typesupport_fastrtps_c.h
[243.674s] -- Installing: /home/xdkazer/Dual_Kuka_LLM_Bachelor/p5_ws/install/moveit_msgs/include/moveit_msgs/moveit_msgs/msg/detail/motion_sequence_request__rosidl_typesupport_fastrtps_c.h
[243.674s] -- Up-to-date: /home/xdkazer/Dual_Kuka_LLM_Bachelor/p5_ws/install/moveit_msgs/include/moveit_msgs/moveit_msgs/srv
[243.674s] -- Up-to-date: /home/xdkazer/Dual_Kuka_LLM_Bachelor/p5_ws/install/moveit_msgs/include/moveit_msgs/moveit_msgs/srv/detail
[243.674s] -- Installing: /home/xdkazer/Dual_Kuka_LLM_Bachelor/p5_ws/install/moveit_msgs/include/moveit_msgs/moveit_msgs/srv/detail/save_map__rosidl_typesupport_fastrtps_c.h
[243.674s] -- Installing: /home/xdkazer/Dual_Kuka_LLM_Bachelor/p5_ws/install/moveit_msgs/include/moveit_msgs/moveit_msgs/srv/detail/set_planner_params__rosidl_typesupport_fastrtps_c.h
[243.674s] -- Installing: /home/xdkazer/Dual_Kuka_LLM_Bachelor/p5_ws/install/moveit_msgs/include/moveit_msgs/moveit_msgs/srv/detail/grasp_planning__rosidl_typesupport_fastrtps_c.h
[243.674s] -- Installing: /home/xdkazer/Dual_Kuka_LLM_Bachelor/p5_ws/install/moveit_msgs/include/moveit_msgs/moveit_msgs/srv/detail/get_position_ik__rosidl_typesupport_fastrtps_c.h
[243.674s] -- Installing: /home/xdkazer/Dual_Kuka_LLM_Bachelor/p5_ws/install/moveit_msgs/include/moveit_msgs/moveit_msgs/srv/detail/apply_planning_scene__rosidl_typesupport_fastrtps_c.h
[243.674s] -- Installing: /home/xdkazer/Dual_Kuka_LLM_Bachelor/p5_ws/install/moveit_msgs/include/moveit_msgs/moveit_msgs/srv/detail/get_planning_scene__rosidl_typesupport_fastrtps_c.h
[243.674s] -- Installing: /home/xdkazer/Dual_Kuka_LLM_Bachelor/p5_ws/install/moveit_msgs/include/moveit_msgs/moveit_msgs/srv/detail/save_robot_state_to_warehouse__rosidl_typesupport_fastrtps_c.h
[243.674s] -- Installing: /home/xdkazer/Dual_Kuka_LLM_Bachelor/p5_ws/install/moveit_msgs/include/moveit_msgs/moveit_msgs/srv/detail/load_map__rosidl_typesupport_fastrtps_c.h
[243.675s] -- Installing: /home/xdkazer/Dual_Kuka_LLM_Bachelor/p5_ws/install/moveit_msgs/include/moveit_msgs/moveit_msgs/srv/detail/update_pointcloud_octomap__rosidl_typesupport_fastrtps_c.h
[243.675s] -- Installing: /home/xdkazer/Dual_Kuka_LLM_Bachelor/p5_ws/install/moveit_msgs/include/moveit_msgs/moveit_msgs/srv/detail/get_state_validity__rosidl_typesupport_fastrtps_c.h
[243.675s] -- Installing: /home/xdkazer/Dual_Kuka_LLM_Bachelor/p5_ws/install/moveit_msgs/include/moveit_msgs/moveit_msgs/srv/detail/change_control_dimensions__rosidl_typesupport_fastrtps_c.h
[243.675s] -- Installing: /home/xdkazer/Dual_Kuka_LLM_Bachelor/p5_ws/install/moveit_msgs/include/moveit_msgs/moveit_msgs/srv/detail/get_position_fk__rosidl_typesupport_fastrtps_c.h
[243.675s] -- Installing: /home/xdkazer/Dual_Kuka_LLM_Bachelor/p5_ws/install/moveit_msgs/include/moveit_msgs/moveit_msgs/srv/detail/get_cartesian_path__rosidl_typesupport_fastrtps_c.h
[243.675s] -- Installing: /home/xdkazer/Dual_Kuka_LLM_Bachelor/p5_ws/install/moveit_msgs/include/moveit_msgs/moveit_msgs/srv/detail/get_robot_state_from_warehouse__rosidl_typesupport_fastrtps_c.h
[243.675s] -- Installing: /home/xdkazer/Dual_Kuka_LLM_Bachelor/p5_ws/install/moveit_msgs/include/moveit_msgs/moveit_msgs/srv/detail/get_planner_params__rosidl_typesupport_fastrtps_c.h
[243.675s] -- Installing: /home/xdkazer/Dual_Kuka_LLM_Bachelor/p5_ws/install/moveit_msgs/include/moveit_msgs/moveit_msgs/srv/detail/rename_robot_state_in_warehouse__rosidl_typesupport_fastrtps_c.h
[243.676s] -- Installing: /home/xdkazer/Dual_Kuka_LLM_Bachelor/p5_ws/install/moveit_msgs/include/moveit_msgs/moveit_msgs/srv/detail/delete_robot_state_from_warehouse__rosidl_typesupport_fastrtps_c.h
[243.676s] -- Installing: /home/xdkazer/Dual_Kuka_LLM_Bachelor/p5_ws/install/moveit_msgs/include/moveit_msgs/moveit_msgs/srv/detail/change_drift_dimensions__rosidl_typesupport_fastrtps_c.h
[243.676s] -- Installing: /home/xdkazer/Dual_Kuka_LLM_Bachelor/p5_ws/install/moveit_msgs/include/moveit_msgs/moveit_msgs/srv/detail/check_if_robot_state_exists_in_warehouse__rosidl_typesupport_fastrtps_c.h
[243.676s] -- Installing: /home/xdkazer/Dual_Kuka_LLM_Bachelor/p5_ws/install/moveit_msgs/include/moveit_msgs/moveit_msgs/srv/detail/list_robot_states_in_warehouse__rosidl_typesupport_fastrtps_c.h
[243.676s] -- Installing: /home/xdkazer/Dual_Kuka_LLM_Bachelor/p5_ws/install/moveit_msgs/include/moveit_msgs/moveit_msgs/srv/detail/get_motion_sequence__rosidl_typesupport_fastrtps_c.h
[243.676s] -- Installing: /home/xdkazer/Dual_Kuka_LLM_Bachelor/p5_ws/install/moveit_msgs/include/moveit_msgs/moveit_msgs/srv/detail/query_planner_interfaces__rosidl_typesupport_fastrtps_c.h
[243.680s] -- Installing: /home/xdkazer/Dual_Kuka_LLM_Bachelor/p5_ws/install/moveit_msgs/include/moveit_msgs/moveit_msgs/srv/detail/get_motion_plan__rosidl_typesupport_fastrtps_c.h
[243.680s] -- Up-to-date: /home/xdkazer/Dual_Kuka_LLM_Bachelor/p5_ws/install/moveit_msgs/include/moveit_msgs/moveit_msgs/action
[243.680s] -- Up-to-date: /home/xdkazer/Dual_Kuka_LLM_Bachelor/p5_ws/install/moveit_msgs/include/moveit_msgs/moveit_msgs/action/detail
[243.681s] -- Installing: /home/xdkazer/Dual_Kuka_LLM_Bachelor/p5_ws/install/moveit_msgs/include/moveit_msgs/moveit_msgs/action/detail/execute_trajectory__rosidl_typesupport_fastrtps_c.h
[243.681s] -- Installing: /home/xdkazer/Dual_Kuka_LLM_Bachelor/p5_ws/install/moveit_msgs/include/moveit_msgs/moveit_msgs/action/detail/move_group__rosidl_typesupport_fastrtps_c.h
[243.681s] -- Installing: /home/xdkazer/Dual_Kuka_LLM_Bachelor/p5_ws/install/moveit_msgs/include/moveit_msgs/moveit_msgs/action/detail/pickup__rosidl_typesupport_fastrtps_c.h
[243.681s] -- Installing: /home/xdkazer/Dual_Kuka_LLM_Bachelor/p5_ws/install/moveit_msgs/include/moveit_msgs/moveit_msgs/action/detail/move_group_sequence__rosidl_typesupport_fastrtps_c.h
[243.681s] -- Installing: /home/xdkazer/Dual_Kuka_LLM_Bachelor/p5_ws/install/moveit_msgs/include/moveit_msgs/moveit_msgs/action/detail/hybrid_planner__rosidl_typesupport_fastrtps_c.h
[243.682s] -- Installing: /home/xdkazer/Dual_Kuka_LLM_Bachelor/p5_ws/install/moveit_msgs/include/moveit_msgs/moveit_msgs/action/detail/place__rosidl_typesupport_fastrtps_c.h
[243.682s] -- Installing: /home/xdkazer/Dual_Kuka_LLM_Bachelor/p5_ws/install/moveit_msgs/include/moveit_msgs/moveit_msgs/action/detail/global_planner__rosidl_typesupport_fastrtps_c.h
[243.682s] -- Installing: /home/xdkazer/Dual_Kuka_LLM_Bachelor/p5_ws/install/moveit_msgs/include/moveit_msgs/moveit_msgs/action/detail/local_planner__rosidl_typesupport_fastrtps_c.h
[243.682s] -- Installing: /home/xdkazer/Dual_Kuka_LLM_Bachelor/p5_ws/install/moveit_msgs/lib/libmoveit_msgs__rosidl_typesupport_fastrtps_c.so
[243.683s] -- Set runtime path of "/home/xdkazer/Dual_Kuka_LLM_Bachelor/p5_ws/install/moveit_msgs/lib/libmoveit_msgs__rosidl_typesupport_fastrtps_c.so" to ""
[243.683s] -- Up-to-date: /home/xdkazer/Dual_Kuka_LLM_Bachelor/p5_ws/install/moveit_msgs/include/moveit_msgs/moveit_msgs
[243.684s] -- Up-to-date: /home/xdkazer/Dual_Kuka_LLM_Bachelor/p5_ws/install/moveit_msgs/include/moveit_msgs/moveit_msgs/msg
[243.684s] -- Installing: /home/xdkazer/Dual_Kuka_LLM_Bachelor/p5_ws/install/moveit_msgs/include/moveit_msgs/moveit_msgs/msg/rosidl_typesupport_introspection_c__visibility_control.h
[243.685s] -- Up-to-date: /home/xdkazer/Dual_Kuka_LLM_Bachelor/p5_ws/install/moveit_msgs/include/moveit_msgs/moveit_msgs/msg/detail
[243.685s] -- Installing: /home/xdkazer/Dual_Kuka_LLM_Bachelor/p5_ws/install/moveit_msgs/include/moveit_msgs/moveit_msgs/msg/detail/motion_sequence_request__rosidl_typesupport_introspection_c.h
[243.685s] -- Installing: /home/xdkazer/Dual_Kuka_LLM_Bachelor/p5_ws/install/moveit_msgs/include/moveit_msgs/moveit_msgs/msg/detail/cartesian_trajectory_point__rosidl_typesupport_introspection_c.h
[243.685s] -- Installing: /home/xdkazer/Dual_Kuka_LLM_Bachelor/p5_ws/install/moveit_msgs/include/moveit_msgs/moveit_msgs/msg/detail/grasp__rosidl_typesupport_introspection_c.h
[243.685s] -- Installing: /home/xdkazer/Dual_Kuka_LLM_Bachelor/p5_ws/install/moveit_msgs/include/moveit_msgs/moveit_msgs/msg/detail/orientation_constraint__type_support.c
[243.685s] -- Installing: /home/xdkazer/Dual_Kuka_LLM_Bachelor/p5_ws/install/moveit_msgs/include/moveit_msgs/moveit_msgs/msg/detail/planning_scene_components__type_support.c
[243.685s] -- Installing: /home/xdkazer/Dual_Kuka_LLM_Bachelor/p5_ws/install/moveit_msgs/include/moveit_msgs/moveit_msgs/msg/detail/gripper_translation__type_support.c
[243.686s] -- Installing: /home/xdkazer/Dual_Kuka_LLM_Bachelor/p5_ws/install/moveit_msgs/include/moveit_msgs/moveit_msgs/msg/detail/workspace_parameters__type_support.c
[243.686s] -- Installing: /home/xdkazer/Dual_Kuka_LLM_Bachelor/p5_ws/install/moveit_msgs/include/moveit_msgs/moveit_msgs/msg/detail/position_constraint__rosidl_typesupport_introspection_c.h
[243.686s] -- Installing: /home/xdkazer/Dual_Kuka_LLM_Bachelor/p5_ws/install/moveit_msgs/include/moveit_msgs/moveit_msgs/msg/detail/orientation_constraint__rosidl_typesupport_introspection_c.h
[243.686s] -- Installing: /home/xdkazer/Dual_Kuka_LLM_Bachelor/p5_ws/install/moveit_msgs/include/moveit_msgs/moveit_msgs/msg/detail/link_scale__rosidl_typesupport_introspection_c.h
[243.686s] -- Installing: /home/xdkazer/Dual_Kuka_LLM_Bachelor/p5_ws/install/moveit_msgs/include/moveit_msgs/moveit_msgs/msg/detail/display_robot_state__type_support.c
[243.687s] -- Installing: /home/xdkazer/Dual_Kuka_LLM_Bachelor/p5_ws/install/moveit_msgs/include/moveit_msgs/moveit_msgs/msg/detail/attached_collision_object__type_support.c
[243.687s] -- Installing: /home/xdkazer/Dual_Kuka_LLM_Bachelor/p5_ws/install/moveit_msgs/include/moveit_msgs/moveit_msgs/msg/detail/cost_source__type_support.c
[243.687s] -- Installing: /home/xdkazer/Dual_Kuka_LLM_Bachelor/p5_ws/install/moveit_msgs/include/moveit_msgs/moveit_msgs/msg/detail/attached_collision_object__rosidl_typesupport_introspection_c.h
[243.687s] -- Installing: /home/xdkazer/Dual_Kuka_LLM_Bachelor/p5_ws/install/moveit_msgs/include/moveit_msgs/moveit_msgs/msg/detail/generic_trajectory__type_support.c
[243.687s] -- Installing: /home/xdkazer/Dual_Kuka_LLM_Bachelor/p5_ws/install/moveit_msgs/include/moveit_msgs/moveit_msgs/msg/detail/trajectory_constraints__rosidl_typesupport_introspection_c.h
[243.687s] -- Installing: /home/xdkazer/Dual_Kuka_LLM_Bachelor/p5_ws/install/moveit_msgs/include/moveit_msgs/moveit_msgs/msg/detail/planning_options__rosidl_typesupport_introspection_c.h
[243.687s] -- Installing: /home/xdkazer/Dual_Kuka_LLM_Bachelor/p5_ws/install/moveit_msgs/include/moveit_msgs/moveit_msgs/msg/detail/constraints__type_support.c
[243.687s] -- Installing: /home/xdkazer/Dual_Kuka_LLM_Bachelor/p5_ws/install/moveit_msgs/include/moveit_msgs/moveit_msgs/msg/detail/constraints__rosidl_typesupport_introspection_c.h
[243.688s] -- Installing: /home/xdkazer/Dual_Kuka_LLM_Bachelor/p5_ws/install/moveit_msgs/include/moveit_msgs/moveit_msgs/msg/detail/collision_object__type_support.c
[243.688s] -- Installing: /home/xdkazer/Dual_Kuka_LLM_Bachelor/p5_ws/install/moveit_msgs/include/moveit_msgs/moveit_msgs/msg/detail/joint_limits__rosidl_typesupport_introspection_c.h
[243.688s] -- Installing: /home/xdkazer/Dual_Kuka_LLM_Bachelor/p5_ws/install/moveit_msgs/include/moveit_msgs/moveit_msgs/msg/detail/display_trajectory__rosidl_typesupport_introspection_c.h
[243.688s] -- Installing: /home/xdkazer/Dual_Kuka_LLM_Bachelor/p5_ws/install/moveit_msgs/include/moveit_msgs/moveit_msgs/msg/detail/planner_params__type_support.c
[243.688s] -- Installing: /home/xdkazer/Dual_Kuka_LLM_Bachelor/p5_ws/install/moveit_msgs/include/moveit_msgs/moveit_msgs/msg/detail/planning_scene__rosidl_typesupport_introspection_c.h
[243.689s] -- Installing: /home/xdkazer/Dual_Kuka_LLM_Bachelor/p5_ws/install/moveit_msgs/include/moveit_msgs/moveit_msgs/msg/detail/cartesian_point__rosidl_typesupport_introspection_c.h
[243.689s] -- Installing: /home/xdkazer/Dual_Kuka_LLM_Bachelor/p5_ws/install/moveit_msgs/include/moveit_msgs/moveit_msgs/msg/detail/link_padding__rosidl_typesupport_introspection_c.h
[243.689s] -- Installing: /home/xdkazer/Dual_Kuka_LLM_Bachelor/p5_ws/install/moveit_msgs/include/moveit_msgs/moveit_msgs/msg/detail/planning_scene_world__rosidl_typesupport_introspection_c.h
[243.689s] -- Installing: /home/xdkazer/Dual_Kuka_LLM_Bachelor/p5_ws/install/moveit_msgs/include/moveit_msgs/moveit_msgs/msg/detail/planner_interface_description__rosidl_typesupport_introspection_c.h
[243.689s] -- Installing: /home/xdkazer/Dual_Kuka_LLM_Bachelor/p5_ws/install/moveit_msgs/include/moveit_msgs/moveit_msgs/msg/detail/joint_limits__type_support.c
[243.689s] -- Installing: /home/xdkazer/Dual_Kuka_LLM_Bachelor/p5_ws/install/moveit_msgs/include/moveit_msgs/moveit_msgs/msg/detail/place_location__type_support.c
[243.689s] -- Installing: /home/xdkazer/Dual_Kuka_LLM_Bachelor/p5_ws/install/moveit_msgs/include/moveit_msgs/moveit_msgs/msg/detail/motion_sequence_item__type_support.c
[243.689s] -- Installing: /home/xdkazer/Dual_Kuka_LLM_Bachelor/p5_ws/install/moveit_msgs/include/moveit_msgs/moveit_msgs/msg/detail/move_it_error_codes__rosidl_typesupport_introspection_c.h
[243.689s] -- Installing: /home/xdkazer/Dual_Kuka_LLM_Bachelor/p5_ws/install/moveit_msgs/include/moveit_msgs/moveit_msgs/msg/detail/robot_state__type_support.c
[243.689s] -- Installing: /home/xdkazer/Dual_Kuka_LLM_Bachelor/p5_ws/install/moveit_msgs/include/moveit_msgs/moveit_msgs/msg/detail/planning_options__type_support.c
[243.690s] -- Installing: /home/xdkazer/Dual_Kuka_LLM_Bachelor/p5_ws/install/moveit_msgs/include/moveit_msgs/moveit_msgs/msg/detail/planner_params__rosidl_typesupport_introspection_c.h
[243.690s] -- Installing: /home/xdkazer/Dual_Kuka_LLM_Bachelor/p5_ws/install/moveit_msgs/include/moveit_msgs/moveit_msgs/msg/detail/contact_information__rosidl_typesupport_introspection_c.h
[243.690s] -- Installing: /home/xdkazer/Dual_Kuka_LLM_Bachelor/p5_ws/install/moveit_msgs/include/moveit_msgs/moveit_msgs/msg/detail/display_robot_state__rosidl_typesupport_introspection_c.h
[243.690s] -- Installing: /home/xdkazer/Dual_Kuka_LLM_Bachelor/p5_ws/install/moveit_msgs/include/moveit_msgs/moveit_msgs/msg/detail/object_color__type_support.c
[243.690s] -- Installing: /home/xdkazer/Dual_Kuka_LLM_Bachelor/p5_ws/install/moveit_msgs/include/moveit_msgs/moveit_msgs/msg/detail/cost_source__rosidl_typesupport_introspection_c.h
[243.690s] -- Installing: /home/xdkazer/Dual_Kuka_LLM_Bachelor/p5_ws/install/moveit_msgs/include/moveit_msgs/moveit_msgs/msg/detail/link_scale__type_support.c
[243.690s] -- Installing: /home/xdkazer/Dual_Kuka_LLM_Bachelor/p5_ws/install/moveit_msgs/include/moveit_msgs/moveit_msgs/msg/detail/display_trajectory__type_support.c
[243.690s] -- Installing: /home/xdkazer/Dual_Kuka_LLM_Bachelor/p5_ws/install/moveit_msgs/include/moveit_msgs/moveit_msgs/msg/detail/trajectory_constraints__type_support.c
[243.690s] -- Installing: /home/xdkazer/Dual_Kuka_LLM_Bachelor/p5_ws/install/moveit_msgs/include/moveit_msgs/moveit_msgs/msg/detail/allowed_collision_entry__rosidl_typesupport_introspection_c.h
[243.691s] -- Installing: /home/xdkazer/Dual_Kuka_LLM_Bachelor/p5_ws/install/moveit_msgs/include/moveit_msgs/moveit_msgs/msg/detail/kinematic_solver_info__type_support.c
[243.691s] -- Installing: /home/xdkazer/Dual_Kuka_LLM_Bachelor/p5_ws/install/moveit_msgs/include/moveit_msgs/moveit_msgs/msg/detail/grasp__type_support.c
[243.691s] -- Installing: /home/xdkazer/Dual_Kuka_LLM_Bachelor/p5_ws/install/moveit_msgs/include/moveit_msgs/moveit_msgs/msg/detail/collision_object__rosidl_typesupport_introspection_c.h
[243.691s] -- Installing: /home/xdkazer/Dual_Kuka_LLM_Bachelor/p5_ws/install/moveit_msgs/include/moveit_msgs/moveit_msgs/msg/detail/planner_interface_description__type_support.c
[243.691s] -- Installing: /home/xdkazer/Dual_Kuka_LLM_Bachelor/p5_ws/install/moveit_msgs/include/moveit_msgs/moveit_msgs/msg/detail/motion_plan_request__rosidl_typesupport_introspection_c.h
[243.692s] -- Installing: /home/xdkazer/Dual_Kuka_LLM_Bachelor/p5_ws/install/moveit_msgs/include/moveit_msgs/moveit_msgs/msg/detail/object_color__rosidl_typesupport_introspection_c.h
[243.692s] -- Installing: /home/xdkazer/Dual_Kuka_LLM_Bachelor/p5_ws/install/moveit_msgs/include/moveit_msgs/moveit_msgs/msg/detail/position_constraint__type_support.c
[243.692s] -- Installing: /home/xdkazer/Dual_Kuka_LLM_Bachelor/p5_ws/install/moveit_msgs/include/moveit_msgs/moveit_msgs/msg/detail/move_it_error_codes__type_support.c
[243.692s] -- Installing: /home/xdkazer/Dual_Kuka_LLM_Bachelor/p5_ws/install/moveit_msgs/include/moveit_msgs/moveit_msgs/msg/detail/motion_plan_detailed_response__type_support.c
[243.692s] -- Installing: /home/xdkazer/Dual_Kuka_LLM_Bachelor/p5_ws/install/moveit_msgs/include/moveit_msgs/moveit_msgs/msg/detail/cartesian_point__type_support.c
[243.693s] -- Installing: /home/xdkazer/Dual_Kuka_LLM_Bachelor/p5_ws/install/moveit_msgs/include/moveit_msgs/moveit_msgs/msg/detail/motion_sequence_item__rosidl_typesupport_introspection_c.h
[243.693s] -- Installing: /home/xdkazer/Dual_Kuka_LLM_Bachelor/p5_ws/install/moveit_msgs/include/moveit_msgs/moveit_msgs/msg/detail/contact_information__type_support.c
[243.693s] -- Installing: /home/xdkazer/Dual_Kuka_LLM_Bachelor/p5_ws/install/moveit_msgs/include/moveit_msgs/moveit_msgs/msg/detail/planning_scene_world__type_support.c
[243.693s] -- Installing: /home/xdkazer/Dual_Kuka_LLM_Bachelor/p5_ws/install/moveit_msgs/include/moveit_msgs/moveit_msgs/msg/detail/place_location__rosidl_typesupport_introspection_c.h
[243.693s] -- Installing: /home/xdkazer/Dual_Kuka_LLM_Bachelor/p5_ws/install/moveit_msgs/include/moveit_msgs/moveit_msgs/msg/detail/motion_sequence_request__type_support.c
[243.693s] -- Installing: /home/xdkazer/Dual_Kuka_LLM_Bachelor/p5_ws/install/moveit_msgs/include/moveit_msgs/moveit_msgs/msg/detail/oriented_bounding_box__type_support.c
[243.693s] -- Installing: /home/xdkazer/Dual_Kuka_LLM_Bachelor/p5_ws/install/moveit_msgs/include/moveit_msgs/moveit_msgs/msg/detail/link_padding__type_support.c
[243.693s] -- Installing: /home/xdkazer/Dual_Kuka_LLM_Bachelor/p5_ws/install/moveit_msgs/include/moveit_msgs/moveit_msgs/msg/detail/workspace_parameters__rosidl_typesupport_introspection_c.h
[243.693s] -- Installing: /home/xdkazer/Dual_Kuka_LLM_Bachelor/p5_ws/install/moveit_msgs/include/moveit_msgs/moveit_msgs/msg/detail/generic_trajectory__rosidl_typesupport_introspection_c.h
[243.694s] -- Installing: /home/xdkazer/Dual_Kuka_LLM_Bachelor/p5_ws/install/moveit_msgs/include/moveit_msgs/moveit_msgs/msg/detail/position_ik_request__rosidl_typesupport_introspection_c.h
[243.694s] -- Installing: /home/xdkazer/Dual_Kuka_LLM_Bachelor/p5_ws/install/moveit_msgs/include/moveit_msgs/moveit_msgs/msg/detail/kinematic_solver_info__rosidl_typesupport_introspection_c.h
[243.694s] -- Installing: /home/xdkazer/Dual_Kuka_LLM_Bachelor/p5_ws/install/moveit_msgs/include/moveit_msgs/moveit_msgs/msg/detail/oriented_bounding_box__rosidl_typesupport_introspection_c.h
[243.694s] -- Installing: /home/xdkazer/Dual_Kuka_LLM_Bachelor/p5_ws/install/moveit_msgs/include/moveit_msgs/moveit_msgs/msg/detail/cartesian_trajectory__rosidl_typesupport_introspection_c.h
[243.694s] -- Installing: /home/xdkazer/Dual_Kuka_LLM_Bachelor/p5_ws/install/moveit_msgs/include/moveit_msgs/moveit_msgs/msg/detail/cartesian_trajectory__type_support.c
[243.694s] -- Installing: /home/xdkazer/Dual_Kuka_LLM_Bachelor/p5_ws/install/moveit_msgs/include/moveit_msgs/moveit_msgs/msg/detail/visibility_constraint__rosidl_typesupport_introspection_c.h
[243.694s] -- Installing: /home/xdkazer/Dual_Kuka_LLM_Bachelor/p5_ws/install/moveit_msgs/include/moveit_msgs/moveit_msgs/msg/detail/robot_state__rosidl_typesupport_introspection_c.h
[243.695s] -- Installing: /home/xdkazer/Dual_Kuka_LLM_Bachelor/p5_ws/install/moveit_msgs/include/moveit_msgs/moveit_msgs/msg/detail/robot_trajectory__type_support.c
[243.695s] -- Installing: /home/xdkazer/Dual_Kuka_LLM_Bachelor/p5_ws/install/moveit_msgs/include/moveit_msgs/moveit_msgs/msg/detail/robot_trajectory__rosidl_typesupport_introspection_c.h
[243.695s] -- Installing: /home/xdkazer/Dual_Kuka_LLM_Bachelor/p5_ws/install/moveit_msgs/include/moveit_msgs/moveit_msgs/msg/detail/motion_sequence_response__rosidl_typesupport_introspection_c.h
[243.696s] -- Installing: /home/xdkazer/Dual_Kuka_LLM_Bachelor/p5_ws/install/moveit_msgs/include/moveit_msgs/moveit_msgs/msg/detail/constraint_eval_result__rosidl_typesupport_introspection_c.h
[243.696s] -- Installing: /home/xdkazer/Dual_Kuka_LLM_Bachelor/p5_ws/install/moveit_msgs/include/moveit_msgs/moveit_msgs/msg/detail/allowed_collision_matrix__type_support.c
[243.697s] -- Installing: /home/xdkazer/Dual_Kuka_LLM_Bachelor/p5_ws/install/moveit_msgs/include/moveit_msgs/moveit_msgs/msg/detail/motion_plan_response__rosidl_typesupport_introspection_c.h
[243.697s] -- Installing: /home/xdkazer/Dual_Kuka_LLM_Bachelor/p5_ws/install/moveit_msgs/include/moveit_msgs/moveit_msgs/msg/detail/motion_plan_request__type_support.c
[243.697s] -- Installing: /home/xdkazer/Dual_Kuka_LLM_Bachelor/p5_ws/install/moveit_msgs/include/moveit_msgs/moveit_msgs/msg/detail/allowed_collision_entry__type_support.c
[243.697s] -- Installing: /home/xdkazer/Dual_Kuka_LLM_Bachelor/p5_ws/install/moveit_msgs/include/moveit_msgs/moveit_msgs/msg/detail/visibility_constraint__type_support.c
[243.697s] -- Installing: /home/xdkazer/Dual_Kuka_LLM_Bachelor/p5_ws/install/moveit_msgs/include/moveit_msgs/moveit_msgs/msg/detail/cartesian_trajectory_point__type_support.c
[243.698s] -- Installing: /home/xdkazer/Dual_Kuka_LLM_Bachelor/p5_ws/install/moveit_msgs/include/moveit_msgs/moveit_msgs/msg/detail/joint_constraint__type_support.c
[243.698s] -- Installing: /home/xdkazer/Dual_Kuka_LLM_Bachelor/p5_ws/install/moveit_msgs/include/moveit_msgs/moveit_msgs/msg/detail/allowed_collision_matrix__rosidl_typesupport_introspection_c.h
[243.698s] -- Installing: /home/xdkazer/Dual_Kuka_LLM_Bachelor/p5_ws/install/moveit_msgs/include/moveit_msgs/moveit_msgs/msg/detail/motion_sequence_response__type_support.c
[243.698s] -- Installing: /home/xdkazer/Dual_Kuka_LLM_Bachelor/p5_ws/install/moveit_msgs/include/moveit_msgs/moveit_msgs/msg/detail/gripper_translation__rosidl_typesupport_introspection_c.h
[243.698s] -- Installing: /home/xdkazer/Dual_Kuka_LLM_Bachelor/p5_ws/install/moveit_msgs/include/moveit_msgs/moveit_msgs/msg/detail/joint_constraint__rosidl_typesupport_introspection_c.h
[243.699s] -- Installing: /home/xdkazer/Dual_Kuka_LLM_Bachelor/p5_ws/install/moveit_msgs/include/moveit_msgs/moveit_msgs/msg/detail/motion_plan_detailed_response__rosidl_typesupport_introspection_c.h
[243.699s] -- Installing: /home/xdkazer/Dual_Kuka_LLM_Bachelor/p5_ws/install/moveit_msgs/include/moveit_msgs/moveit_msgs/msg/detail/position_ik_request__type_support.c
[243.699s] -- Installing: /home/xdkazer/Dual_Kuka_LLM_Bachelor/p5_ws/install/moveit_msgs/include/moveit_msgs/moveit_msgs/msg/detail/motion_plan_response__type_support.c
[243.699s] -- Installing: /home/xdkazer/Dual_Kuka_LLM_Bachelor/p5_ws/install/moveit_msgs/include/moveit_msgs/moveit_msgs/msg/detail/bounding_volume__type_support.c
[243.699s] -- Installing: /home/xdkazer/Dual_Kuka_LLM_Bachelor/p5_ws/install/moveit_msgs/include/moveit_msgs/moveit_msgs/msg/detail/planning_scene__type_support.c
[243.699s] -- Installing: /home/xdkazer/Dual_Kuka_LLM_Bachelor/p5_ws/install/moveit_msgs/include/moveit_msgs/moveit_msgs/msg/detail/planning_scene_components__rosidl_typesupport_introspection_c.h
[243.699s] -- Installing: /home/xdkazer/Dual_Kuka_LLM_Bachelor/p5_ws/install/moveit_msgs/include/moveit_msgs/moveit_msgs/msg/detail/constraint_eval_result__type_support.c
[243.699s] -- Installing: /home/xdkazer/Dual_Kuka_LLM_Bachelor/p5_ws/install/moveit_msgs/include/moveit_msgs/moveit_msgs/msg/detail/bounding_volume__rosidl_typesupport_introspection_c.h
[243.700s] -- Up-to-date: /home/xdkazer/Dual_Kuka_LLM_Bachelor/p5_ws/install/moveit_msgs/include/moveit_msgs/moveit_msgs/srv
[243.700s] -- Up-to-date: /home/xdkazer/Dual_Kuka_LLM_Bachelor/p5_ws/install/moveit_msgs/include/moveit_msgs/moveit_msgs/srv/detail
[243.700s] -- Installing: /home/xdkazer/Dual_Kuka_LLM_Bachelor/p5_ws/install/moveit_msgs/include/moveit_msgs/moveit_msgs/srv/detail/get_position_ik__type_support.c
[243.700s] -- Installing: /home/xdkazer/Dual_Kuka_LLM_Bachelor/p5_ws/install/moveit_msgs/include/moveit_msgs/moveit_msgs/srv/detail/check_if_robot_state_exists_in_warehouse__type_support.c
[243.700s] -- Installing: /home/xdkazer/Dual_Kuka_LLM_Bachelor/p5_ws/install/moveit_msgs/include/moveit_msgs/moveit_msgs/srv/detail/get_state_validity__type_support.c
[243.700s] -- Installing: /home/xdkazer/Dual_Kuka_LLM_Bachelor/p5_ws/install/moveit_msgs/include/moveit_msgs/moveit_msgs/srv/detail/get_motion_plan__type_support.c
[243.700s] -- Installing: /home/xdkazer/Dual_Kuka_LLM_Bachelor/p5_ws/install/moveit_msgs/include/moveit_msgs/moveit_msgs/srv/detail/check_if_robot_state_exists_in_warehouse__rosidl_typesupport_introspection_c.h
[243.700s] -- Installing: /home/xdkazer/Dual_Kuka_LLM_Bachelor/p5_ws/install/moveit_msgs/include/moveit_msgs/moveit_msgs/srv/detail/save_robot_state_to_warehouse__rosidl_typesupport_introspection_c.h
[243.701s] -- Installing: /home/xdkazer/Dual_Kuka_LLM_Bachelor/p5_ws/install/moveit_msgs/include/moveit_msgs/moveit_msgs/srv/detail/get_robot_state_from_warehouse__type_support.c
[243.701s] -- Installing: /home/xdkazer/Dual_Kuka_LLM_Bachelor/p5_ws/install/moveit_msgs/include/moveit_msgs/moveit_msgs/srv/detail/get_planning_scene__rosidl_typesupport_introspection_c.h
[243.701s] -- Installing: /home/xdkazer/Dual_Kuka_LLM_Bachelor/p5_ws/install/moveit_msgs/include/moveit_msgs/moveit_msgs/srv/detail/save_map__type_support.c
[243.701s] -- Installing: /home/xdkazer/Dual_Kuka_LLM_Bachelor/p5_ws/install/moveit_msgs/include/moveit_msgs/moveit_msgs/srv/detail/apply_planning_scene__rosidl_typesupport_introspection_c.h
[243.701s] -- Installing: /home/xdkazer/Dual_Kuka_LLM_Bachelor/p5_ws/install/moveit_msgs/include/moveit_msgs/moveit_msgs/srv/detail/get_planner_params__rosidl_typesupport_introspection_c.h
[243.701s] -- Installing: /home/xdkazer/Dual_Kuka_LLM_Bachelor/p5_ws/install/moveit_msgs/include/moveit_msgs/moveit_msgs/srv/detail/change_drift_dimensions__type_support.c
[243.702s] -- Installing: /home/xdkazer/Dual_Kuka_LLM_Bachelor/p5_ws/install/moveit_msgs/include/moveit_msgs/moveit_msgs/srv/detail/get_motion_sequence__type_support.c
[243.702s] -- Installing: /home/xdkazer/Dual_Kuka_LLM_Bachelor/p5_ws/install/moveit_msgs/include/moveit_msgs/moveit_msgs/srv/detail/update_pointcloud_octomap__rosidl_typesupport_introspection_c.h
[243.702s] -- Installing: /home/xdkazer/Dual_Kuka_LLM_Bachelor/p5_ws/install/moveit_msgs/include/moveit_msgs/moveit_msgs/srv/detail/apply_planning_scene__type_support.c
[243.702s] -- Installing: /home/xdkazer/Dual_Kuka_LLM_Bachelor/p5_ws/install/moveit_msgs/include/moveit_msgs/moveit_msgs/srv/detail/change_control_dimensions__rosidl_typesupport_introspection_c.h
[243.702s] -- Installing: /home/xdkazer/Dual_Kuka_LLM_Bachelor/p5_ws/install/moveit_msgs/include/moveit_msgs/moveit_msgs/srv/detail/set_planner_params__rosidl_typesupport_introspection_c.h
[243.702s] -- Installing: /home/xdkazer/Dual_Kuka_LLM_Bachelor/p5_ws/install/moveit_msgs/include/moveit_msgs/moveit_msgs/srv/detail/get_position_ik__rosidl_typesupport_introspection_c.h
[243.702s] -- Installing: /home/xdkazer/Dual_Kuka_LLM_Bachelor/p5_ws/install/moveit_msgs/include/moveit_msgs/moveit_msgs/srv/detail/get_state_validity__rosidl_typesupport_introspection_c.h
[243.703s] -- Installing: /home/xdkazer/Dual_Kuka_LLM_Bachelor/p5_ws/install/moveit_msgs/include/moveit_msgs/moveit_msgs/srv/detail/get_robot_state_from_warehouse__rosidl_typesupport_introspection_c.h
[243.703s] -- Installing: /home/xdkazer/Dual_Kuka_LLM_Bachelor/p5_ws/install/moveit_msgs/include/moveit_msgs/moveit_msgs/srv/detail/list_robot_states_in_warehouse__type_support.c
[243.703s] -- Installing: /home/xdkazer/Dual_Kuka_LLM_Bachelor/p5_ws/install/moveit_msgs/include/moveit_msgs/moveit_msgs/srv/detail/delete_robot_state_from_warehouse__type_support.c
[243.703s] -- Installing: /home/xdkazer/Dual_Kuka_LLM_Bachelor/p5_ws/install/moveit_msgs/include/moveit_msgs/moveit_msgs/srv/detail/rename_robot_state_in_warehouse__type_support.c
[243.703s] -- Installing: /home/xdkazer/Dual_Kuka_LLM_Bachelor/p5_ws/install/moveit_msgs/include/moveit_msgs/moveit_msgs/srv/detail/rename_robot_state_in_warehouse__rosidl_typesupport_introspection_c.h
[243.704s] -- Installing: /home/xdkazer/Dual_Kuka_LLM_Bachelor/p5_ws/install/moveit_msgs/include/moveit_msgs/moveit_msgs/srv/detail/get_motion_plan__rosidl_typesupport_introspection_c.h
[243.704s] -- Installing: /home/xdkazer/Dual_Kuka_LLM_Bachelor/p5_ws/install/moveit_msgs/include/moveit_msgs/moveit_msgs/srv/detail/load_map__type_support.c
[243.704s] -- Installing: /home/xdkazer/Dual_Kuka_LLM_Bachelor/p5_ws/install/moveit_msgs/include/moveit_msgs/moveit_msgs/srv/detail/change_control_dimensions__type_support.c
[243.704s] -- Installing: /home/xdkazer/Dual_Kuka_LLM_Bachelor/p5_ws/install/moveit_msgs/include/moveit_msgs/moveit_msgs/srv/detail/get_position_fk__type_support.c
[243.704s] -- Installing: /home/xdkazer/Dual_Kuka_LLM_Bachelor/p5_ws/install/moveit_msgs/include/moveit_msgs/moveit_msgs/srv/detail/get_planning_scene__type_support.c
[243.704s] -- Installing: /home/xdkazer/Dual_Kuka_LLM_Bachelor/p5_ws/install/moveit_msgs/include/moveit_msgs/moveit_msgs/srv/detail/delete_robot_state_from_warehouse__rosidl_typesupport_introspection_c.h
[243.704s] -- Installing: /home/xdkazer/Dual_Kuka_LLM_Bachelor/p5_ws/install/moveit_msgs/include/moveit_msgs/moveit_msgs/srv/detail/get_motion_sequence__rosidl_typesupport_introspection_c.h
[243.705s] -- Installing: /home/xdkazer/Dual_Kuka_LLM_Bachelor/p5_ws/install/moveit_msgs/include/moveit_msgs/moveit_msgs/srv/detail/query_planner_interfaces__rosidl_typesupport_introspection_c.h
[243.705s] -- Installing: /home/xdkazer/Dual_Kuka_LLM_Bachelor/p5_ws/install/moveit_msgs/include/moveit_msgs/moveit_msgs/srv/detail/grasp_planning__type_support.c
[243.705s] -- Installing: /home/xdkazer/Dual_Kuka_LLM_Bachelor/p5_ws/install/moveit_msgs/include/moveit_msgs/moveit_msgs/srv/detail/load_map__rosidl_typesupport_introspection_c.h
[243.705s] -- Installing: /home/xdkazer/Dual_Kuka_LLM_Bachelor/p5_ws/install/moveit_msgs/include/moveit_msgs/moveit_msgs/srv/detail/change_drift_dimensions__rosidl_typesupport_introspection_c.h
[243.705s] -- Installing: /home/xdkazer/Dual_Kuka_LLM_Bachelor/p5_ws/install/moveit_msgs/include/moveit_msgs/moveit_msgs/srv/detail/list_robot_states_in_warehouse__rosidl_typesupport_introspection_c.h
[243.705s] -- Installing: /home/xdkazer/Dual_Kuka_LLM_Bachelor/p5_ws/install/moveit_msgs/include/moveit_msgs/moveit_msgs/srv/detail/get_planner_params__type_support.c
[243.706s] -- Installing: /home/xdkazer/Dual_Kuka_LLM_Bachelor/p5_ws/install/moveit_msgs/include/moveit_msgs/moveit_msgs/srv/detail/save_robot_state_to_warehouse__type_support.c
[243.706s] -- Installing: /home/xdkazer/Dual_Kuka_LLM_Bachelor/p5_ws/install/moveit_msgs/include/moveit_msgs/moveit_msgs/srv/detail/update_pointcloud_octomap__type_support.c
[243.706s] -- Installing: /home/xdkazer/Dual_Kuka_LLM_Bachelor/p5_ws/install/moveit_msgs/include/moveit_msgs/moveit_msgs/srv/detail/get_position_fk__rosidl_typesupport_introspection_c.h
[243.706s] -- Installing: /home/xdkazer/Dual_Kuka_LLM_Bachelor/p5_ws/install/moveit_msgs/include/moveit_msgs/moveit_msgs/srv/detail/save_map__rosidl_typesupport_introspection_c.h
[243.706s] -- Installing: /home/xdkazer/Dual_Kuka_LLM_Bachelor/p5_ws/install/moveit_msgs/include/moveit_msgs/moveit_msgs/srv/detail/query_planner_interfaces__type_support.c
[243.706s] -- Installing: /home/xdkazer/Dual_Kuka_LLM_Bachelor/p5_ws/install/moveit_msgs/include/moveit_msgs/moveit_msgs/srv/detail/get_cartesian_path__rosidl_typesupport_introspection_c.h
[243.706s] -- Installing: /home/xdkazer/Dual_Kuka_LLM_Bachelor/p5_ws/install/moveit_msgs/include/moveit_msgs/moveit_msgs/srv/detail/set_planner_params__type_support.c
[243.706s] -- Installing: /home/xdkazer/Dual_Kuka_LLM_Bachelor/p5_ws/install/moveit_msgs/include/moveit_msgs/moveit_msgs/srv/detail/get_cartesian_path__type_support.c
[243.707s] -- Installing: /home/xdkazer/Dual_Kuka_LLM_Bachelor/p5_ws/install/moveit_msgs/include/moveit_msgs/moveit_msgs/srv/detail/grasp_planning__rosidl_typesupport_introspection_c.h
[243.707s] -- Up-to-date: /home/xdkazer/Dual_Kuka_LLM_Bachelor/p5_ws/install/moveit_msgs/include/moveit_msgs/moveit_msgs/action
[243.707s] -- Up-to-date: /home/xdkazer/Dual_Kuka_LLM_Bachelor/p5_ws/install/moveit_msgs/include/moveit_msgs/moveit_msgs/action/detail
[243.707s] -- Installing: /home/xdkazer/Dual_Kuka_LLM_Bachelor/p5_ws/install/moveit_msgs/include/moveit_msgs/moveit_msgs/action/detail/execute_trajectory__rosidl_typesupport_introspection_c.h
[243.707s] -- Installing: /home/xdkazer/Dual_Kuka_LLM_Bachelor/p5_ws/install/moveit_msgs/include/moveit_msgs/moveit_msgs/action/detail/global_planner__type_support.c
[243.708s] -- Installing: /home/xdkazer/Dual_Kuka_LLM_Bachelor/p5_ws/install/moveit_msgs/include/moveit_msgs/moveit_msgs/action/detail/pickup__type_support.c
[243.708s] -- Installing: /home/xdkazer/Dual_Kuka_LLM_Bachelor/p5_ws/install/moveit_msgs/include/moveit_msgs/moveit_msgs/action/detail/hybrid_planner__rosidl_typesupport_introspection_c.h
[243.708s] -- Installing: /home/xdkazer/Dual_Kuka_LLM_Bachelor/p5_ws/install/moveit_msgs/include/moveit_msgs/moveit_msgs/action/detail/hybrid_planner__type_support.c
[243.708s] -- Installing: /home/xdkazer/Dual_Kuka_LLM_Bachelor/p5_ws/install/moveit_msgs/include/moveit_msgs/moveit_msgs/action/detail/execute_trajectory__type_support.c
[243.708s] -- Installing: /home/xdkazer/Dual_Kuka_LLM_Bachelor/p5_ws/install/moveit_msgs/include/moveit_msgs/moveit_msgs/action/detail/place__type_support.c
[243.709s] -- Installing: /home/xdkazer/Dual_Kuka_LLM_Bachelor/p5_ws/install/moveit_msgs/include/moveit_msgs/moveit_msgs/action/detail/move_group__type_support.c
[243.709s] -- Installing: /home/xdkazer/Dual_Kuka_LLM_Bachelor/p5_ws/install/moveit_msgs/include/moveit_msgs/moveit_msgs/action/detail/pickup__rosidl_typesupport_introspection_c.h
[243.709s] -- Installing: /home/xdkazer/Dual_Kuka_LLM_Bachelor/p5_ws/install/moveit_msgs/include/moveit_msgs/moveit_msgs/action/detail/local_planner__rosidl_typesupport_introspection_c.h
[243.709s] -- Installing: /home/xdkazer/Dual_Kuka_LLM_Bachelor/p5_ws/install/moveit_msgs/include/moveit_msgs/moveit_msgs/action/detail/move_group_sequence__type_support.c
[243.709s] -- Installing: /home/xdkazer/Dual_Kuka_LLM_Bachelor/p5_ws/install/moveit_msgs/include/moveit_msgs/moveit_msgs/action/detail/local_planner__type_support.c
[243.709s] -- Installing: /home/xdkazer/Dual_Kuka_LLM_Bachelor/p5_ws/install/moveit_msgs/include/moveit_msgs/moveit_msgs/action/detail/move_group__rosidl_typesupport_introspection_c.h
[243.710s] -- Installing: /home/xdkazer/Dual_Kuka_LLM_Bachelor/p5_ws/install/moveit_msgs/include/moveit_msgs/moveit_msgs/action/detail/move_group_sequence__rosidl_typesupport_introspection_c.h
[243.710s] -- Installing: /home/xdkazer/Dual_Kuka_LLM_Bachelor/p5_ws/install/moveit_msgs/include/moveit_msgs/moveit_msgs/action/detail/place__rosidl_typesupport_introspection_c.h
[243.710s] -- Installing: /home/xdkazer/Dual_Kuka_LLM_Bachelor/p5_ws/install/moveit_msgs/include/moveit_msgs/moveit_msgs/action/detail/global_planner__rosidl_typesupport_introspection_c.h
[243.710s] -- Installing: /home/xdkazer/Dual_Kuka_LLM_Bachelor/p5_ws/install/moveit_msgs/lib/libmoveit_msgs__rosidl_typesupport_introspection_c.so
[243.711s] -- Set runtime path of "/home/xdkazer/Dual_Kuka_LLM_Bachelor/p5_ws/install/moveit_msgs/lib/libmoveit_msgs__rosidl_typesupport_introspection_c.so" to ""
[243.711s] -- Installing: /home/xdkazer/Dual_Kuka_LLM_Bachelor/p5_ws/install/moveit_msgs/lib/libmoveit_msgs__rosidl_typesupport_c.so
[243.712s] -- Set runtime path of "/home/xdkazer/Dual_Kuka_LLM_Bachelor/p5_ws/install/moveit_msgs/lib/libmoveit_msgs__rosidl_typesupport_c.so" to ""
[243.712s] -- Up-to-date: /home/xdkazer/Dual_Kuka_LLM_Bachelor/p5_ws/install/moveit_msgs/include/moveit_msgs/moveit_msgs
[243.712s] -- Up-to-date: /home/xdkazer/Dual_Kuka_LLM_Bachelor/p5_ws/install/moveit_msgs/include/moveit_msgs/moveit_msgs/msg
[243.712s] -- Installing: /home/xdkazer/Dual_Kuka_LLM_Bachelor/p5_ws/install/moveit_msgs/include/moveit_msgs/moveit_msgs/msg/cartesian_trajectory_point.hpp
[243.713s] -- Installing: /home/xdkazer/Dual_Kuka_LLM_Bachelor/p5_ws/install/moveit_msgs/include/moveit_msgs/moveit_msgs/msg/attached_collision_object.hpp
[243.714s] -- Installing: /home/xdkazer/Dual_Kuka_LLM_Bachelor/p5_ws/install/moveit_msgs/include/moveit_msgs/moveit_msgs/msg/cartesian_point.hpp
[243.714s] -- Installing: /home/xdkazer/Dual_Kuka_LLM_Bachelor/p5_ws/install/moveit_msgs/include/moveit_msgs/moveit_msgs/msg/motion_plan_response.hpp
[243.714s] -- Installing: /home/xdkazer/Dual_Kuka_LLM_Bachelor/p5_ws/install/moveit_msgs/include/moveit_msgs/moveit_msgs/msg/oriented_bounding_box.hpp
[243.714s] -- Installing: /home/xdkazer/Dual_Kuka_LLM_Bachelor/p5_ws/install/moveit_msgs/include/moveit_msgs/moveit_msgs/msg/planning_scene_components.hpp
[243.714s] -- Installing: /home/xdkazer/Dual_Kuka_LLM_Bachelor/p5_ws/install/moveit_msgs/include/moveit_msgs/moveit_msgs/msg/planner_interface_description.hpp
[243.714s] -- Installing: /home/xdkazer/Dual_Kuka_LLM_Bachelor/p5_ws/install/moveit_msgs/include/moveit_msgs/moveit_msgs/msg/contact_information.hpp
[243.714s] -- Installing: /home/xdkazer/Dual_Kuka_LLM_Bachelor/p5_ws/install/moveit_msgs/include/moveit_msgs/moveit_msgs/msg/kinematic_solver_info.hpp
[243.714s] -- Installing: /home/xdkazer/Dual_Kuka_LLM_Bachelor/p5_ws/install/moveit_msgs/include/moveit_msgs/moveit_msgs/msg/display_trajectory.hpp
[243.714s] -- Installing: /home/xdkazer/Dual_Kuka_LLM_Bachelor/p5_ws/install/moveit_msgs/include/moveit_msgs/moveit_msgs/msg/visibility_constraint.hpp
[243.714s] -- Installing: /home/xdkazer/Dual_Kuka_LLM_Bachelor/p5_ws/install/moveit_msgs/include/moveit_msgs/moveit_msgs/msg/link_scale.hpp
[243.714s] -- Installing: /home/xdkazer/Dual_Kuka_LLM_Bachelor/p5_ws/install/moveit_msgs/include/moveit_msgs/moveit_msgs/msg/motion_plan_request.hpp
[243.715s] -- Installing: /home/xdkazer/Dual_Kuka_LLM_Bachelor/p5_ws/install/moveit_msgs/include/moveit_msgs/moveit_msgs/msg/robot_trajectory.hpp
[243.715s] -- Installing: /home/xdkazer/Dual_Kuka_LLM_Bachelor/p5_ws/install/moveit_msgs/include/moveit_msgs/moveit_msgs/msg/joint_constraint.hpp
[243.715s] -- Installing: /home/xdkazer/Dual_Kuka_LLM_Bachelor/p5_ws/install/moveit_msgs/include/moveit_msgs/moveit_msgs/msg/motion_sequence_item.hpp
[243.715s] -- Installing: /home/xdkazer/Dual_Kuka_LLM_Bachelor/p5_ws/install/moveit_msgs/include/moveit_msgs/moveit_msgs/msg/allowed_collision_entry.hpp
[243.715s] -- Installing: /home/xdkazer/Dual_Kuka_LLM_Bachelor/p5_ws/install/moveit_msgs/include/moveit_msgs/moveit_msgs/msg/motion_sequence_response.hpp
[243.715s] -- Installing: /home/xdkazer/Dual_Kuka_LLM_Bachelor/p5_ws/install/moveit_msgs/include/moveit_msgs/moveit_msgs/msg/gripper_translation.hpp
[243.715s] -- Installing: /home/xdkazer/Dual_Kuka_LLM_Bachelor/p5_ws/install/moveit_msgs/include/moveit_msgs/moveit_msgs/msg/robot_state.hpp
[243.715s] -- Installing: /home/xdkazer/Dual_Kuka_LLM_Bachelor/p5_ws/install/moveit_msgs/include/moveit_msgs/moveit_msgs/msg/bounding_volume.hpp
[243.715s] -- Installing: /home/xdkazer/Dual_Kuka_LLM_Bachelor/p5_ws/install/moveit_msgs/include/moveit_msgs/moveit_msgs/msg/object_color.hpp
[243.716s] -- Installing: /home/xdkazer/Dual_Kuka_LLM_Bachelor/p5_ws/install/moveit_msgs/include/moveit_msgs/moveit_msgs/msg/allowed_collision_matrix.hpp
[243.716s] -- Installing: /home/xdkazer/Dual_Kuka_LLM_Bachelor/p5_ws/install/moveit_msgs/include/moveit_msgs/moveit_msgs/msg/orientation_constraint.hpp
[243.716s] -- Installing: /home/xdkazer/Dual_Kuka_LLM_Bachelor/p5_ws/install/moveit_msgs/include/moveit_msgs/moveit_msgs/msg/move_it_error_codes.hpp
[243.716s] -- Installing: /home/xdkazer/Dual_Kuka_LLM_Bachelor/p5_ws/install/moveit_msgs/include/moveit_msgs/moveit_msgs/msg/workspace_parameters.hpp
[243.716s] -- Installing: /home/xdkazer/Dual_Kuka_LLM_Bachelor/p5_ws/install/moveit_msgs/include/moveit_msgs/moveit_msgs/msg/planner_params.hpp
[243.716s] -- Installing: /home/xdkazer/Dual_Kuka_LLM_Bachelor/p5_ws/install/moveit_msgs/include/moveit_msgs/moveit_msgs/msg/constraints.hpp
[243.716s] -- Up-to-date: /home/xdkazer/Dual_Kuka_LLM_Bachelor/p5_ws/install/moveit_msgs/include/moveit_msgs/moveit_msgs/msg/detail
[243.716s] -- Installing: /home/xdkazer/Dual_Kuka_LLM_Bachelor/p5_ws/install/moveit_msgs/include/moveit_msgs/moveit_msgs/msg/detail/allowed_collision_matrix__traits.hpp
[243.716s] -- Installing: /home/xdkazer/Dual_Kuka_LLM_Bachelor/p5_ws/install/moveit_msgs/include/moveit_msgs/moveit_msgs/msg/detail/cartesian_trajectory__struct.hpp
[243.717s] -- Installing: /home/xdkazer/Dual_Kuka_LLM_Bachelor/p5_ws/install/moveit_msgs/include/moveit_msgs/moveit_msgs/msg/detail/motion_plan_response__struct.hpp
[243.717s] -- Installing: /home/xdkazer/Dual_Kuka_LLM_Bachelor/p5_ws/install/moveit_msgs/include/moveit_msgs/moveit_msgs/msg/detail/planner_interface_description__traits.hpp
[243.717s] -- Installing: /home/xdkazer/Dual_Kuka_LLM_Bachelor/p5_ws/install/moveit_msgs/include/moveit_msgs/moveit_msgs/msg/detail/joint_constraint__traits.hpp
[243.717s] -- Installing: /home/xdkazer/Dual_Kuka_LLM_Bachelor/p5_ws/install/moveit_msgs/include/moveit_msgs/moveit_msgs/msg/detail/motion_sequence_response__struct.hpp
[243.717s] -- Installing: /home/xdkazer/Dual_Kuka_LLM_Bachelor/p5_ws/install/moveit_msgs/include/moveit_msgs/moveit_msgs/msg/detail/allowed_collision_entry__traits.hpp
[243.717s] -- Installing: /home/xdkazer/Dual_Kuka_LLM_Bachelor/p5_ws/install/moveit_msgs/include/moveit_msgs/moveit_msgs/msg/detail/link_scale__builder.hpp
[243.717s] -- Installing: /home/xdkazer/Dual_Kuka_LLM_Bachelor/p5_ws/install/moveit_msgs/include/moveit_msgs/moveit_msgs/msg/detail/allowed_collision_matrix__builder.hpp
[243.718s] -- Installing: /home/xdkazer/Dual_Kuka_LLM_Bachelor/p5_ws/install/moveit_msgs/include/moveit_msgs/moveit_msgs/msg/detail/planner_interface_description__struct.hpp
[243.718s] -- Installing: /home/xdkazer/Dual_Kuka_LLM_Bachelor/p5_ws/install/moveit_msgs/include/moveit_msgs/moveit_msgs/msg/detail/planning_options__traits.hpp
[243.718s] -- Installing: /home/xdkazer/Dual_Kuka_LLM_Bachelor/p5_ws/install/moveit_msgs/include/moveit_msgs/moveit_msgs/msg/detail/position_ik_request__builder.hpp
[243.718s] -- Installing: /home/xdkazer/Dual_Kuka_LLM_Bachelor/p5_ws/install/moveit_msgs/include/moveit_msgs/moveit_msgs/msg/detail/position_constraint__traits.hpp
[243.718s] -- Installing: /home/xdkazer/Dual_Kuka_LLM_Bachelor/p5_ws/install/moveit_msgs/include/moveit_msgs/moveit_msgs/msg/detail/display_trajectory__builder.hpp
[243.718s] -- Installing: /home/xdkazer/Dual_Kuka_LLM_Bachelor/p5_ws/install/moveit_msgs/include/moveit_msgs/moveit_msgs/msg/detail/oriented_bounding_box__traits.hpp
[243.718s] -- Installing: /home/xdkazer/Dual_Kuka_LLM_Bachelor/p5_ws/install/moveit_msgs/include/moveit_msgs/moveit_msgs/msg/detail/cost_source__struct.hpp
[243.718s] -- Installing: /home/xdkazer/Dual_Kuka_LLM_Bachelor/p5_ws/install/moveit_msgs/include/moveit_msgs/moveit_msgs/msg/detail/constraints__traits.hpp
[243.718s] -- Installing: /home/xdkazer/Dual_Kuka_LLM_Bachelor/p5_ws/install/moveit_msgs/include/moveit_msgs/moveit_msgs/msg/detail/planning_scene_components__struct.hpp
[243.719s] -- Installing: /home/xdkazer/Dual_Kuka_LLM_Bachelor/p5_ws/install/moveit_msgs/include/moveit_msgs/moveit_msgs/msg/detail/contact_information__struct.hpp
[243.719s] -- Installing: /home/xdkazer/Dual_Kuka_LLM_Bachelor/p5_ws/install/moveit_msgs/include/moveit_msgs/moveit_msgs/msg/detail/contact_information__builder.hpp
[243.719s] -- Installing: /home/xdkazer/Dual_Kuka_LLM_Bachelor/p5_ws/install/moveit_msgs/include/moveit_msgs/moveit_msgs/msg/detail/generic_trajectory__traits.hpp
[243.719s] -- Installing: /home/xdkazer/Dual_Kuka_LLM_Bachelor/p5_ws/install/moveit_msgs/include/moveit_msgs/moveit_msgs/msg/detail/visibility_constraint__traits.hpp
[243.719s] -- Installing: /home/xdkazer/Dual_Kuka_LLM_Bachelor/p5_ws/install/moveit_msgs/include/moveit_msgs/moveit_msgs/msg/detail/motion_plan_response__traits.hpp
[243.719s] -- Installing: /home/xdkazer/Dual_Kuka_LLM_Bachelor/p5_ws/install/moveit_msgs/include/moveit_msgs/moveit_msgs/msg/detail/planner_params__struct.hpp
[243.719s] -- Installing: /home/xdkazer/Dual_Kuka_LLM_Bachelor/p5_ws/install/moveit_msgs/include/moveit_msgs/moveit_msgs/msg/detail/planner_interface_description__builder.hpp
[243.720s] -- Installing: /home/xdkazer/Dual_Kuka_LLM_Bachelor/p5_ws/install/moveit_msgs/include/moveit_msgs/moveit_msgs/msg/detail/motion_sequence_request__struct.hpp
[243.720s] -- Installing: /home/xdkazer/Dual_Kuka_LLM_Bachelor/p5_ws/install/moveit_msgs/include/moveit_msgs/moveit_msgs/msg/detail/bounding_volume__builder.hpp
[243.720s] -- Installing: /home/xdkazer/Dual_Kuka_LLM_Bachelor/p5_ws/install/moveit_msgs/include/moveit_msgs/moveit_msgs/msg/detail/place_location__builder.hpp
[243.720s] -- Installing: /home/xdkazer/Dual_Kuka_LLM_Bachelor/p5_ws/install/moveit_msgs/include/moveit_msgs/moveit_msgs/msg/detail/attached_collision_object__struct.hpp
[243.720s] -- Installing: /home/xdkazer/Dual_Kuka_LLM_Bachelor/p5_ws/install/moveit_msgs/include/moveit_msgs/moveit_msgs/msg/detail/contact_information__traits.hpp
[243.720s] -- Installing: /home/xdkazer/Dual_Kuka_LLM_Bachelor/p5_ws/install/moveit_msgs/include/moveit_msgs/moveit_msgs/msg/detail/link_scale__traits.hpp
[243.720s] -- Installing: /home/xdkazer/Dual_Kuka_LLM_Bachelor/p5_ws/install/moveit_msgs/include/moveit_msgs/moveit_msgs/msg/detail/robot_state__traits.hpp
[243.720s] -- Installing: /home/xdkazer/Dual_Kuka_LLM_Bachelor/p5_ws/install/moveit_msgs/include/moveit_msgs/moveit_msgs/msg/detail/attached_collision_object__builder.hpp
[243.720s] -- Installing: /home/xdkazer/Dual_Kuka_LLM_Bachelor/p5_ws/install/moveit_msgs/include/moveit_msgs/moveit_msgs/msg/detail/motion_plan_response__builder.hpp
[243.720s] -- Installing: /home/xdkazer/Dual_Kuka_LLM_Bachelor/p5_ws/install/moveit_msgs/include/moveit_msgs/moveit_msgs/msg/detail/visibility_constraint__builder.hpp
[243.721s] -- Installing: /home/xdkazer/Dual_Kuka_LLM_Bachelor/p5_ws/install/moveit_msgs/include/moveit_msgs/moveit_msgs/msg/detail/grasp__struct.hpp
[243.721s] -- Installing: /home/xdkazer/Dual_Kuka_LLM_Bachelor/p5_ws/install/moveit_msgs/include/moveit_msgs/moveit_msgs/msg/detail/gripper_translation__struct.hpp
[243.721s] -- Installing: /home/xdkazer/Dual_Kuka_LLM_Bachelor/p5_ws/install/moveit_msgs/include/moveit_msgs/moveit_msgs/msg/detail/position_constraint__struct.hpp
[243.721s] -- Installing: /home/xdkazer/Dual_Kuka_LLM_Bachelor/p5_ws/install/moveit_msgs/include/moveit_msgs/moveit_msgs/msg/detail/generic_trajectory__builder.hpp
[243.721s] -- Installing: /home/xdkazer/Dual_Kuka_LLM_Bachelor/p5_ws/install/moveit_msgs/include/moveit_msgs/moveit_msgs/msg/detail/place_location__struct.hpp
[243.721s] -- Installing: /home/xdkazer/Dual_Kuka_LLM_Bachelor/p5_ws/install/moveit_msgs/include/moveit_msgs/moveit_msgs/msg/detail/position_ik_request__traits.hpp
[243.721s] -- Installing: /home/xdkazer/Dual_Kuka_LLM_Bachelor/p5_ws/install/moveit_msgs/include/moveit_msgs/moveit_msgs/msg/detail/link_padding__traits.hpp
[243.722s] -- Installing: /home/xdkazer/Dual_Kuka_LLM_Bachelor/p5_ws/install/moveit_msgs/include/moveit_msgs/moveit_msgs/msg/detail/grasp__traits.hpp
[243.722s] -- Installing: /home/xdkazer/Dual_Kuka_LLM_Bachelor/p5_ws/install/moveit_msgs/include/moveit_msgs/moveit_msgs/msg/detail/oriented_bounding_box__builder.hpp
[243.722s] -- Installing: /home/xdkazer/Dual_Kuka_LLM_Bachelor/p5_ws/install/moveit_msgs/include/moveit_msgs/moveit_msgs/msg/detail/cartesian_point__builder.hpp
[243.722s] -- Installing: /home/xdkazer/Dual_Kuka_LLM_Bachelor/p5_ws/install/moveit_msgs/include/moveit_msgs/moveit_msgs/msg/detail/robot_trajectory__traits.hpp
[243.722s] -- Installing: /home/xdkazer/Dual_Kuka_LLM_Bachelor/p5_ws/install/moveit_msgs/include/moveit_msgs/moveit_msgs/msg/detail/object_color__builder.hpp
[243.722s] -- Installing: /home/xdkazer/Dual_Kuka_LLM_Bachelor/p5_ws/install/moveit_msgs/include/moveit_msgs/moveit_msgs/msg/detail/trajectory_constraints__traits.hpp
[243.724s] -- Installing: /home/xdkazer/Dual_Kuka_LLM_Bachelor/p5_ws/install/moveit_msgs/include/moveit_msgs/moveit_msgs/msg/detail/workspace_parameters__builder.hpp
[243.724s] -- Installing: /home/xdkazer/Dual_Kuka_LLM_Bachelor/p5_ws/install/moveit_msgs/include/moveit_msgs/moveit_msgs/msg/detail/constraint_eval_result__traits.hpp
[243.724s] -- Installing: /home/xdkazer/Dual_Kuka_LLM_Bachelor/p5_ws/install/moveit_msgs/include/moveit_msgs/moveit_msgs/msg/detail/planner_params__builder.hpp
[243.724s] -- Installing: /home/xdkazer/Dual_Kuka_LLM_Bachelor/p5_ws/install/moveit_msgs/include/moveit_msgs/moveit_msgs/msg/detail/cartesian_trajectory__traits.hpp
[243.724s] -- Installing: /home/xdkazer/Dual_Kuka_LLM_Bachelor/p5_ws/install/moveit_msgs/include/moveit_msgs/moveit_msgs/msg/detail/workspace_parameters__struct.hpp
[243.724s] -- Installing: /home/xdkazer/Dual_Kuka_LLM_Bachelor/p5_ws/install/moveit_msgs/include/moveit_msgs/moveit_msgs/msg/detail/cost_source__traits.hpp
[243.724s] -- Installing: /home/xdkazer/Dual_Kuka_LLM_Bachelor/p5_ws/install/moveit_msgs/include/moveit_msgs/moveit_msgs/msg/detail/trajectory_constraints__builder.hpp
[243.724s] -- Installing: /home/xdkazer/Dual_Kuka_LLM_Bachelor/p5_ws/install/moveit_msgs/include/moveit_msgs/moveit_msgs/msg/detail/motion_sequence_item__traits.hpp
[243.724s] -- Installing: /home/xdkazer/Dual_Kuka_LLM_Bachelor/p5_ws/install/moveit_msgs/include/moveit_msgs/moveit_msgs/msg/detail/motion_plan_detailed_response__builder.hpp
[243.724s] -- Installing: /home/xdkazer/Dual_Kuka_LLM_Bachelor/p5_ws/install/moveit_msgs/include/moveit_msgs/moveit_msgs/msg/detail/collision_object__struct.hpp
[243.724s] -- Installing: /home/xdkazer/Dual_Kuka_LLM_Bachelor/p5_ws/install/moveit_msgs/include/moveit_msgs/moveit_msgs/msg/detail/robot_trajectory__builder.hpp
[243.724s] -- Installing: /home/xdkazer/Dual_Kuka_LLM_Bachelor/p5_ws/install/moveit_msgs/include/moveit_msgs/moveit_msgs/msg/detail/motion_sequence_response__builder.hpp
[243.724s] -- Installing: /home/xdkazer/Dual_Kuka_LLM_Bachelor/p5_ws/install/moveit_msgs/include/moveit_msgs/moveit_msgs/msg/detail/display_trajectory__traits.hpp
[243.724s] -- Installing: /home/xdkazer/Dual_Kuka_LLM_Bachelor/p5_ws/install/moveit_msgs/include/moveit_msgs/moveit_msgs/msg/detail/link_scale__struct.hpp
[243.724s] -- Installing: /home/xdkazer/Dual_Kuka_LLM_Bachelor/p5_ws/install/moveit_msgs/include/moveit_msgs/moveit_msgs/msg/detail/constraint_eval_result__builder.hpp
[243.724s] -- Installing: /home/xdkazer/Dual_Kuka_LLM_Bachelor/p5_ws/install/moveit_msgs/include/moveit_msgs/moveit_msgs/msg/detail/motion_sequence_item__struct.hpp
[243.725s] -- Installing: /home/xdkazer/Dual_Kuka_LLM_Bachelor/p5_ws/install/moveit_msgs/include/moveit_msgs/moveit_msgs/msg/detail/collision_object__traits.hpp
[243.725s] -- Installing: /home/xdkazer/Dual_Kuka_LLM_Bachelor/p5_ws/install/moveit_msgs/include/moveit_msgs/moveit_msgs/msg/detail/display_robot_state__struct.hpp
[243.725s] -- Installing: /home/xdkazer/Dual_Kuka_LLM_Bachelor/p5_ws/install/moveit_msgs/include/moveit_msgs/moveit_msgs/msg/detail/joint_constraint__struct.hpp
[243.725s] -- Installing: /home/xdkazer/Dual_Kuka_LLM_Bachelor/p5_ws/install/moveit_msgs/include/moveit_msgs/moveit_msgs/msg/detail/robot_state__struct.hpp
[243.725s] -- Installing: /home/xdkazer/Dual_Kuka_LLM_Bachelor/p5_ws/install/moveit_msgs/include/moveit_msgs/moveit_msgs/msg/detail/joint_limits__struct.hpp
[243.725s] -- Installing: /home/xdkazer/Dual_Kuka_LLM_Bachelor/p5_ws/install/moveit_msgs/include/moveit_msgs/moveit_msgs/msg/detail/joint_constraint__builder.hpp
[243.725s] -- Installing: /home/xdkazer/Dual_Kuka_LLM_Bachelor/p5_ws/install/moveit_msgs/include/moveit_msgs/moveit_msgs/msg/detail/constraints__builder.hpp
[243.726s] -- Installing: /home/xdkazer/Dual_Kuka_LLM_Bachelor/p5_ws/install/moveit_msgs/include/moveit_msgs/moveit_msgs/msg/detail/move_it_error_codes__struct.hpp
[243.726s] -- Installing: /home/xdkazer/Dual_Kuka_LLM_Bachelor/p5_ws/install/moveit_msgs/include/moveit_msgs/moveit_msgs/msg/detail/gripper_translation__builder.hpp
[243.726s] -- Installing: /home/xdkazer/Dual_Kuka_LLM_Bachelor/p5_ws/install/moveit_msgs/include/moveit_msgs/moveit_msgs/msg/detail/motion_plan_request__traits.hpp
[243.726s] -- Installing: /home/xdkazer/Dual_Kuka_LLM_Bachelor/p5_ws/install/moveit_msgs/include/moveit_msgs/moveit_msgs/msg/detail/object_color__traits.hpp
[243.726s] -- Installing: /home/xdkazer/Dual_Kuka_LLM_Bachelor/p5_ws/install/moveit_msgs/include/moveit_msgs/moveit_msgs/msg/detail/display_trajectory__struct.hpp
[243.726s] -- Installing: /home/xdkazer/Dual_Kuka_LLM_Bachelor/p5_ws/install/moveit_msgs/include/moveit_msgs/moveit_msgs/msg/detail/generic_trajectory__struct.hpp
[243.726s] -- Installing: /home/xdkazer/Dual_Kuka_LLM_Bachelor/p5_ws/install/moveit_msgs/include/moveit_msgs/moveit_msgs/msg/detail/constraints__struct.hpp
[243.726s] -- Installing: /home/xdkazer/Dual_Kuka_LLM_Bachelor/p5_ws/install/moveit_msgs/include/moveit_msgs/moveit_msgs/msg/detail/joint_limits__traits.hpp
[243.726s] -- Installing: /home/xdkazer/Dual_Kuka_LLM_Bachelor/p5_ws/install/moveit_msgs/include/moveit_msgs/moveit_msgs/msg/detail/visibility_constraint__struct.hpp
[243.726s] -- Installing: /home/xdkazer/Dual_Kuka_LLM_Bachelor/p5_ws/install/moveit_msgs/include/moveit_msgs/moveit_msgs/msg/detail/planning_scene__traits.hpp
[243.727s] -- Installing: /home/xdkazer/Dual_Kuka_LLM_Bachelor/p5_ws/install/moveit_msgs/include/moveit_msgs/moveit_msgs/msg/detail/motion_plan_detailed_response__struct.hpp
[243.727s] -- Installing: /home/xdkazer/Dual_Kuka_LLM_Bachelor/p5_ws/install/moveit_msgs/include/moveit_msgs/moveit_msgs/msg/detail/cartesian_trajectory_point__struct.hpp
[243.727s] -- Installing: /home/xdkazer/Dual_Kuka_LLM_Bachelor/p5_ws/install/moveit_msgs/include/moveit_msgs/moveit_msgs/msg/detail/allowed_collision_entry__builder.hpp
[243.727s] -- Installing: /home/xdkazer/Dual_Kuka_LLM_Bachelor/p5_ws/install/moveit_msgs/include/moveit_msgs/moveit_msgs/msg/detail/robot_state__builder.hpp
[243.727s] -- Installing: /home/xdkazer/Dual_Kuka_LLM_Bachelor/p5_ws/install/moveit_msgs/include/moveit_msgs/moveit_msgs/msg/detail/motion_plan_request__struct.hpp
[243.727s] -- Installing: /home/xdkazer/Dual_Kuka_LLM_Bachelor/p5_ws/install/moveit_msgs/include/moveit_msgs/moveit_msgs/msg/detail/collision_object__builder.hpp
[243.727s] -- Installing: /home/xdkazer/Dual_Kuka_LLM_Bachelor/p5_ws/install/moveit_msgs/include/moveit_msgs/moveit_msgs/msg/detail/place_location__traits.hpp
[243.727s] -- Installing: /home/xdkazer/Dual_Kuka_LLM_Bachelor/p5_ws/install/moveit_msgs/include/moveit_msgs/moveit_msgs/msg/detail/link_padding__builder.hpp
[243.727s] -- Installing: /home/xdkazer/Dual_Kuka_LLM_Bachelor/p5_ws/install/moveit_msgs/include/moveit_msgs/moveit_msgs/msg/detail/allowed_collision_entry__struct.hpp
[243.727s] -- Installing: /home/xdkazer/Dual_Kuka_LLM_Bachelor/p5_ws/install/moveit_msgs/include/moveit_msgs/moveit_msgs/msg/detail/trajectory_constraints__struct.hpp
[243.727s] -- Installing: /home/xdkazer/Dual_Kuka_LLM_Bachelor/p5_ws/install/moveit_msgs/include/moveit_msgs/moveit_msgs/msg/detail/move_it_error_codes__builder.hpp
[243.727s] -- Installing: /home/xdkazer/Dual_Kuka_LLM_Bachelor/p5_ws/install/moveit_msgs/include/moveit_msgs/moveit_msgs/msg/detail/motion_plan_detailed_response__traits.hpp
[243.727s] -- Installing: /home/xdkazer/Dual_Kuka_LLM_Bachelor/p5_ws/install/moveit_msgs/include/moveit_msgs/moveit_msgs/msg/detail/kinematic_solver_info__struct.hpp
[243.728s] -- Installing: /home/xdkazer/Dual_Kuka_LLM_Bachelor/p5_ws/install/moveit_msgs/include/moveit_msgs/moveit_msgs/msg/detail/display_robot_state__builder.hpp
[243.728s] -- Installing: /home/xdkazer/Dual_Kuka_LLM_Bachelor/p5_ws/install/moveit_msgs/include/moveit_msgs/moveit_msgs/msg/detail/joint_limits__builder.hpp
[243.728s] -- Installing: /home/xdkazer/Dual_Kuka_LLM_Bachelor/p5_ws/install/moveit_msgs/include/moveit_msgs/moveit_msgs/msg/detail/link_padding__struct.hpp
[243.728s] -- Installing: /home/xdkazer/Dual_Kuka_LLM_Bachelor/p5_ws/install/moveit_msgs/include/moveit_msgs/moveit_msgs/msg/detail/bounding_volume__struct.hpp
[243.728s] -- Installing: /home/xdkazer/Dual_Kuka_LLM_Bachelor/p5_ws/install/moveit_msgs/include/moveit_msgs/moveit_msgs/msg/detail/position_ik_request__struct.hpp
[243.728s] -- Installing: /home/xdkazer/Dual_Kuka_LLM_Bachelor/p5_ws/install/moveit_msgs/include/moveit_msgs/moveit_msgs/msg/detail/gripper_translation__traits.hpp
[243.728s] -- Installing: /home/xdkazer/Dual_Kuka_LLM_Bachelor/p5_ws/install/moveit_msgs/include/moveit_msgs/moveit_msgs/msg/detail/cartesian_trajectory_point__builder.hpp
[243.728s] -- Installing: /home/xdkazer/Dual_Kuka_LLM_Bachelor/p5_ws/install/moveit_msgs/include/moveit_msgs/moveit_msgs/msg/detail/kinematic_solver_info__traits.hpp
[243.728s] -- Installing: /home/xdkazer/Dual_Kuka_LLM_Bachelor/p5_ws/install/moveit_msgs/include/moveit_msgs/moveit_msgs/msg/detail/planning_scene_components__builder.hpp
[243.728s] -- Installing: /home/xdkazer/Dual_Kuka_LLM_Bachelor/p5_ws/install/moveit_msgs/include/moveit_msgs/moveit_msgs/msg/detail/workspace_parameters__traits.hpp
[243.728s] -- Installing: /home/xdkazer/Dual_Kuka_LLM_Bachelor/p5_ws/install/moveit_msgs/include/moveit_msgs/moveit_msgs/msg/detail/motion_sequence_response__traits.hpp
[243.728s] -- Installing: /home/xdkazer/Dual_Kuka_LLM_Bachelor/p5_ws/install/moveit_msgs/include/moveit_msgs/moveit_msgs/msg/detail/cartesian_point__traits.hpp
[243.728s] -- Installing: /home/xdkazer/Dual_Kuka_LLM_Bachelor/p5_ws/install/moveit_msgs/include/moveit_msgs/moveit_msgs/msg/detail/cartesian_trajectory__builder.hpp
[243.728s] -- Installing: /home/xdkazer/Dual_Kuka_LLM_Bachelor/p5_ws/install/moveit_msgs/include/moveit_msgs/moveit_msgs/msg/detail/planning_scene_world__builder.hpp
[243.729s] -- Installing: /home/xdkazer/Dual_Kuka_LLM_Bachelor/p5_ws/install/moveit_msgs/include/moveit_msgs/moveit_msgs/msg/detail/planning_options__builder.hpp
[243.729s] -- Installing: /home/xdkazer/Dual_Kuka_LLM_Bachelor/p5_ws/install/moveit_msgs/include/moveit_msgs/moveit_msgs/msg/detail/kinematic_solver_info__builder.hpp
[243.729s] -- Installing: /home/xdkazer/Dual_Kuka_LLM_Bachelor/p5_ws/install/moveit_msgs/include/moveit_msgs/moveit_msgs/msg/detail/motion_sequence_item__builder.hpp
[243.729s] -- Installing: /home/xdkazer/Dual_Kuka_LLM_Bachelor/p5_ws/install/moveit_msgs/include/moveit_msgs/moveit_msgs/msg/detail/orientation_constraint__builder.hpp
[243.729s] -- Installing: /home/xdkazer/Dual_Kuka_LLM_Bachelor/p5_ws/install/moveit_msgs/include/moveit_msgs/moveit_msgs/msg/detail/position_constraint__builder.hpp
[243.729s] -- Installing: /home/xdkazer/Dual_Kuka_LLM_Bachelor/p5_ws/install/moveit_msgs/include/moveit_msgs/moveit_msgs/msg/detail/planner_params__traits.hpp
[243.729s] -- Installing: /home/xdkazer/Dual_Kuka_LLM_Bachelor/p5_ws/install/moveit_msgs/include/moveit_msgs/moveit_msgs/msg/detail/cartesian_trajectory_point__traits.hpp
[243.729s] -- Installing: /home/xdkazer/Dual_Kuka_LLM_Bachelor/p5_ws/install/moveit_msgs/include/moveit_msgs/moveit_msgs/msg/detail/motion_plan_request__builder.hpp
[243.730s] -- Installing: /home/xdkazer/Dual_Kuka_LLM_Bachelor/p5_ws/install/moveit_msgs/include/moveit_msgs/moveit_msgs/msg/detail/display_robot_state__traits.hpp
[243.730s] -- Installing: /home/xdkazer/Dual_Kuka_LLM_Bachelor/p5_ws/install/moveit_msgs/include/moveit_msgs/moveit_msgs/msg/detail/orientation_constraint__struct.hpp
[243.730s] -- Installing: /home/xdkazer/Dual_Kuka_LLM_Bachelor/p5_ws/install/moveit_msgs/include/moveit_msgs/moveit_msgs/msg/detail/object_color__struct.hpp
[243.730s] -- Installing: /home/xdkazer/Dual_Kuka_LLM_Bachelor/p5_ws/install/moveit_msgs/include/moveit_msgs/moveit_msgs/msg/detail/planning_scene__struct.hpp
[243.730s] -- Installing: /home/xdkazer/Dual_Kuka_LLM_Bachelor/p5_ws/install/moveit_msgs/include/moveit_msgs/moveit_msgs/msg/detail/oriented_bounding_box__struct.hpp
[243.730s] -- Installing: /home/xdkazer/Dual_Kuka_LLM_Bachelor/p5_ws/install/moveit_msgs/include/moveit_msgs/moveit_msgs/msg/detail/planning_scene__builder.hpp
[243.731s] -- Installing: /home/xdkazer/Dual_Kuka_LLM_Bachelor/p5_ws/install/moveit_msgs/include/moveit_msgs/moveit_msgs/msg/detail/planning_scene_world__struct.hpp
[243.731s] -- Installing: /home/xdkazer/Dual_Kuka_LLM_Bachelor/p5_ws/install/moveit_msgs/include/moveit_msgs/moveit_msgs/msg/detail/planning_options__struct.hpp
[243.731s] -- Installing: /home/xdkazer/Dual_Kuka_LLM_Bachelor/p5_ws/install/moveit_msgs/include/moveit_msgs/moveit_msgs/msg/detail/bounding_volume__traits.hpp
[243.731s] -- Installing: /home/xdkazer/Dual_Kuka_LLM_Bachelor/p5_ws/install/moveit_msgs/include/moveit_msgs/moveit_msgs/msg/detail/constraint_eval_result__struct.hpp
[243.731s] -- Installing: /home/xdkazer/Dual_Kuka_LLM_Bachelor/p5_ws/install/moveit_msgs/include/moveit_msgs/moveit_msgs/msg/detail/cost_source__builder.hpp
[243.731s] -- Installing: /home/xdkazer/Dual_Kuka_LLM_Bachelor/p5_ws/install/moveit_msgs/include/moveit_msgs/moveit_msgs/msg/detail/planning_scene_world__traits.hpp
[243.731s] -- Installing: /home/xdkazer/Dual_Kuka_LLM_Bachelor/p5_ws/install/moveit_msgs/include/moveit_msgs/moveit_msgs/msg/detail/grasp__builder.hpp
[243.731s] -- Installing: /home/xdkazer/Dual_Kuka_LLM_Bachelor/p5_ws/install/moveit_msgs/include/moveit_msgs/moveit_msgs/msg/detail/planning_scene_components__traits.hpp
[243.731s] -- Installing: /home/xdkazer/Dual_Kuka_LLM_Bachelor/p5_ws/install/moveit_msgs/include/moveit_msgs/moveit_msgs/msg/detail/move_it_error_codes__traits.hpp
[243.731s] -- Installing: /home/xdkazer/Dual_Kuka_LLM_Bachelor/p5_ws/install/moveit_msgs/include/moveit_msgs/moveit_msgs/msg/detail/cartesian_point__struct.hpp
[243.731s] -- Installing: /home/xdkazer/Dual_Kuka_LLM_Bachelor/p5_ws/install/moveit_msgs/include/moveit_msgs/moveit_msgs/msg/detail/robot_trajectory__struct.hpp
[243.732s] -- Installing: /home/xdkazer/Dual_Kuka_LLM_Bachelor/p5_ws/install/moveit_msgs/include/moveit_msgs/moveit_msgs/msg/detail/attached_collision_object__traits.hpp
[243.732s] -- Installing: /home/xdkazer/Dual_Kuka_LLM_Bachelor/p5_ws/install/moveit_msgs/include/moveit_msgs/moveit_msgs/msg/detail/orientation_constraint__traits.hpp
[243.732s] -- Installing: /home/xdkazer/Dual_Kuka_LLM_Bachelor/p5_ws/install/moveit_msgs/include/moveit_msgs/moveit_msgs/msg/detail/motion_sequence_request__builder.hpp
[243.732s] -- Installing: /home/xdkazer/Dual_Kuka_LLM_Bachelor/p5_ws/install/moveit_msgs/include/moveit_msgs/moveit_msgs/msg/detail/motion_sequence_request__traits.hpp
[243.732s] -- Installing: /home/xdkazer/Dual_Kuka_LLM_Bachelor/p5_ws/install/moveit_msgs/include/moveit_msgs/moveit_msgs/msg/detail/allowed_collision_matrix__struct.hpp
[243.732s] -- Installing: /home/xdkazer/Dual_Kuka_LLM_Bachelor/p5_ws/install/moveit_msgs/include/moveit_msgs/moveit_msgs/msg/joint_limits.hpp
[243.732s] -- Installing: /home/xdkazer/Dual_Kuka_LLM_Bachelor/p5_ws/install/moveit_msgs/include/moveit_msgs/moveit_msgs/msg/generic_trajectory.hpp
[243.733s] -- Installing: /home/xdkazer/Dual_Kuka_LLM_Bachelor/p5_ws/install/moveit_msgs/include/moveit_msgs/moveit_msgs/msg/collision_object.hpp
[243.733s] -- Installing: /home/xdkazer/Dual_Kuka_LLM_Bachelor/p5_ws/install/moveit_msgs/include/moveit_msgs/moveit_msgs/msg/cost_source.hpp
[243.733s] -- Installing: /home/xdkazer/Dual_Kuka_LLM_Bachelor/p5_ws/install/moveit_msgs/include/moveit_msgs/moveit_msgs/msg/cartesian_trajectory.hpp
[243.733s] -- Installing: /home/xdkazer/Dual_Kuka_LLM_Bachelor/p5_ws/install/moveit_msgs/include/moveit_msgs/moveit_msgs/msg/position_constraint.hpp
[243.733s] -- Installing: /home/xdkazer/Dual_Kuka_LLM_Bachelor/p5_ws/install/moveit_msgs/include/moveit_msgs/moveit_msgs/msg/planning_scene_world.hpp
[243.733s] -- Installing: /home/xdkazer/Dual_Kuka_LLM_Bachelor/p5_ws/install/moveit_msgs/include/moveit_msgs/moveit_msgs/msg/link_padding.hpp
[243.733s] -- Installing: /home/xdkazer/Dual_Kuka_LLM_Bachelor/p5_ws/install/moveit_msgs/include/moveit_msgs/moveit_msgs/msg/planning_scene.hpp
[243.733s] -- Installing: /home/xdkazer/Dual_Kuka_LLM_Bachelor/p5_ws/install/moveit_msgs/include/moveit_msgs/moveit_msgs/msg/place_location.hpp
[243.733s] -- Installing: /home/xdkazer/Dual_Kuka_LLM_Bachelor/p5_ws/install/moveit_msgs/include/moveit_msgs/moveit_msgs/msg/trajectory_constraints.hpp
[243.734s] -- Installing: /home/xdkazer/Dual_Kuka_LLM_Bachelor/p5_ws/install/moveit_msgs/include/moveit_msgs/moveit_msgs/msg/constraint_eval_result.hpp
[243.734s] -- Installing: /home/xdkazer/Dual_Kuka_LLM_Bachelor/p5_ws/install/moveit_msgs/include/moveit_msgs/moveit_msgs/msg/position_ik_request.hpp
[243.734s] -- Installing: /home/xdkazer/Dual_Kuka_LLM_Bachelor/p5_ws/install/moveit_msgs/include/moveit_msgs/moveit_msgs/msg/grasp.hpp
[243.734s] -- Installing: /home/xdkazer/Dual_Kuka_LLM_Bachelor/p5_ws/install/moveit_msgs/include/moveit_msgs/moveit_msgs/msg/motion_plan_detailed_response.hpp
[243.734s] -- Installing: /home/xdkazer/Dual_Kuka_LLM_Bachelor/p5_ws/install/moveit_msgs/include/moveit_msgs/moveit_msgs/msg/planning_options.hpp
[243.735s] -- Installing: /home/xdkazer/Dual_Kuka_LLM_Bachelor/p5_ws/install/moveit_msgs/include/moveit_msgs/moveit_msgs/msg/motion_sequence_request.hpp
[243.735s] -- Installing: /home/xdkazer/Dual_Kuka_LLM_Bachelor/p5_ws/install/moveit_msgs/include/moveit_msgs/moveit_msgs/msg/display_robot_state.hpp
[243.735s] -- Up-to-date: /home/xdkazer/Dual_Kuka_LLM_Bachelor/p5_ws/install/moveit_msgs/include/moveit_msgs/moveit_msgs/srv
[243.735s] -- Installing: /home/xdkazer/Dual_Kuka_LLM_Bachelor/p5_ws/install/moveit_msgs/include/moveit_msgs/moveit_msgs/srv/get_motion_sequence.hpp
[243.735s] -- Installing: /home/xdkazer/Dual_Kuka_LLM_Bachelor/p5_ws/install/moveit_msgs/include/moveit_msgs/moveit_msgs/srv/apply_planning_scene.hpp
[243.735s] -- Installing: /home/xdkazer/Dual_Kuka_LLM_Bachelor/p5_ws/install/moveit_msgs/include/moveit_msgs/moveit_msgs/srv/get_position_fk.hpp
[243.735s] -- Installing: /home/xdkazer/Dual_Kuka_LLM_Bachelor/p5_ws/install/moveit_msgs/include/moveit_msgs/moveit_msgs/srv/change_drift_dimensions.hpp
[243.735s] -- Installing: /home/xdkazer/Dual_Kuka_LLM_Bachelor/p5_ws/install/moveit_msgs/include/moveit_msgs/moveit_msgs/srv/set_planner_params.hpp
[243.735s] -- Installing: /home/xdkazer/Dual_Kuka_LLM_Bachelor/p5_ws/install/moveit_msgs/include/moveit_msgs/moveit_msgs/srv/get_motion_plan.hpp
[243.735s] -- Installing: /home/xdkazer/Dual_Kuka_LLM_Bachelor/p5_ws/install/moveit_msgs/include/moveit_msgs/moveit_msgs/srv/get_state_validity.hpp
[243.735s] -- Installing: /home/xdkazer/Dual_Kuka_LLM_Bachelor/p5_ws/install/moveit_msgs/include/moveit_msgs/moveit_msgs/srv/check_if_robot_state_exists_in_warehouse.hpp
[243.735s] -- Installing: /home/xdkazer/Dual_Kuka_LLM_Bachelor/p5_ws/install/moveit_msgs/include/moveit_msgs/moveit_msgs/srv/load_map.hpp
[243.735s] -- Installing: /home/xdkazer/Dual_Kuka_LLM_Bachelor/p5_ws/install/moveit_msgs/include/moveit_msgs/moveit_msgs/srv/list_robot_states_in_warehouse.hpp
[243.736s] -- Installing: /home/xdkazer/Dual_Kuka_LLM_Bachelor/p5_ws/install/moveit_msgs/include/moveit_msgs/moveit_msgs/srv/get_robot_state_from_warehouse.hpp
[243.736s] -- Installing: /home/xdkazer/Dual_Kuka_LLM_Bachelor/p5_ws/install/moveit_msgs/include/moveit_msgs/moveit_msgs/srv/get_planner_params.hpp
[243.736s] -- Installing: /home/xdkazer/Dual_Kuka_LLM_Bachelor/p5_ws/install/moveit_msgs/include/moveit_msgs/moveit_msgs/srv/save_map.hpp
[243.736s] -- Installing: /home/xdkazer/Dual_Kuka_LLM_Bachelor/p5_ws/install/moveit_msgs/include/moveit_msgs/moveit_msgs/srv/update_pointcloud_octomap.hpp
[243.736s] -- Up-to-date: /home/xdkazer/Dual_Kuka_LLM_Bachelor/p5_ws/install/moveit_msgs/include/moveit_msgs/moveit_msgs/srv/detail
[243.736s] -- Installing: /home/xdkazer/Dual_Kuka_LLM_Bachelor/p5_ws/install/moveit_msgs/include/moveit_msgs/moveit_msgs/srv/detail/get_motion_sequence__builder.hpp
[243.736s] -- Installing: /home/xdkazer/Dual_Kuka_LLM_Bachelor/p5_ws/install/moveit_msgs/include/moveit_msgs/moveit_msgs/srv/detail/check_if_robot_state_exists_in_warehouse__struct.hpp
[243.736s] -- Installing: /home/xdkazer/Dual_Kuka_LLM_Bachelor/p5_ws/install/moveit_msgs/include/moveit_msgs/moveit_msgs/srv/detail/get_state_validity__builder.hpp
[243.736s] -- Installing: /home/xdkazer/Dual_Kuka_LLM_Bachelor/p5_ws/install/moveit_msgs/include/moveit_msgs/moveit_msgs/srv/detail/get_planner_params__struct.hpp
[243.737s] -- Installing: /home/xdkazer/Dual_Kuka_LLM_Bachelor/p5_ws/install/moveit_msgs/include/moveit_msgs/moveit_msgs/srv/detail/rename_robot_state_in_warehouse__struct.hpp
[243.737s] -- Installing: /home/xdkazer/Dual_Kuka_LLM_Bachelor/p5_ws/install/moveit_msgs/include/moveit_msgs/moveit_msgs/srv/detail/query_planner_interfaces__traits.hpp
[243.737s] -- Installing: /home/xdkazer/Dual_Kuka_LLM_Bachelor/p5_ws/install/moveit_msgs/include/moveit_msgs/moveit_msgs/srv/detail/load_map__traits.hpp
[243.737s] -- Installing: /home/xdkazer/Dual_Kuka_LLM_Bachelor/p5_ws/install/moveit_msgs/include/moveit_msgs/moveit_msgs/srv/detail/update_pointcloud_octomap__struct.hpp
[243.737s] -- Installing: /home/xdkazer/Dual_Kuka_LLM_Bachelor/p5_ws/install/moveit_msgs/include/moveit_msgs/moveit_msgs/srv/detail/set_planner_params__traits.hpp
[243.737s] -- Installing: /home/xdkazer/Dual_Kuka_LLM_Bachelor/p5_ws/install/moveit_msgs/include/moveit_msgs/moveit_msgs/srv/detail/grasp_planning__builder.hpp
[243.738s] -- Installing: /home/xdkazer/Dual_Kuka_LLM_Bachelor/p5_ws/install/moveit_msgs/include/moveit_msgs/moveit_msgs/srv/detail/delete_robot_state_from_warehouse__struct.hpp
[243.738s] -- Installing: /home/xdkazer/Dual_Kuka_LLM_Bachelor/p5_ws/install/moveit_msgs/include/moveit_msgs/moveit_msgs/srv/detail/list_robot_states_in_warehouse__builder.hpp
[243.738s] -- Installing: /home/xdkazer/Dual_Kuka_LLM_Bachelor/p5_ws/install/moveit_msgs/include/moveit_msgs/moveit_msgs/srv/detail/get_state_validity__struct.hpp
[243.738s] -- Installing: /home/xdkazer/Dual_Kuka_LLM_Bachelor/p5_ws/install/moveit_msgs/include/moveit_msgs/moveit_msgs/srv/detail/grasp_planning__struct.hpp
[243.738s] -- Installing: /home/xdkazer/Dual_Kuka_LLM_Bachelor/p5_ws/install/moveit_msgs/include/moveit_msgs/moveit_msgs/srv/detail/get_motion_plan__traits.hpp
[243.738s] -- Installing: /home/xdkazer/Dual_Kuka_LLM_Bachelor/p5_ws/install/moveit_msgs/include/moveit_msgs/moveit_msgs/srv/detail/query_planner_interfaces__struct.hpp
[243.738s] -- Installing: /home/xdkazer/Dual_Kuka_LLM_Bachelor/p5_ws/install/moveit_msgs/include/moveit_msgs/moveit_msgs/srv/detail/get_motion_sequence__traits.hpp
[243.739s] -- Installing: /home/xdkazer/Dual_Kuka_LLM_Bachelor/p5_ws/install/moveit_msgs/include/moveit_msgs/moveit_msgs/srv/detail/grasp_planning__traits.hpp
[243.739s] -- Installing: /home/xdkazer/Dual_Kuka_LLM_Bachelor/p5_ws/install/moveit_msgs/include/moveit_msgs/moveit_msgs/srv/detail/save_map__traits.hpp
[243.739s] -- Installing: /home/xdkazer/Dual_Kuka_LLM_Bachelor/p5_ws/install/moveit_msgs/include/moveit_msgs/moveit_msgs/srv/detail/list_robot_states_in_warehouse__traits.hpp
[243.739s] -- Installing: /home/xdkazer/Dual_Kuka_LLM_Bachelor/p5_ws/install/moveit_msgs/include/moveit_msgs/moveit_msgs/srv/detail/delete_robot_state_from_warehouse__builder.hpp
[243.739s] -- Installing: /home/xdkazer/Dual_Kuka_LLM_Bachelor/p5_ws/install/moveit_msgs/include/moveit_msgs/moveit_msgs/srv/detail/get_planner_params__builder.hpp
[243.739s] -- Installing: /home/xdkazer/Dual_Kuka_LLM_Bachelor/p5_ws/install/moveit_msgs/include/moveit_msgs/moveit_msgs/srv/detail/load_map__builder.hpp
[243.739s] -- Installing: /home/xdkazer/Dual_Kuka_LLM_Bachelor/p5_ws/install/moveit_msgs/include/moveit_msgs/moveit_msgs/srv/detail/get_cartesian_path__traits.hpp
[243.739s] -- Installing: /home/xdkazer/Dual_Kuka_LLM_Bachelor/p5_ws/install/moveit_msgs/include/moveit_msgs/moveit_msgs/srv/detail/apply_planning_scene__traits.hpp
[243.739s] -- Installing: /home/xdkazer/Dual_Kuka_LLM_Bachelor/p5_ws/install/moveit_msgs/include/moveit_msgs/moveit_msgs/srv/detail/get_state_validity__traits.hpp
[243.739s] -- Installing: /home/xdkazer/Dual_Kuka_LLM_Bachelor/p5_ws/install/moveit_msgs/include/moveit_msgs/moveit_msgs/srv/detail/check_if_robot_state_exists_in_warehouse__traits.hpp
[243.742s] -- Installing: /home/xdkazer/Dual_Kuka_LLM_Bachelor/p5_ws/install/moveit_msgs/include/moveit_msgs/moveit_msgs/srv/detail/rename_robot_state_in_warehouse__builder.hpp
[243.742s] -- Installing: /home/xdkazer/Dual_Kuka_LLM_Bachelor/p5_ws/install/moveit_msgs/include/moveit_msgs/moveit_msgs/srv/detail/change_control_dimensions__struct.hpp
[243.742s] -- Installing: /home/xdkazer/Dual_Kuka_LLM_Bachelor/p5_ws/install/moveit_msgs/include/moveit_msgs/moveit_msgs/srv/detail/list_robot_states_in_warehouse__struct.hpp
[243.743s] -- Installing: /home/xdkazer/Dual_Kuka_LLM_Bachelor/p5_ws/install/moveit_msgs/include/moveit_msgs/moveit_msgs/srv/detail/change_drift_dimensions__traits.hpp
[243.743s] -- Installing: /home/xdkazer/Dual_Kuka_LLM_Bachelor/p5_ws/install/moveit_msgs/include/moveit_msgs/moveit_msgs/srv/detail/get_planning_scene__traits.hpp
[243.743s] -- Installing: /home/xdkazer/Dual_Kuka_LLM_Bachelor/p5_ws/install/moveit_msgs/include/moveit_msgs/moveit_msgs/srv/detail/save_robot_state_to_warehouse__struct.hpp
[243.743s] -- Installing: /home/xdkazer/Dual_Kuka_LLM_Bachelor/p5_ws/install/moveit_msgs/include/moveit_msgs/moveit_msgs/srv/detail/get_motion_plan__struct.hpp
[243.743s] -- Installing: /home/xdkazer/Dual_Kuka_LLM_Bachelor/p5_ws/install/moveit_msgs/include/moveit_msgs/moveit_msgs/srv/detail/change_drift_dimensions__builder.hpp
[243.743s] -- Installing: /home/xdkazer/Dual_Kuka_LLM_Bachelor/p5_ws/install/moveit_msgs/include/moveit_msgs/moveit_msgs/srv/detail/save_map__builder.hpp
[243.743s] -- Installing: /home/xdkazer/Dual_Kuka_LLM_Bachelor/p5_ws/install/moveit_msgs/include/moveit_msgs/moveit_msgs/srv/detail/get_planner_params__traits.hpp
[243.744s] -- Installing: /home/xdkazer/Dual_Kuka_LLM_Bachelor/p5_ws/install/moveit_msgs/include/moveit_msgs/moveit_msgs/srv/detail/get_cartesian_path__builder.hpp
[243.744s] -- Installing: /home/xdkazer/Dual_Kuka_LLM_Bachelor/p5_ws/install/moveit_msgs/include/moveit_msgs/moveit_msgs/srv/detail/set_planner_params__builder.hpp
[243.744s] -- Installing: /home/xdkazer/Dual_Kuka_LLM_Bachelor/p5_ws/install/moveit_msgs/include/moveit_msgs/moveit_msgs/srv/detail/check_if_robot_state_exists_in_warehouse__builder.hpp
[243.744s] -- Installing: /home/xdkazer/Dual_Kuka_LLM_Bachelor/p5_ws/install/moveit_msgs/include/moveit_msgs/moveit_msgs/srv/detail/load_map__struct.hpp
[243.744s] -- Installing: /home/xdkazer/Dual_Kuka_LLM_Bachelor/p5_ws/install/moveit_msgs/include/moveit_msgs/moveit_msgs/srv/detail/query_planner_interfaces__builder.hpp
[243.744s] -- Installing: /home/xdkazer/Dual_Kuka_LLM_Bachelor/p5_ws/install/moveit_msgs/include/moveit_msgs/moveit_msgs/srv/detail/get_position_fk__struct.hpp
[243.744s] -- Installing: /home/xdkazer/Dual_Kuka_LLM_Bachelor/p5_ws/install/moveit_msgs/include/moveit_msgs/moveit_msgs/srv/detail/get_motion_plan__builder.hpp
[243.744s] -- Installing: /home/xdkazer/Dual_Kuka_LLM_Bachelor/p5_ws/install/moveit_msgs/include/moveit_msgs/moveit_msgs/srv/detail/apply_planning_scene__builder.hpp
[243.744s] -- Installing: /home/xdkazer/Dual_Kuka_LLM_Bachelor/p5_ws/install/moveit_msgs/include/moveit_msgs/moveit_msgs/srv/detail/save_map__struct.hpp
[243.744s] -- Installing: /home/xdkazer/Dual_Kuka_LLM_Bachelor/p5_ws/install/moveit_msgs/include/moveit_msgs/moveit_msgs/srv/detail/rename_robot_state_in_warehouse__traits.hpp
[243.744s] -- Installing: /home/xdkazer/Dual_Kuka_LLM_Bachelor/p5_ws/install/moveit_msgs/include/moveit_msgs/moveit_msgs/srv/detail/get_robot_state_from_warehouse__traits.hpp
[243.744s] -- Installing: /home/xdkazer/Dual_Kuka_LLM_Bachelor/p5_ws/install/moveit_msgs/include/moveit_msgs/moveit_msgs/srv/detail/save_robot_state_to_warehouse__builder.hpp
[243.744s] -- Installing: /home/xdkazer/Dual_Kuka_LLM_Bachelor/p5_ws/install/moveit_msgs/include/moveit_msgs/moveit_msgs/srv/detail/get_position_fk__traits.hpp
[243.744s] -- Installing: /home/xdkazer/Dual_Kuka_LLM_Bachelor/p5_ws/install/moveit_msgs/include/moveit_msgs/moveit_msgs/srv/detail/get_position_ik__struct.hpp
[243.744s] -- Installing: /home/xdkazer/Dual_Kuka_LLM_Bachelor/p5_ws/install/moveit_msgs/include/moveit_msgs/moveit_msgs/srv/detail/get_planning_scene__builder.hpp
[243.744s] -- Installing: /home/xdkazer/Dual_Kuka_LLM_Bachelor/p5_ws/install/moveit_msgs/include/moveit_msgs/moveit_msgs/srv/detail/update_pointcloud_octomap__builder.hpp
[243.744s] -- Installing: /home/xdkazer/Dual_Kuka_LLM_Bachelor/p5_ws/install/moveit_msgs/include/moveit_msgs/moveit_msgs/srv/detail/update_pointcloud_octomap__traits.hpp
[243.744s] -- Installing: /home/xdkazer/Dual_Kuka_LLM_Bachelor/p5_ws/install/moveit_msgs/include/moveit_msgs/moveit_msgs/srv/detail/set_planner_params__struct.hpp
[243.745s] -- Installing: /home/xdkazer/Dual_Kuka_LLM_Bachelor/p5_ws/install/moveit_msgs/include/moveit_msgs/moveit_msgs/srv/detail/get_position_fk__builder.hpp
[243.745s] -- Installing: /home/xdkazer/Dual_Kuka_LLM_Bachelor/p5_ws/install/moveit_msgs/include/moveit_msgs/moveit_msgs/srv/detail/get_robot_state_from_warehouse__struct.hpp
[243.745s] -- Installing: /home/xdkazer/Dual_Kuka_LLM_Bachelor/p5_ws/install/moveit_msgs/include/moveit_msgs/moveit_msgs/srv/detail/get_robot_state_from_warehouse__builder.hpp
[243.745s] -- Installing: /home/xdkazer/Dual_Kuka_LLM_Bachelor/p5_ws/install/moveit_msgs/include/moveit_msgs/moveit_msgs/srv/detail/get_motion_sequence__struct.hpp
[243.745s] -- Installing: /home/xdkazer/Dual_Kuka_LLM_Bachelor/p5_ws/install/moveit_msgs/include/moveit_msgs/moveit_msgs/srv/detail/save_robot_state_to_warehouse__traits.hpp
[243.745s] -- Installing: /home/xdkazer/Dual_Kuka_LLM_Bachelor/p5_ws/install/moveit_msgs/include/moveit_msgs/moveit_msgs/srv/detail/get_planning_scene__struct.hpp
[243.745s] -- Installing: /home/xdkazer/Dual_Kuka_LLM_Bachelor/p5_ws/install/moveit_msgs/include/moveit_msgs/moveit_msgs/srv/detail/change_control_dimensions__builder.hpp
[243.745s] -- Installing: /home/xdkazer/Dual_Kuka_LLM_Bachelor/p5_ws/install/moveit_msgs/include/moveit_msgs/moveit_msgs/srv/detail/get_cartesian_path__struct.hpp
[243.745s] -- Installing: /home/xdkazer/Dual_Kuka_LLM_Bachelor/p5_ws/install/moveit_msgs/include/moveit_msgs/moveit_msgs/srv/detail/apply_planning_scene__struct.hpp
[243.745s] -- Installing: /home/xdkazer/Dual_Kuka_LLM_Bachelor/p5_ws/install/moveit_msgs/include/moveit_msgs/moveit_msgs/srv/detail/get_position_ik__builder.hpp
[243.745s] -- Installing: /home/xdkazer/Dual_Kuka_LLM_Bachelor/p5_ws/install/moveit_msgs/include/moveit_msgs/moveit_msgs/srv/detail/get_position_ik__traits.hpp
[243.745s] -- Installing: /home/xdkazer/Dual_Kuka_LLM_Bachelor/p5_ws/install/moveit_msgs/include/moveit_msgs/moveit_msgs/srv/detail/delete_robot_state_from_warehouse__traits.hpp
[243.745s] -- Installing: /home/xdkazer/Dual_Kuka_LLM_Bachelor/p5_ws/install/moveit_msgs/include/moveit_msgs/moveit_msgs/srv/detail/change_control_dimensions__traits.hpp
[243.745s] -- Installing: /home/xdkazer/Dual_Kuka_LLM_Bachelor/p5_ws/install/moveit_msgs/include/moveit_msgs/moveit_msgs/srv/detail/change_drift_dimensions__struct.hpp
[243.745s] -- Installing: /home/xdkazer/Dual_Kuka_LLM_Bachelor/p5_ws/install/moveit_msgs/include/moveit_msgs/moveit_msgs/srv/get_planning_scene.hpp
[243.745s] -- Installing: /home/xdkazer/Dual_Kuka_LLM_Bachelor/p5_ws/install/moveit_msgs/include/moveit_msgs/moveit_msgs/srv/get_cartesian_path.hpp
[243.745s] -- Installing: /home/xdkazer/Dual_Kuka_LLM_Bachelor/p5_ws/install/moveit_msgs/include/moveit_msgs/moveit_msgs/srv/save_robot_state_to_warehouse.hpp
[243.746s] -- Installing: /home/xdkazer/Dual_Kuka_LLM_Bachelor/p5_ws/install/moveit_msgs/include/moveit_msgs/moveit_msgs/srv/change_control_dimensions.hpp
[243.746s] -- Installing: /home/xdkazer/Dual_Kuka_LLM_Bachelor/p5_ws/install/moveit_msgs/include/moveit_msgs/moveit_msgs/srv/get_position_ik.hpp
[243.746s] -- Installing: /home/xdkazer/Dual_Kuka_LLM_Bachelor/p5_ws/install/moveit_msgs/include/moveit_msgs/moveit_msgs/srv/delete_robot_state_from_warehouse.hpp
[243.746s] -- Installing: /home/xdkazer/Dual_Kuka_LLM_Bachelor/p5_ws/install/moveit_msgs/include/moveit_msgs/moveit_msgs/srv/grasp_planning.hpp
[243.746s] -- Installing: /home/xdkazer/Dual_Kuka_LLM_Bachelor/p5_ws/install/moveit_msgs/include/moveit_msgs/moveit_msgs/srv/query_planner_interfaces.hpp
[243.746s] -- Installing: /home/xdkazer/Dual_Kuka_LLM_Bachelor/p5_ws/install/moveit_msgs/include/moveit_msgs/moveit_msgs/srv/rename_robot_state_in_warehouse.hpp
[243.746s] -- Up-to-date: /home/xdkazer/Dual_Kuka_LLM_Bachelor/p5_ws/install/moveit_msgs/include/moveit_msgs/moveit_msgs/action
[243.746s] -- Installing: /home/xdkazer/Dual_Kuka_LLM_Bachelor/p5_ws/install/moveit_msgs/include/moveit_msgs/moveit_msgs/action/hybrid_planner.hpp
[243.746s] -- Installing: /home/xdkazer/Dual_Kuka_LLM_Bachelor/p5_ws/install/moveit_msgs/include/moveit_msgs/moveit_msgs/action/global_planner.hpp
[243.746s] -- Installing: /home/xdkazer/Dual_Kuka_LLM_Bachelor/p5_ws/install/moveit_msgs/include/moveit_msgs/moveit_msgs/action/pickup.hpp
[243.747s] -- Installing: /home/xdkazer/Dual_Kuka_LLM_Bachelor/p5_ws/install/moveit_msgs/include/moveit_msgs/moveit_msgs/action/place.hpp
[243.747s] -- Up-to-date: /home/xdkazer/Dual_Kuka_LLM_Bachelor/p5_ws/install/moveit_msgs/include/moveit_msgs/moveit_msgs/action/detail
[243.747s] -- Installing: /home/xdkazer/Dual_Kuka_LLM_Bachelor/p5_ws/install/moveit_msgs/include/moveit_msgs/moveit_msgs/action/detail/local_planner__struct.hpp
[243.747s] -- Installing: /home/xdkazer/Dual_Kuka_LLM_Bachelor/p5_ws/install/moveit_msgs/include/moveit_msgs/moveit_msgs/action/detail/move_group_sequence__traits.hpp
[243.747s] -- Installing: /home/xdkazer/Dual_Kuka_LLM_Bachelor/p5_ws/install/moveit_msgs/include/moveit_msgs/moveit_msgs/action/detail/local_planner__traits.hpp
[243.747s] -- Installing: /home/xdkazer/Dual_Kuka_LLM_Bachelor/p5_ws/install/moveit_msgs/include/moveit_msgs/moveit_msgs/action/detail/place__struct.hpp
[243.747s] -- Installing: /home/xdkazer/Dual_Kuka_LLM_Bachelor/p5_ws/install/moveit_msgs/include/moveit_msgs/moveit_msgs/action/detail/place__builder.hpp
[243.747s] -- Installing: /home/xdkazer/Dual_Kuka_LLM_Bachelor/p5_ws/install/moveit_msgs/include/moveit_msgs/moveit_msgs/action/detail/execute_trajectory__struct.hpp
[243.747s] -- Installing: /home/xdkazer/Dual_Kuka_LLM_Bachelor/p5_ws/install/moveit_msgs/include/moveit_msgs/moveit_msgs/action/detail/global_planner__struct.hpp
[243.747s] -- Installing: /home/xdkazer/Dual_Kuka_LLM_Bachelor/p5_ws/install/moveit_msgs/include/moveit_msgs/moveit_msgs/action/detail/global_planner__traits.hpp
[243.747s] -- Installing: /home/xdkazer/Dual_Kuka_LLM_Bachelor/p5_ws/install/moveit_msgs/include/moveit_msgs/moveit_msgs/action/detail/move_group_sequence__builder.hpp
[243.747s] -- Installing: /home/xdkazer/Dual_Kuka_LLM_Bachelor/p5_ws/install/moveit_msgs/include/moveit_msgs/moveit_msgs/action/detail/execute_trajectory__builder.hpp
[243.748s] -- Installing: /home/xdkazer/Dual_Kuka_LLM_Bachelor/p5_ws/install/moveit_msgs/include/moveit_msgs/moveit_msgs/action/detail/hybrid_planner__traits.hpp
[243.748s] -- Installing: /home/xdkazer/Dual_Kuka_LLM_Bachelor/p5_ws/install/moveit_msgs/include/moveit_msgs/moveit_msgs/action/detail/pickup__builder.hpp
[243.748s] -- Installing: /home/xdkazer/Dual_Kuka_LLM_Bachelor/p5_ws/install/moveit_msgs/include/moveit_msgs/moveit_msgs/action/detail/global_planner__builder.hpp
[243.749s] -- Installing: /home/xdkazer/Dual_Kuka_LLM_Bachelor/p5_ws/install/moveit_msgs/include/moveit_msgs/moveit_msgs/action/detail/move_group__traits.hpp
[243.749s] -- Installing: /home/xdkazer/Dual_Kuka_LLM_Bachelor/p5_ws/install/moveit_msgs/include/moveit_msgs/moveit_msgs/action/detail/move_group__builder.hpp
[243.749s] -- Installing: /home/xdkazer/Dual_Kuka_LLM_Bachelor/p5_ws/install/moveit_msgs/include/moveit_msgs/moveit_msgs/action/detail/pickup__traits.hpp
[243.749s] -- Installing: /home/xdkazer/Dual_Kuka_LLM_Bachelor/p5_ws/install/moveit_msgs/include/moveit_msgs/moveit_msgs/action/detail/execute_trajectory__traits.hpp
[243.749s] -- Installing: /home/xdkazer/Dual_Kuka_LLM_Bachelor/p5_ws/install/moveit_msgs/include/moveit_msgs/moveit_msgs/action/detail/move_group_sequence__struct.hpp
[243.749s] -- Installing: /home/xdkazer/Dual_Kuka_LLM_Bachelor/p5_ws/install/moveit_msgs/include/moveit_msgs/moveit_msgs/action/detail/pickup__struct.hpp
[243.749s] -- Installing: /home/xdkazer/Dual_Kuka_LLM_Bachelor/p5_ws/install/moveit_msgs/include/moveit_msgs/moveit_msgs/action/detail/move_group__struct.hpp
[243.750s] -- Installing: /home/xdkazer/Dual_Kuka_LLM_Bachelor/p5_ws/install/moveit_msgs/include/moveit_msgs/moveit_msgs/action/detail/hybrid_planner__struct.hpp
[243.750s] -- Installing: /home/xdkazer/Dual_Kuka_LLM_Bachelor/p5_ws/install/moveit_msgs/include/moveit_msgs/moveit_msgs/action/detail/local_planner__builder.hpp
[243.750s] -- Installing: /home/xdkazer/Dual_Kuka_LLM_Bachelor/p5_ws/install/moveit_msgs/include/moveit_msgs/moveit_msgs/action/detail/place__traits.hpp
[243.750s] -- Installing: /home/xdkazer/Dual_Kuka_LLM_Bachelor/p5_ws/install/moveit_msgs/include/moveit_msgs/moveit_msgs/action/detail/hybrid_planner__builder.hpp
[243.750s] -- Installing: /home/xdkazer/Dual_Kuka_LLM_Bachelor/p5_ws/install/moveit_msgs/include/moveit_msgs/moveit_msgs/action/move_group.hpp
[243.750s] -- Installing: /home/xdkazer/Dual_Kuka_LLM_Bachelor/p5_ws/install/moveit_msgs/include/moveit_msgs/moveit_msgs/action/move_group_sequence.hpp
[243.750s] -- Installing: /home/xdkazer/Dual_Kuka_LLM_Bachelor/p5_ws/install/moveit_msgs/include/moveit_msgs/moveit_msgs/action/local_planner.hpp
[243.750s] -- Installing: /home/xdkazer/Dual_Kuka_LLM_Bachelor/p5_ws/install/moveit_msgs/include/moveit_msgs/moveit_msgs/action/execute_trajectory.hpp
[243.750s] -- Up-to-date: /home/xdkazer/Dual_Kuka_LLM_Bachelor/p5_ws/install/moveit_msgs/include/moveit_msgs/moveit_msgs
[243.750s] -- Up-to-date: /home/xdkazer/Dual_Kuka_LLM_Bachelor/p5_ws/install/moveit_msgs/include/moveit_msgs/moveit_msgs/msg
[243.750s] -- Up-to-date: /home/xdkazer/Dual_Kuka_LLM_Bachelor/p5_ws/install/moveit_msgs/include/moveit_msgs/moveit_msgs/msg/detail
[243.750s] -- Installing: /home/xdkazer/Dual_Kuka_LLM_Bachelor/p5_ws/install/moveit_msgs/include/moveit_msgs/moveit_msgs/msg/detail/joint_limits__rosidl_typesupport_fastrtps_cpp.hpp
[243.750s] -- Installing: /home/xdkazer/Dual_Kuka_LLM_Bachelor/p5_ws/install/moveit_msgs/include/moveit_msgs/moveit_msgs/msg/detail/motion_plan_detailed_response__rosidl_typesupport_fastrtps_cpp.hpp
[243.750s] -- Installing: /home/xdkazer/Dual_Kuka_LLM_Bachelor/p5_ws/install/moveit_msgs/include/moveit_msgs/moveit_msgs/msg/detail/orientation_constraint__rosidl_typesupport_fastrtps_cpp.hpp
[243.750s] -- Installing: /home/xdkazer/Dual_Kuka_LLM_Bachelor/p5_ws/install/moveit_msgs/include/moveit_msgs/moveit_msgs/msg/detail/generic_trajectory__rosidl_typesupport_fastrtps_cpp.hpp
[243.751s] -- Installing: /home/xdkazer/Dual_Kuka_LLM_Bachelor/p5_ws/install/moveit_msgs/include/moveit_msgs/moveit_msgs/msg/detail/object_color__rosidl_typesupport_fastrtps_cpp.hpp
[243.751s] -- Installing: /home/xdkazer/Dual_Kuka_LLM_Bachelor/p5_ws/install/moveit_msgs/include/moveit_msgs/moveit_msgs/msg/detail/robot_state__rosidl_typesupport_fastrtps_cpp.hpp
[243.751s] -- Installing: /home/xdkazer/Dual_Kuka_LLM_Bachelor/p5_ws/install/moveit_msgs/include/moveit_msgs/moveit_msgs/msg/detail/robot_trajectory__rosidl_typesupport_fastrtps_cpp.hpp
[243.751s] -- Installing: /home/xdkazer/Dual_Kuka_LLM_Bachelor/p5_ws/install/moveit_msgs/include/moveit_msgs/moveit_msgs/msg/detail/motion_sequence_request__rosidl_typesupport_fastrtps_cpp.hpp
[243.751s] -- Installing: /home/xdkazer/Dual_Kuka_LLM_Bachelor/p5_ws/install/moveit_msgs/include/moveit_msgs/moveit_msgs/msg/detail/joint_constraint__rosidl_typesupport_fastrtps_cpp.hpp
[243.751s] -- Installing: /home/xdkazer/Dual_Kuka_LLM_Bachelor/p5_ws/install/moveit_msgs/include/moveit_msgs/moveit_msgs/msg/detail/planning_scene_components__rosidl_typesupport_fastrtps_cpp.hpp
[243.751s] -- Installing: /home/xdkazer/Dual_Kuka_LLM_Bachelor/p5_ws/install/moveit_msgs/include/moveit_msgs/moveit_msgs/msg/detail/place_location__rosidl_typesupport_fastrtps_cpp.hpp
[243.751s] -- Installing: /home/xdkazer/Dual_Kuka_LLM_Bachelor/p5_ws/install/moveit_msgs/include/moveit_msgs/moveit_msgs/msg/detail/motion_plan_response__rosidl_typesupport_fastrtps_cpp.hpp
[243.751s] -- Installing: /home/xdkazer/Dual_Kuka_LLM_Bachelor/p5_ws/install/moveit_msgs/include/moveit_msgs/moveit_msgs/msg/detail/motion_plan_request__rosidl_typesupport_fastrtps_cpp.hpp
[243.751s] -- Installing: /home/xdkazer/Dual_Kuka_LLM_Bachelor/p5_ws/install/moveit_msgs/include/moveit_msgs/moveit_msgs/msg/detail/constraints__rosidl_typesupport_fastrtps_cpp.hpp
[243.751s] -- Installing: /home/xdkazer/Dual_Kuka_LLM_Bachelor/p5_ws/install/moveit_msgs/include/moveit_msgs/moveit_msgs/msg/detail/planning_scene__rosidl_typesupport_fastrtps_cpp.hpp
[243.751s] -- Installing: /home/xdkazer/Dual_Kuka_LLM_Bachelor/p5_ws/install/moveit_msgs/include/moveit_msgs/moveit_msgs/msg/detail/motion_sequence_item__rosidl_typesupport_fastrtps_cpp.hpp
[243.752s] -- Installing: /home/xdkazer/Dual_Kuka_LLM_Bachelor/p5_ws/install/moveit_msgs/include/moveit_msgs/moveit_msgs/msg/detail/gripper_translation__rosidl_typesupport_fastrtps_cpp.hpp
[243.752s] -- Installing: /home/xdkazer/Dual_Kuka_LLM_Bachelor/p5_ws/install/moveit_msgs/include/moveit_msgs/moveit_msgs/msg/detail/trajectory_constraints__rosidl_typesupport_fastrtps_cpp.hpp
[243.752s] -- Installing: /home/xdkazer/Dual_Kuka_LLM_Bachelor/p5_ws/install/moveit_msgs/include/moveit_msgs/moveit_msgs/msg/detail/link_scale__rosidl_typesupport_fastrtps_cpp.hpp
[243.752s] -- Installing: /home/xdkazer/Dual_Kuka_LLM_Bachelor/p5_ws/install/moveit_msgs/include/moveit_msgs/moveit_msgs/msg/detail/cartesian_trajectory__rosidl_typesupport_fastrtps_cpp.hpp
[243.752s] -- Installing: /home/xdkazer/Dual_Kuka_LLM_Bachelor/p5_ws/install/moveit_msgs/include/moveit_msgs/moveit_msgs/msg/detail/planning_options__rosidl_typesupport_fastrtps_cpp.hpp
[243.752s] -- Installing: /home/xdkazer/Dual_Kuka_LLM_Bachelor/p5_ws/install/moveit_msgs/include/moveit_msgs/moveit_msgs/msg/detail/workspace_parameters__rosidl_typesupport_fastrtps_cpp.hpp
[243.752s] -- Installing: /home/xdkazer/Dual_Kuka_LLM_Bachelor/p5_ws/install/moveit_msgs/include/moveit_msgs/moveit_msgs/msg/detail/cartesian_point__rosidl_typesupport_fastrtps_cpp.hpp
[243.752s] -- Installing: /home/xdkazer/Dual_Kuka_LLM_Bachelor/p5_ws/install/moveit_msgs/include/moveit_msgs/moveit_msgs/msg/detail/motion_sequence_response__rosidl_typesupport_fastrtps_cpp.hpp
[243.752s] -- Installing: /home/xdkazer/Dual_Kuka_LLM_Bachelor/p5_ws/install/moveit_msgs/include/moveit_msgs/moveit_msgs/msg/detail/position_constraint__rosidl_typesupport_fastrtps_cpp.hpp
[243.752s] -- Installing: /home/xdkazer/Dual_Kuka_LLM_Bachelor/p5_ws/install/moveit_msgs/include/moveit_msgs/moveit_msgs/msg/detail/oriented_bounding_box__rosidl_typesupport_fastrtps_cpp.hpp
[243.752s] -- Installing: /home/xdkazer/Dual_Kuka_LLM_Bachelor/p5_ws/install/moveit_msgs/include/moveit_msgs/moveit_msgs/msg/detail/constraint_eval_result__rosidl_typesupport_fastrtps_cpp.hpp
[243.752s] -- Installing: /home/xdkazer/Dual_Kuka_LLM_Bachelor/p5_ws/install/moveit_msgs/include/moveit_msgs/moveit_msgs/msg/detail/display_robot_state__rosidl_typesupport_fastrtps_cpp.hpp
[243.752s] -- Installing: /home/xdkazer/Dual_Kuka_LLM_Bachelor/p5_ws/install/moveit_msgs/include/moveit_msgs/moveit_msgs/msg/detail/attached_collision_object__rosidl_typesupport_fastrtps_cpp.hpp
[243.753s] -- Installing: /home/xdkazer/Dual_Kuka_LLM_Bachelor/p5_ws/install/moveit_msgs/include/moveit_msgs/moveit_msgs/msg/detail/planner_params__rosidl_typesupport_fastrtps_cpp.hpp
[243.753s] -- Installing: /home/xdkazer/Dual_Kuka_LLM_Bachelor/p5_ws/install/moveit_msgs/include/moveit_msgs/moveit_msgs/msg/detail/allowed_collision_matrix__rosidl_typesupport_fastrtps_cpp.hpp
[243.753s] -- Installing: /home/xdkazer/Dual_Kuka_LLM_Bachelor/p5_ws/install/moveit_msgs/include/moveit_msgs/moveit_msgs/msg/detail/display_trajectory__rosidl_typesupport_fastrtps_cpp.hpp
[243.753s] -- Installing: /home/xdkazer/Dual_Kuka_LLM_Bachelor/p5_ws/install/moveit_msgs/include/moveit_msgs/moveit_msgs/msg/detail/cost_source__rosidl_typesupport_fastrtps_cpp.hpp
[243.753s] -- Installing: /home/xdkazer/Dual_Kuka_LLM_Bachelor/p5_ws/install/moveit_msgs/include/moveit_msgs/moveit_msgs/msg/detail/planning_scene_world__rosidl_typesupport_fastrtps_cpp.hpp
[243.753s] -- Installing: /home/xdkazer/Dual_Kuka_LLM_Bachelor/p5_ws/install/moveit_msgs/include/moveit_msgs/moveit_msgs/msg/detail/dds_fastrtps
[243.753s] -- Installing: /home/xdkazer/Dual_Kuka_LLM_Bachelor/p5_ws/install/moveit_msgs/include/moveit_msgs/moveit_msgs/msg/detail/grasp__rosidl_typesupport_fastrtps_cpp.hpp
[243.754s] -- Installing: /home/xdkazer/Dual_Kuka_LLM_Bachelor/p5_ws/install/moveit_msgs/include/moveit_msgs/moveit_msgs/msg/detail/bounding_volume__rosidl_typesupport_fastrtps_cpp.hpp
[243.754s] -- Installing: /home/xdkazer/Dual_Kuka_LLM_Bachelor/p5_ws/install/moveit_msgs/include/moveit_msgs/moveit_msgs/msg/detail/planner_interface_description__rosidl_typesupport_fastrtps_cpp.hpp
[243.754s] -- Installing: /home/xdkazer/Dual_Kuka_LLM_Bachelor/p5_ws/install/moveit_msgs/include/moveit_msgs/moveit_msgs/msg/detail/allowed_collision_entry__rosidl_typesupport_fastrtps_cpp.hpp
[243.754s] -- Installing: /home/xdkazer/Dual_Kuka_LLM_Bachelor/p5_ws/install/moveit_msgs/include/moveit_msgs/moveit_msgs/msg/detail/contact_information__rosidl_typesupport_fastrtps_cpp.hpp
[243.754s] -- Installing: /home/xdkazer/Dual_Kuka_LLM_Bachelor/p5_ws/install/moveit_msgs/include/moveit_msgs/moveit_msgs/msg/detail/kinematic_solver_info__rosidl_typesupport_fastrtps_cpp.hpp
[243.754s] -- Installing: /home/xdkazer/Dual_Kuka_LLM_Bachelor/p5_ws/install/moveit_msgs/include/moveit_msgs/moveit_msgs/msg/detail/visibility_constraint__rosidl_typesupport_fastrtps_cpp.hpp
[243.754s] -- Installing: /home/xdkazer/Dual_Kuka_LLM_Bachelor/p5_ws/install/moveit_msgs/include/moveit_msgs/moveit_msgs/msg/detail/link_padding__rosidl_typesupport_fastrtps_cpp.hpp
[243.754s] -- Installing: /home/xdkazer/Dual_Kuka_LLM_Bachelor/p5_ws/install/moveit_msgs/include/moveit_msgs/moveit_msgs/msg/detail/cartesian_trajectory_point__rosidl_typesupport_fastrtps_cpp.hpp
[243.754s] -- Installing: /home/xdkazer/Dual_Kuka_LLM_Bachelor/p5_ws/install/moveit_msgs/include/moveit_msgs/moveit_msgs/msg/detail/position_ik_request__rosidl_typesupport_fastrtps_cpp.hpp
[243.754s] -- Installing: /home/xdkazer/Dual_Kuka_LLM_Bachelor/p5_ws/install/moveit_msgs/include/moveit_msgs/moveit_msgs/msg/detail/collision_object__rosidl_typesupport_fastrtps_cpp.hpp
[243.754s] -- Installing: /home/xdkazer/Dual_Kuka_LLM_Bachelor/p5_ws/install/moveit_msgs/include/moveit_msgs/moveit_msgs/msg/detail/move_it_error_codes__rosidl_typesupport_fastrtps_cpp.hpp
[243.755s] -- Installing: /home/xdkazer/Dual_Kuka_LLM_Bachelor/p5_ws/install/moveit_msgs/include/moveit_msgs/moveit_msgs/msg/rosidl_typesupport_fastrtps_cpp__visibility_control.h
[243.755s] -- Up-to-date: /home/xdkazer/Dual_Kuka_LLM_Bachelor/p5_ws/install/moveit_msgs/include/moveit_msgs/moveit_msgs/srv
[243.755s] -- Up-to-date: /home/xdkazer/Dual_Kuka_LLM_Bachelor/p5_ws/install/moveit_msgs/include/moveit_msgs/moveit_msgs/srv/detail
[243.755s] -- Installing: /home/xdkazer/Dual_Kuka_LLM_Bachelor/p5_ws/install/moveit_msgs/include/moveit_msgs/moveit_msgs/srv/detail/get_robot_state_from_warehouse__rosidl_typesupport_fastrtps_cpp.hpp
[243.755s] -- Installing: /home/xdkazer/Dual_Kuka_LLM_Bachelor/p5_ws/install/moveit_msgs/include/moveit_msgs/moveit_msgs/srv/detail/apply_planning_scene__rosidl_typesupport_fastrtps_cpp.hpp
[243.755s] -- Installing: /home/xdkazer/Dual_Kuka_LLM_Bachelor/p5_ws/install/moveit_msgs/include/moveit_msgs/moveit_msgs/srv/detail/set_planner_params__rosidl_typesupport_fastrtps_cpp.hpp
[243.755s] -- Installing: /home/xdkazer/Dual_Kuka_LLM_Bachelor/p5_ws/install/moveit_msgs/include/moveit_msgs/moveit_msgs/srv/detail/query_planner_interfaces__rosidl_typesupport_fastrtps_cpp.hpp
[243.755s] -- Installing: /home/xdkazer/Dual_Kuka_LLM_Bachelor/p5_ws/install/moveit_msgs/include/moveit_msgs/moveit_msgs/srv/detail/get_state_validity__rosidl_typesupport_fastrtps_cpp.hpp
[243.755s] -- Installing: /home/xdkazer/Dual_Kuka_LLM_Bachelor/p5_ws/install/moveit_msgs/include/moveit_msgs/moveit_msgs/srv/detail/get_motion_sequence__rosidl_typesupport_fastrtps_cpp.hpp
[243.755s] -- Installing: /home/xdkazer/Dual_Kuka_LLM_Bachelor/p5_ws/install/moveit_msgs/include/moveit_msgs/moveit_msgs/srv/detail/save_robot_state_to_warehouse__rosidl_typesupport_fastrtps_cpp.hpp
[243.756s] -- Installing: /home/xdkazer/Dual_Kuka_LLM_Bachelor/p5_ws/install/moveit_msgs/include/moveit_msgs/moveit_msgs/srv/detail/get_position_ik__rosidl_typesupport_fastrtps_cpp.hpp
[243.756s] -- Installing: /home/xdkazer/Dual_Kuka_LLM_Bachelor/p5_ws/install/moveit_msgs/include/moveit_msgs/moveit_msgs/srv/detail/load_map__rosidl_typesupport_fastrtps_cpp.hpp
[243.756s] -- Installing: /home/xdkazer/Dual_Kuka_LLM_Bachelor/p5_ws/install/moveit_msgs/include/moveit_msgs/moveit_msgs/srv/detail/get_position_fk__rosidl_typesupport_fastrtps_cpp.hpp
[243.756s] -- Installing: /home/xdkazer/Dual_Kuka_LLM_Bachelor/p5_ws/install/moveit_msgs/include/moveit_msgs/moveit_msgs/srv/detail/get_cartesian_path__rosidl_typesupport_fastrtps_cpp.hpp
[243.756s] -- Installing: /home/xdkazer/Dual_Kuka_LLM_Bachelor/p5_ws/install/moveit_msgs/include/moveit_msgs/moveit_msgs/srv/detail/rename_robot_state_in_warehouse__rosidl_typesupport_fastrtps_cpp.hpp
[243.756s] -- Installing: /home/xdkazer/Dual_Kuka_LLM_Bachelor/p5_ws/install/moveit_msgs/include/moveit_msgs/moveit_msgs/srv/detail/get_planner_params__rosidl_typesupport_fastrtps_cpp.hpp
[243.756s] -- Installing: /home/xdkazer/Dual_Kuka_LLM_Bachelor/p5_ws/install/moveit_msgs/include/moveit_msgs/moveit_msgs/srv/detail/grasp_planning__rosidl_typesupport_fastrtps_cpp.hpp
[243.756s] -- Installing: /home/xdkazer/Dual_Kuka_LLM_Bachelor/p5_ws/install/moveit_msgs/include/moveit_msgs/moveit_msgs/srv/detail/change_control_dimensions__rosidl_typesupport_fastrtps_cpp.hpp
[243.756s] -- Installing: /home/xdkazer/Dual_Kuka_LLM_Bachelor/p5_ws/install/moveit_msgs/include/moveit_msgs/moveit_msgs/srv/detail/check_if_robot_state_exists_in_warehouse__rosidl_typesupport_fastrtps_cpp.hpp
[243.756s] -- Installing: /home/xdkazer/Dual_Kuka_LLM_Bachelor/p5_ws/install/moveit_msgs/include/moveit_msgs/moveit_msgs/srv/detail/dds_fastrtps
[243.756s] -- Installing: /home/xdkazer/Dual_Kuka_LLM_Bachelor/p5_ws/install/moveit_msgs/include/moveit_msgs/moveit_msgs/srv/detail/change_drift_dimensions__rosidl_typesupport_fastrtps_cpp.hpp
[243.757s] -- Installing: /home/xdkazer/Dual_Kuka_LLM_Bachelor/p5_ws/install/moveit_msgs/include/moveit_msgs/moveit_msgs/srv/detail/update_pointcloud_octomap__rosidl_typesupport_fastrtps_cpp.hpp
[243.757s] -- Installing: /home/xdkazer/Dual_Kuka_LLM_Bachelor/p5_ws/install/moveit_msgs/include/moveit_msgs/moveit_msgs/srv/detail/get_planning_scene__rosidl_typesupport_fastrtps_cpp.hpp
[243.757s] -- Installing: /home/xdkazer/Dual_Kuka_LLM_Bachelor/p5_ws/install/moveit_msgs/include/moveit_msgs/moveit_msgs/srv/detail/list_robot_states_in_warehouse__rosidl_typesupport_fastrtps_cpp.hpp
[243.757s] -- Installing: /home/xdkazer/Dual_Kuka_LLM_Bachelor/p5_ws/install/moveit_msgs/include/moveit_msgs/moveit_msgs/srv/detail/get_motion_plan__rosidl_typesupport_fastrtps_cpp.hpp
[243.757s] -- Installing: /home/xdkazer/Dual_Kuka_LLM_Bachelor/p5_ws/install/moveit_msgs/include/moveit_msgs/moveit_msgs/srv/detail/save_map__rosidl_typesupport_fastrtps_cpp.hpp
[243.757s] -- Installing: /home/xdkazer/Dual_Kuka_LLM_Bachelor/p5_ws/install/moveit_msgs/include/moveit_msgs/moveit_msgs/srv/detail/delete_robot_state_from_warehouse__rosidl_typesupport_fastrtps_cpp.hpp
[243.758s] -- Up-to-date: /home/xdkazer/Dual_Kuka_LLM_Bachelor/p5_ws/install/moveit_msgs/include/moveit_msgs/moveit_msgs/action
[243.758s] -- Up-to-date: /home/xdkazer/Dual_Kuka_LLM_Bachelor/p5_ws/install/moveit_msgs/include/moveit_msgs/moveit_msgs/action/detail
[243.758s] -- Installing: /home/xdkazer/Dual_Kuka_LLM_Bachelor/p5_ws/install/moveit_msgs/include/moveit_msgs/moveit_msgs/action/detail/local_planner__rosidl_typesupport_fastrtps_cpp.hpp
[243.758s] -- Installing: /home/xdkazer/Dual_Kuka_LLM_Bachelor/p5_ws/install/moveit_msgs/include/moveit_msgs/moveit_msgs/action/detail/hybrid_planner__rosidl_typesupport_fastrtps_cpp.hpp
[243.758s] -- Installing: /home/xdkazer/Dual_Kuka_LLM_Bachelor/p5_ws/install/moveit_msgs/include/moveit_msgs/moveit_msgs/action/detail/execute_trajectory__rosidl_typesupport_fastrtps_cpp.hpp
[243.758s] -- Installing: /home/xdkazer/Dual_Kuka_LLM_Bachelor/p5_ws/install/moveit_msgs/include/moveit_msgs/moveit_msgs/action/detail/pickup__rosidl_typesupport_fastrtps_cpp.hpp
[243.758s] -- Installing: /home/xdkazer/Dual_Kuka_LLM_Bachelor/p5_ws/install/moveit_msgs/include/moveit_msgs/moveit_msgs/action/detail/dds_fastrtps
[243.758s] -- Installing: /home/xdkazer/Dual_Kuka_LLM_Bachelor/p5_ws/install/moveit_msgs/include/moveit_msgs/moveit_msgs/action/detail/place__rosidl_typesupport_fastrtps_cpp.hpp
[243.759s] -- Installing: /home/xdkazer/Dual_Kuka_LLM_Bachelor/p5_ws/install/moveit_msgs/include/moveit_msgs/moveit_msgs/action/detail/global_planner__rosidl_typesupport_fastrtps_cpp.hpp
[243.759s] -- Installing: /home/xdkazer/Dual_Kuka_LLM_Bachelor/p5_ws/install/moveit_msgs/include/moveit_msgs/moveit_msgs/action/detail/move_group_sequence__rosidl_typesupport_fastrtps_cpp.hpp
[243.759s] -- Installing: /home/xdkazer/Dual_Kuka_LLM_Bachelor/p5_ws/install/moveit_msgs/include/moveit_msgs/moveit_msgs/action/detail/move_group__rosidl_typesupport_fastrtps_cpp.hpp
[243.759s] -- Installing: /home/xdkazer/Dual_Kuka_LLM_Bachelor/p5_ws/install/moveit_msgs/lib/libmoveit_msgs__rosidl_typesupport_fastrtps_cpp.so
[243.761s] -- Set runtime path of "/home/xdkazer/Dual_Kuka_LLM_Bachelor/p5_ws/install/moveit_msgs/lib/libmoveit_msgs__rosidl_typesupport_fastrtps_cpp.so" to ""
[243.761s] -- Up-to-date: /home/xdkazer/Dual_Kuka_LLM_Bachelor/p5_ws/install/moveit_msgs/include/moveit_msgs/moveit_msgs
[243.761s] -- Up-to-date: /home/xdkazer/Dual_Kuka_LLM_Bachelor/p5_ws/install/moveit_msgs/include/moveit_msgs/moveit_msgs/msg
[243.761s] -- Up-to-date: /home/xdkazer/Dual_Kuka_LLM_Bachelor/p5_ws/install/moveit_msgs/include/moveit_msgs/moveit_msgs/msg/detail
[243.761s] -- Installing: /home/xdkazer/Dual_Kuka_LLM_Bachelor/p5_ws/install/moveit_msgs/include/moveit_msgs/moveit_msgs/msg/detail/visibility_constraint__type_support.cpp
[243.761s] -- Installing: /home/xdkazer/Dual_Kuka_LLM_Bachelor/p5_ws/install/moveit_msgs/include/moveit_msgs/moveit_msgs/msg/detail/oriented_bounding_box__rosidl_typesupport_introspection_cpp.hpp
[243.761s] -- Installing: /home/xdkazer/Dual_Kuka_LLM_Bachelor/p5_ws/install/moveit_msgs/include/moveit_msgs/moveit_msgs/msg/detail/link_padding__rosidl_typesupport_introspection_cpp.hpp
[243.762s] -- Installing: /home/xdkazer/Dual_Kuka_LLM_Bachelor/p5_ws/install/moveit_msgs/include/moveit_msgs/moveit_msgs/msg/detail/planning_scene_world__rosidl_typesupport_introspection_cpp.hpp
[243.762s] -- Installing: /home/xdkazer/Dual_Kuka_LLM_Bachelor/p5_ws/install/moveit_msgs/include/moveit_msgs/moveit_msgs/msg/detail/cartesian_trajectory_point__rosidl_typesupport_introspection_cpp.hpp
[243.762s] -- Installing: /home/xdkazer/Dual_Kuka_LLM_Bachelor/p5_ws/install/moveit_msgs/include/moveit_msgs/moveit_msgs/msg/detail/constraints__type_support.cpp
[243.762s] -- Installing: /home/xdkazer/Dual_Kuka_LLM_Bachelor/p5_ws/install/moveit_msgs/include/moveit_msgs/moveit_msgs/msg/detail/planning_scene_components__type_support.cpp
[243.762s] -- Installing: /home/xdkazer/Dual_Kuka_LLM_Bachelor/p5_ws/install/moveit_msgs/include/moveit_msgs/moveit_msgs/msg/detail/motion_plan_request__type_support.cpp
[243.762s] -- Installing: /home/xdkazer/Dual_Kuka_LLM_Bachelor/p5_ws/install/moveit_msgs/include/moveit_msgs/moveit_msgs/msg/detail/oriented_bounding_box__type_support.cpp
[243.762s] -- Installing: /home/xdkazer/Dual_Kuka_LLM_Bachelor/p5_ws/install/moveit_msgs/include/moveit_msgs/moveit_msgs/msg/detail/motion_plan_request__rosidl_typesupport_introspection_cpp.hpp
[243.762s] -- Installing: /home/xdkazer/Dual_Kuka_LLM_Bachelor/p5_ws/install/moveit_msgs/include/moveit_msgs/moveit_msgs/msg/detail/cartesian_point__rosidl_typesupport_introspection_cpp.hpp
[243.762s] -- Installing: /home/xdkazer/Dual_Kuka_LLM_Bachelor/p5_ws/install/moveit_msgs/include/moveit_msgs/moveit_msgs/msg/detail/cartesian_point__type_support.cpp
[243.762s] -- Installing: /home/xdkazer/Dual_Kuka_LLM_Bachelor/p5_ws/install/moveit_msgs/include/moveit_msgs/moveit_msgs/msg/detail/planning_scene_world__type_support.cpp
[243.762s] -- Installing: /home/xdkazer/Dual_Kuka_LLM_Bachelor/p5_ws/install/moveit_msgs/include/moveit_msgs/moveit_msgs/msg/detail/workspace_parameters__rosidl_typesupport_introspection_cpp.hpp
[243.762s] -- Installing: /home/xdkazer/Dual_Kuka_LLM_Bachelor/p5_ws/install/moveit_msgs/include/moveit_msgs/moveit_msgs/msg/detail/planning_scene_components__rosidl_typesupport_introspection_cpp.hpp
[243.762s] -- Installing: /home/xdkazer/Dual_Kuka_LLM_Bachelor/p5_ws/install/moveit_msgs/include/moveit_msgs/moveit_msgs/msg/detail/generic_trajectory__rosidl_typesupport_introspection_cpp.hpp
[243.763s] -- Installing: /home/xdkazer/Dual_Kuka_LLM_Bachelor/p5_ws/install/moveit_msgs/include/moveit_msgs/moveit_msgs/msg/detail/constraints__rosidl_typesupport_introspection_cpp.hpp
[243.763s] -- Installing: /home/xdkazer/Dual_Kuka_LLM_Bachelor/p5_ws/install/moveit_msgs/include/moveit_msgs/moveit_msgs/msg/detail/motion_sequence_item__rosidl_typesupport_introspection_cpp.hpp
[243.763s] -- Installing: /home/xdkazer/Dual_Kuka_LLM_Bachelor/p5_ws/install/moveit_msgs/include/moveit_msgs/moveit_msgs/msg/detail/place_location__type_support.cpp
[243.763s] -- Installing: /home/xdkazer/Dual_Kuka_LLM_Bachelor/p5_ws/install/moveit_msgs/include/moveit_msgs/moveit_msgs/msg/detail/planner_params__rosidl_typesupport_introspection_cpp.hpp
[243.763s] -- Installing: /home/xdkazer/Dual_Kuka_LLM_Bachelor/p5_ws/install/moveit_msgs/include/moveit_msgs/moveit_msgs/msg/detail/display_robot_state__rosidl_typesupport_introspection_cpp.hpp
[243.763s] -- Installing: /home/xdkazer/Dual_Kuka_LLM_Bachelor/p5_ws/install/moveit_msgs/include/moveit_msgs/moveit_msgs/msg/detail/move_it_error_codes__rosidl_typesupport_introspection_cpp.hpp
[243.764s] -- Installing: /home/xdkazer/Dual_Kuka_LLM_Bachelor/p5_ws/install/moveit_msgs/include/moveit_msgs/moveit_msgs/msg/detail/motion_plan_response__type_support.cpp
[243.764s] -- Installing: /home/xdkazer/Dual_Kuka_LLM_Bachelor/p5_ws/install/moveit_msgs/include/moveit_msgs/moveit_msgs/msg/detail/robot_trajectory__rosidl_typesupport_introspection_cpp.hpp
[243.765s] -- Installing: /home/xdkazer/Dual_Kuka_LLM_Bachelor/p5_ws/install/moveit_msgs/include/moveit_msgs/moveit_msgs/msg/detail/cartesian_trajectory__rosidl_typesupport_introspection_cpp.hpp
[243.765s] -- Installing: /home/xdkazer/Dual_Kuka_LLM_Bachelor/p5_ws/install/moveit_msgs/include/moveit_msgs/moveit_msgs/msg/detail/robot_trajectory__type_support.cpp
[243.765s] -- Installing: /home/xdkazer/Dual_Kuka_LLM_Bachelor/p5_ws/install/moveit_msgs/include/moveit_msgs/moveit_msgs/msg/detail/contact_information__rosidl_typesupport_introspection_cpp.hpp
[243.765s] -- Installing: /home/xdkazer/Dual_Kuka_LLM_Bachelor/p5_ws/install/moveit_msgs/include/moveit_msgs/moveit_msgs/msg/detail/position_constraint__rosidl_typesupport_introspection_cpp.hpp
[243.765s] -- Installing: /home/xdkazer/Dual_Kuka_LLM_Bachelor/p5_ws/install/moveit_msgs/include/moveit_msgs/moveit_msgs/msg/detail/planner_interface_description__type_support.cpp
[243.765s] -- Installing: /home/xdkazer/Dual_Kuka_LLM_Bachelor/p5_ws/install/moveit_msgs/include/moveit_msgs/moveit_msgs/msg/detail/joint_limits__type_support.cpp
[243.765s] -- Installing: /home/xdkazer/Dual_Kuka_LLM_Bachelor/p5_ws/install/moveit_msgs/include/moveit_msgs/moveit_msgs/msg/detail/planning_scene__type_support.cpp
[243.765s] -- Installing: /home/xdkazer/Dual_Kuka_LLM_Bachelor/p5_ws/install/moveit_msgs/include/moveit_msgs/moveit_msgs/msg/detail/motion_sequence_request__rosidl_typesupport_introspection_cpp.hpp
[243.766s] -- Installing: /home/xdkazer/Dual_Kuka_LLM_Bachelor/p5_ws/install/moveit_msgs/include/moveit_msgs/moveit_msgs/msg/detail/robot_state__rosidl_typesupport_introspection_cpp.hpp
[243.766s] -- Installing: /home/xdkazer/Dual_Kuka_LLM_Bachelor/p5_ws/install/moveit_msgs/include/moveit_msgs/moveit_msgs/msg/detail/grasp__type_support.cpp
[243.766s] -- Installing: /home/xdkazer/Dual_Kuka_LLM_Bachelor/p5_ws/install/moveit_msgs/include/moveit_msgs/moveit_msgs/msg/detail/kinematic_solver_info__rosidl_typesupport_introspection_cpp.hpp
[243.766s] -- Installing: /home/xdkazer/Dual_Kuka_LLM_Bachelor/p5_ws/install/moveit_msgs/include/moveit_msgs/moveit_msgs/msg/detail/visibility_constraint__rosidl_typesupport_introspection_cpp.hpp
[243.766s] -- Installing: /home/xdkazer/Dual_Kuka_LLM_Bachelor/p5_ws/install/moveit_msgs/include/moveit_msgs/moveit_msgs/msg/detail/motion_plan_response__rosidl_typesupport_introspection_cpp.hpp
[243.766s] -- Installing: /home/xdkazer/Dual_Kuka_LLM_Bachelor/p5_ws/install/moveit_msgs/include/moveit_msgs/moveit_msgs/msg/detail/cartesian_trajectory_point__type_support.cpp
[243.766s] -- Installing: /home/xdkazer/Dual_Kuka_LLM_Bachelor/p5_ws/install/moveit_msgs/include/moveit_msgs/moveit_msgs/msg/detail/robot_state__type_support.cpp
[243.766s] -- Installing: /home/xdkazer/Dual_Kuka_LLM_Bachelor/p5_ws/install/moveit_msgs/include/moveit_msgs/moveit_msgs/msg/detail/display_trajectory__rosidl_typesupport_introspection_cpp.hpp
[243.767s] -- Installing: /home/xdkazer/Dual_Kuka_LLM_Bachelor/p5_ws/install/moveit_msgs/include/moveit_msgs/moveit_msgs/msg/detail/trajectory_constraints__type_support.cpp
[243.767s] -- Installing: /home/xdkazer/Dual_Kuka_LLM_Bachelor/p5_ws/install/moveit_msgs/include/moveit_msgs/moveit_msgs/msg/detail/link_scale__type_support.cpp
[243.767s] -- Installing: /home/xdkazer/Dual_Kuka_LLM_Bachelor/p5_ws/install/moveit_msgs/include/moveit_msgs/moveit_msgs/msg/detail/contact_information__type_support.cpp
[243.767s] -- Installing: /home/xdkazer/Dual_Kuka_LLM_Bachelor/p5_ws/install/moveit_msgs/include/moveit_msgs/moveit_msgs/msg/detail/position_constraint__type_support.cpp
[243.767s] -- Installing: /home/xdkazer/Dual_Kuka_LLM_Bachelor/p5_ws/install/moveit_msgs/include/moveit_msgs/moveit_msgs/msg/detail/generic_trajectory__type_support.cpp
[243.767s] -- Installing: /home/xdkazer/Dual_Kuka_LLM_Bachelor/p5_ws/install/moveit_msgs/include/moveit_msgs/moveit_msgs/msg/detail/cost_source__type_support.cpp
[243.767s] -- Installing: /home/xdkazer/Dual_Kuka_LLM_Bachelor/p5_ws/install/moveit_msgs/include/moveit_msgs/moveit_msgs/msg/detail/position_ik_request__rosidl_typesupport_introspection_cpp.hpp
[243.767s] -- Installing: /home/xdkazer/Dual_Kuka_LLM_Bachelor/p5_ws/install/moveit_msgs/include/moveit_msgs/moveit_msgs/msg/detail/bounding_volume__rosidl_typesupport_introspection_cpp.hpp
[243.767s] -- Installing: /home/xdkazer/Dual_Kuka_LLM_Bachelor/p5_ws/install/moveit_msgs/include/moveit_msgs/moveit_msgs/msg/detail/motion_sequence_response__type_support.cpp
[243.767s] -- Installing: /home/xdkazer/Dual_Kuka_LLM_Bachelor/p5_ws/install/moveit_msgs/include/moveit_msgs/moveit_msgs/msg/detail/motion_plan_detailed_response__rosidl_typesupport_introspection_cpp.hpp
[243.767s] -- Installing: /home/xdkazer/Dual_Kuka_LLM_Bachelor/p5_ws/install/moveit_msgs/include/moveit_msgs/moveit_msgs/msg/detail/attached_collision_object__rosidl_typesupport_introspection_cpp.hpp
[243.767s] -- Installing: /home/xdkazer/Dual_Kuka_LLM_Bachelor/p5_ws/install/moveit_msgs/include/moveit_msgs/moveit_msgs/msg/detail/planning_scene__rosidl_typesupport_introspection_cpp.hpp
[243.767s] -- Installing: /home/xdkazer/Dual_Kuka_LLM_Bachelor/p5_ws/install/moveit_msgs/include/moveit_msgs/moveit_msgs/msg/detail/allowed_collision_matrix__type_support.cpp
[243.768s] -- Installing: /home/xdkazer/Dual_Kuka_LLM_Bachelor/p5_ws/install/moveit_msgs/include/moveit_msgs/moveit_msgs/msg/detail/planner_interface_description__rosidl_typesupport_introspection_cpp.hpp
[243.769s] -- Installing: /home/xdkazer/Dual_Kuka_LLM_Bachelor/p5_ws/install/moveit_msgs/include/moveit_msgs/moveit_msgs/msg/detail/attached_collision_object__type_support.cpp
[243.769s] -- Installing: /home/xdkazer/Dual_Kuka_LLM_Bachelor/p5_ws/install/moveit_msgs/include/moveit_msgs/moveit_msgs/msg/detail/display_robot_state__type_support.cpp
[243.769s] -- Installing: /home/xdkazer/Dual_Kuka_LLM_Bachelor/p5_ws/install/moveit_msgs/include/moveit_msgs/moveit_msgs/msg/detail/object_color__type_support.cpp
[243.769s] -- Installing: /home/xdkazer/Dual_Kuka_LLM_Bachelor/p5_ws/install/moveit_msgs/include/moveit_msgs/moveit_msgs/msg/detail/display_trajectory__type_support.cpp
[243.769s] -- Installing: /home/xdkazer/Dual_Kuka_LLM_Bachelor/p5_ws/install/moveit_msgs/include/moveit_msgs/moveit_msgs/msg/detail/allowed_collision_entry__type_support.cpp
[243.769s] -- Installing: /home/xdkazer/Dual_Kuka_LLM_Bachelor/p5_ws/install/moveit_msgs/include/moveit_msgs/moveit_msgs/msg/detail/cartesian_trajectory__type_support.cpp
[243.769s] -- Installing: /home/xdkazer/Dual_Kuka_LLM_Bachelor/p5_ws/install/moveit_msgs/include/moveit_msgs/moveit_msgs/msg/detail/workspace_parameters__type_support.cpp
[243.769s] -- Installing: /home/xdkazer/Dual_Kuka_LLM_Bachelor/p5_ws/install/moveit_msgs/include/moveit_msgs/moveit_msgs/msg/detail/joint_limits__rosidl_typesupport_introspection_cpp.hpp
[243.770s] -- Installing: /home/xdkazer/Dual_Kuka_LLM_Bachelor/p5_ws/install/moveit_msgs/include/moveit_msgs/moveit_msgs/msg/detail/collision_object__type_support.cpp
[243.770s] -- Installing: /home/xdkazer/Dual_Kuka_LLM_Bachelor/p5_ws/install/moveit_msgs/include/moveit_msgs/moveit_msgs/msg/detail/link_scale__rosidl_typesupport_introspection_cpp.hpp
[243.770s] -- Installing: /home/xdkazer/Dual_Kuka_LLM_Bachelor/p5_ws/install/moveit_msgs/include/moveit_msgs/moveit_msgs/msg/detail/planner_params__type_support.cpp
[243.770s] -- Installing: /home/xdkazer/Dual_Kuka_LLM_Bachelor/p5_ws/install/moveit_msgs/include/moveit_msgs/moveit_msgs/msg/detail/grasp__rosidl_typesupport_introspection_cpp.hpp
[243.770s] -- Installing: /home/xdkazer/Dual_Kuka_LLM_Bachelor/p5_ws/install/moveit_msgs/include/moveit_msgs/moveit_msgs/msg/detail/orientation_constraint__rosidl_typesupport_introspection_cpp.hpp
[243.771s] -- Installing: /home/xdkazer/Dual_Kuka_LLM_Bachelor/p5_ws/install/moveit_msgs/include/moveit_msgs/moveit_msgs/msg/detail/motion_plan_detailed_response__type_support.cpp
[243.771s] -- Installing: /home/xdkazer/Dual_Kuka_LLM_Bachelor/p5_ws/install/moveit_msgs/include/moveit_msgs/moveit_msgs/msg/detail/bounding_volume__type_support.cpp
[243.771s] -- Installing: /home/xdkazer/Dual_Kuka_LLM_Bachelor/p5_ws/install/moveit_msgs/include/moveit_msgs/moveit_msgs/msg/detail/position_ik_request__type_support.cpp
[243.771s] -- Installing: /home/xdkazer/Dual_Kuka_LLM_Bachelor/p5_ws/install/moveit_msgs/include/moveit_msgs/moveit_msgs/msg/detail/constraint_eval_result__rosidl_typesupport_introspection_cpp.hpp
[243.771s] -- Installing: /home/xdkazer/Dual_Kuka_LLM_Bachelor/p5_ws/install/moveit_msgs/include/moveit_msgs/moveit_msgs/msg/detail/orientation_constraint__type_support.cpp
[243.771s] -- Installing: /home/xdkazer/Dual_Kuka_LLM_Bachelor/p5_ws/install/moveit_msgs/include/moveit_msgs/moveit_msgs/msg/detail/motion_sequence_request__type_support.cpp
[243.771s] -- Installing: /home/xdkazer/Dual_Kuka_LLM_Bachelor/p5_ws/install/moveit_msgs/include/moveit_msgs/moveit_msgs/msg/detail/motion_sequence_item__type_support.cpp
[243.771s] -- Installing: /home/xdkazer/Dual_Kuka_LLM_Bachelor/p5_ws/install/moveit_msgs/include/moveit_msgs/moveit_msgs/msg/detail/constraint_eval_result__type_support.cpp
[243.771s] -- Installing: /home/xdkazer/Dual_Kuka_LLM_Bachelor/p5_ws/install/moveit_msgs/include/moveit_msgs/moveit_msgs/msg/detail/object_color__rosidl_typesupport_introspection_cpp.hpp
[243.771s] -- Installing: /home/xdkazer/Dual_Kuka_LLM_Bachelor/p5_ws/install/moveit_msgs/include/moveit_msgs/moveit_msgs/msg/detail/gripper_translation__rosidl_typesupport_introspection_cpp.hpp
[243.771s] -- Installing: /home/xdkazer/Dual_Kuka_LLM_Bachelor/p5_ws/install/moveit_msgs/include/moveit_msgs/moveit_msgs/msg/detail/cost_source__rosidl_typesupport_introspection_cpp.hpp
[243.771s] -- Installing: /home/xdkazer/Dual_Kuka_LLM_Bachelor/p5_ws/install/moveit_msgs/include/moveit_msgs/moveit_msgs/msg/detail/move_it_error_codes__type_support.cpp
[243.772s] -- Installing: /home/xdkazer/Dual_Kuka_LLM_Bachelor/p5_ws/install/moveit_msgs/include/moveit_msgs/moveit_msgs/msg/detail/collision_object__rosidl_typesupport_introspection_cpp.hpp
[243.772s] -- Installing: /home/xdkazer/Dual_Kuka_LLM_Bachelor/p5_ws/install/moveit_msgs/include/moveit_msgs/moveit_msgs/msg/detail/joint_constraint__type_support.cpp
[243.772s] -- Installing: /home/xdkazer/Dual_Kuka_LLM_Bachelor/p5_ws/install/moveit_msgs/include/moveit_msgs/moveit_msgs/msg/detail/trajectory_constraints__rosidl_typesupport_introspection_cpp.hpp
[243.772s] -- Installing: /home/xdkazer/Dual_Kuka_LLM_Bachelor/p5_ws/install/moveit_msgs/include/moveit_msgs/moveit_msgs/msg/detail/gripper_translation__type_support.cpp
[243.772s] -- Installing: /home/xdkazer/Dual_Kuka_LLM_Bachelor/p5_ws/install/moveit_msgs/include/moveit_msgs/moveit_msgs/msg/detail/motion_sequence_response__rosidl_typesupport_introspection_cpp.hpp
[243.772s] -- Installing: /home/xdkazer/Dual_Kuka_LLM_Bachelor/p5_ws/install/moveit_msgs/include/moveit_msgs/moveit_msgs/msg/detail/kinematic_solver_info__type_support.cpp
[243.772s] -- Installing: /home/xdkazer/Dual_Kuka_LLM_Bachelor/p5_ws/install/moveit_msgs/include/moveit_msgs/moveit_msgs/msg/detail/planning_options__rosidl_typesupport_introspection_cpp.hpp
[243.772s] -- Installing: /home/xdkazer/Dual_Kuka_LLM_Bachelor/p5_ws/install/moveit_msgs/include/moveit_msgs/moveit_msgs/msg/detail/planning_options__type_support.cpp
[243.772s] -- Installing: /home/xdkazer/Dual_Kuka_LLM_Bachelor/p5_ws/install/moveit_msgs/include/moveit_msgs/moveit_msgs/msg/detail/joint_constraint__rosidl_typesupport_introspection_cpp.hpp
[243.772s] -- Installing: /home/xdkazer/Dual_Kuka_LLM_Bachelor/p5_ws/install/moveit_msgs/include/moveit_msgs/moveit_msgs/msg/detail/place_location__rosidl_typesupport_introspection_cpp.hpp
[243.773s] -- Installing: /home/xdkazer/Dual_Kuka_LLM_Bachelor/p5_ws/install/moveit_msgs/include/moveit_msgs/moveit_msgs/msg/detail/allowed_collision_matrix__rosidl_typesupport_introspection_cpp.hpp
[243.773s] -- Installing: /home/xdkazer/Dual_Kuka_LLM_Bachelor/p5_ws/install/moveit_msgs/include/moveit_msgs/moveit_msgs/msg/detail/link_padding__type_support.cpp
[243.773s] -- Installing: /home/xdkazer/Dual_Kuka_LLM_Bachelor/p5_ws/install/moveit_msgs/include/moveit_msgs/moveit_msgs/msg/detail/allowed_collision_entry__rosidl_typesupport_introspection_cpp.hpp
[243.773s] -- Up-to-date: /home/xdkazer/Dual_Kuka_LLM_Bachelor/p5_ws/install/moveit_msgs/include/moveit_msgs/moveit_msgs/srv
[243.773s] -- Up-to-date: /home/xdkazer/Dual_Kuka_LLM_Bachelor/p5_ws/install/moveit_msgs/include/moveit_msgs/moveit_msgs/srv/detail
[243.773s] -- Installing: /home/xdkazer/Dual_Kuka_LLM_Bachelor/p5_ws/install/moveit_msgs/include/moveit_msgs/moveit_msgs/srv/detail/delete_robot_state_from_warehouse__rosidl_typesupport_introspection_cpp.hpp
[243.773s] -- Installing: /home/xdkazer/Dual_Kuka_LLM_Bachelor/p5_ws/install/moveit_msgs/include/moveit_msgs/moveit_msgs/srv/detail/apply_planning_scene__rosidl_typesupport_introspection_cpp.hpp
[243.773s] -- Installing: /home/xdkazer/Dual_Kuka_LLM_Bachelor/p5_ws/install/moveit_msgs/include/moveit_msgs/moveit_msgs/srv/detail/get_position_ik__type_support.cpp
[243.773s] -- Installing: /home/xdkazer/Dual_Kuka_LLM_Bachelor/p5_ws/install/moveit_msgs/include/moveit_msgs/moveit_msgs/srv/detail/get_motion_sequence__rosidl_typesupport_introspection_cpp.hpp
[243.774s] -- Installing: /home/xdkazer/Dual_Kuka_LLM_Bachelor/p5_ws/install/moveit_msgs/include/moveit_msgs/moveit_msgs/srv/detail/get_state_validity__rosidl_typesupport_introspection_cpp.hpp
[243.774s] -- Installing: /home/xdkazer/Dual_Kuka_LLM_Bachelor/p5_ws/install/moveit_msgs/include/moveit_msgs/moveit_msgs/srv/detail/save_map__type_support.cpp
[243.774s] -- Installing: /home/xdkazer/Dual_Kuka_LLM_Bachelor/p5_ws/install/moveit_msgs/include/moveit_msgs/moveit_msgs/srv/detail/get_motion_plan__rosidl_typesupport_introspection_cpp.hpp
[243.774s] -- Installing: /home/xdkazer/Dual_Kuka_LLM_Bachelor/p5_ws/install/moveit_msgs/include/moveit_msgs/moveit_msgs/srv/detail/query_planner_interfaces__rosidl_typesupport_introspection_cpp.hpp
[243.774s] -- Installing: /home/xdkazer/Dual_Kuka_LLM_Bachelor/p5_ws/install/moveit_msgs/include/moveit_msgs/moveit_msgs/srv/detail/load_map__type_support.cpp
[243.774s] -- Installing: /home/xdkazer/Dual_Kuka_LLM_Bachelor/p5_ws/install/moveit_msgs/include/moveit_msgs/moveit_msgs/srv/detail/get_planning_scene__rosidl_typesupport_introspection_cpp.hpp
[243.774s] -- Installing: /home/xdkazer/Dual_Kuka_LLM_Bachelor/p5_ws/install/moveit_msgs/include/moveit_msgs/moveit_msgs/srv/detail/get_robot_state_from_warehouse__type_support.cpp
[243.774s] -- Installing: /home/xdkazer/Dual_Kuka_LLM_Bachelor/p5_ws/install/moveit_msgs/include/moveit_msgs/moveit_msgs/srv/detail/delete_robot_state_from_warehouse__type_support.cpp
[243.774s] -- Installing: /home/xdkazer/Dual_Kuka_LLM_Bachelor/p5_ws/install/moveit_msgs/include/moveit_msgs/moveit_msgs/srv/detail/apply_planning_scene__type_support.cpp
[243.774s] -- Installing: /home/xdkazer/Dual_Kuka_LLM_Bachelor/p5_ws/install/moveit_msgs/include/moveit_msgs/moveit_msgs/srv/detail/check_if_robot_state_exists_in_warehouse__type_support.cpp
[243.774s] -- Installing: /home/xdkazer/Dual_Kuka_LLM_Bachelor/p5_ws/install/moveit_msgs/include/moveit_msgs/moveit_msgs/srv/detail/get_motion_sequence__type_support.cpp
[243.774s] -- Installing: /home/xdkazer/Dual_Kuka_LLM_Bachelor/p5_ws/install/moveit_msgs/include/moveit_msgs/moveit_msgs/srv/detail/get_motion_plan__type_support.cpp
[243.775s] -- Installing: /home/xdkazer/Dual_Kuka_LLM_Bachelor/p5_ws/install/moveit_msgs/include/moveit_msgs/moveit_msgs/srv/detail/get_robot_state_from_warehouse__rosidl_typesupport_introspection_cpp.hpp
[243.775s] -- Installing: /home/xdkazer/Dual_Kuka_LLM_Bachelor/p5_ws/install/moveit_msgs/include/moveit_msgs/moveit_msgs/srv/detail/get_position_ik__rosidl_typesupport_introspection_cpp.hpp
[243.775s] -- Installing: /home/xdkazer/Dual_Kuka_LLM_Bachelor/p5_ws/install/moveit_msgs/include/moveit_msgs/moveit_msgs/srv/detail/set_planner_params__type_support.cpp
[243.775s] -- Installing: /home/xdkazer/Dual_Kuka_LLM_Bachelor/p5_ws/install/moveit_msgs/include/moveit_msgs/moveit_msgs/srv/detail/save_robot_state_to_warehouse__type_support.cpp
[243.775s] -- Installing: /home/xdkazer/Dual_Kuka_LLM_Bachelor/p5_ws/install/moveit_msgs/include/moveit_msgs/moveit_msgs/srv/detail/check_if_robot_state_exists_in_warehouse__rosidl_typesupport_introspection_cpp.hpp
[243.775s] -- Installing: /home/xdkazer/Dual_Kuka_LLM_Bachelor/p5_ws/install/moveit_msgs/include/moveit_msgs/moveit_msgs/srv/detail/change_control_dimensions__rosidl_typesupport_introspection_cpp.hpp
[243.776s] -- Installing: /home/xdkazer/Dual_Kuka_LLM_Bachelor/p5_ws/install/moveit_msgs/include/moveit_msgs/moveit_msgs/srv/detail/load_map__rosidl_typesupport_introspection_cpp.hpp
[243.776s] -- Installing: /home/xdkazer/Dual_Kuka_LLM_Bachelor/p5_ws/install/moveit_msgs/include/moveit_msgs/moveit_msgs/srv/detail/get_cartesian_path__type_support.cpp
[243.776s] -- Installing: /home/xdkazer/Dual_Kuka_LLM_Bachelor/p5_ws/install/moveit_msgs/include/moveit_msgs/moveit_msgs/srv/detail/grasp_planning__type_support.cpp
[243.776s] -- Installing: /home/xdkazer/Dual_Kuka_LLM_Bachelor/p5_ws/install/moveit_msgs/include/moveit_msgs/moveit_msgs/srv/detail/save_map__rosidl_typesupport_introspection_cpp.hpp
[243.776s] -- Installing: /home/xdkazer/Dual_Kuka_LLM_Bachelor/p5_ws/install/moveit_msgs/include/moveit_msgs/moveit_msgs/srv/detail/change_drift_dimensions__type_support.cpp
[243.776s] -- Installing: /home/xdkazer/Dual_Kuka_LLM_Bachelor/p5_ws/install/moveit_msgs/include/moveit_msgs/moveit_msgs/srv/detail/get_planner_params__type_support.cpp
[243.776s] -- Installing: /home/xdkazer/Dual_Kuka_LLM_Bachelor/p5_ws/install/moveit_msgs/include/moveit_msgs/moveit_msgs/srv/detail/query_planner_interfaces__type_support.cpp
[243.776s] -- Installing: /home/xdkazer/Dual_Kuka_LLM_Bachelor/p5_ws/install/moveit_msgs/include/moveit_msgs/moveit_msgs/srv/detail/change_control_dimensions__type_support.cpp
[243.777s] -- Installing: /home/xdkazer/Dual_Kuka_LLM_Bachelor/p5_ws/install/moveit_msgs/include/moveit_msgs/moveit_msgs/srv/detail/save_robot_state_to_warehouse__rosidl_typesupport_introspection_cpp.hpp
[243.777s] -- Installing: /home/xdkazer/Dual_Kuka_LLM_Bachelor/p5_ws/install/moveit_msgs/include/moveit_msgs/moveit_msgs/srv/detail/list_robot_states_in_warehouse__type_support.cpp
[243.777s] -- Installing: /home/xdkazer/Dual_Kuka_LLM_Bachelor/p5_ws/install/moveit_msgs/include/moveit_msgs/moveit_msgs/srv/detail/get_position_fk__type_support.cpp
[243.777s] -- Installing: /home/xdkazer/Dual_Kuka_LLM_Bachelor/p5_ws/install/moveit_msgs/include/moveit_msgs/moveit_msgs/srv/detail/set_planner_params__rosidl_typesupport_introspection_cpp.hpp
[243.777s] -- Installing: /home/xdkazer/Dual_Kuka_LLM_Bachelor/p5_ws/install/moveit_msgs/include/moveit_msgs/moveit_msgs/srv/detail/get_position_fk__rosidl_typesupport_introspection_cpp.hpp
[243.777s] -- Installing: /home/xdkazer/Dual_Kuka_LLM_Bachelor/p5_ws/install/moveit_msgs/include/moveit_msgs/moveit_msgs/srv/detail/rename_robot_state_in_warehouse__rosidl_typesupport_introspection_cpp.hpp
[243.777s] -- Installing: /home/xdkazer/Dual_Kuka_LLM_Bachelor/p5_ws/install/moveit_msgs/include/moveit_msgs/moveit_msgs/srv/detail/get_planning_scene__type_support.cpp
[243.778s] -- Installing: /home/xdkazer/Dual_Kuka_LLM_Bachelor/p5_ws/install/moveit_msgs/include/moveit_msgs/moveit_msgs/srv/detail/get_planner_params__rosidl_typesupport_introspection_cpp.hpp
[243.778s] -- Installing: /home/xdkazer/Dual_Kuka_LLM_Bachelor/p5_ws/install/moveit_msgs/include/moveit_msgs/moveit_msgs/srv/detail/get_cartesian_path__rosidl_typesupport_introspection_cpp.hpp
[243.778s] -- Installing: /home/xdkazer/Dual_Kuka_LLM_Bachelor/p5_ws/install/moveit_msgs/include/moveit_msgs/moveit_msgs/srv/detail/update_pointcloud_octomap__rosidl_typesupport_introspection_cpp.hpp
[243.778s] -- Installing: /home/xdkazer/Dual_Kuka_LLM_Bachelor/p5_ws/install/moveit_msgs/include/moveit_msgs/moveit_msgs/srv/detail/rename_robot_state_in_warehouse__type_support.cpp
[243.779s] -- Installing: /home/xdkazer/Dual_Kuka_LLM_Bachelor/p5_ws/install/moveit_msgs/include/moveit_msgs/moveit_msgs/srv/detail/change_drift_dimensions__rosidl_typesupport_introspection_cpp.hpp
[243.779s] -- Installing: /home/xdkazer/Dual_Kuka_LLM_Bachelor/p5_ws/install/moveit_msgs/include/moveit_msgs/moveit_msgs/srv/detail/list_robot_states_in_warehouse__rosidl_typesupport_introspection_cpp.hpp
[243.779s] -- Installing: /home/xdkazer/Dual_Kuka_LLM_Bachelor/p5_ws/install/moveit_msgs/include/moveit_msgs/moveit_msgs/srv/detail/get_state_validity__type_support.cpp
[243.780s] -- Installing: /home/xdkazer/Dual_Kuka_LLM_Bachelor/p5_ws/install/moveit_msgs/include/moveit_msgs/moveit_msgs/srv/detail/grasp_planning__rosidl_typesupport_introspection_cpp.hpp
[243.780s] -- Installing: /home/xdkazer/Dual_Kuka_LLM_Bachelor/p5_ws/install/moveit_msgs/include/moveit_msgs/moveit_msgs/srv/detail/update_pointcloud_octomap__type_support.cpp
[243.780s] -- Up-to-date: /home/xdkazer/Dual_Kuka_LLM_Bachelor/p5_ws/install/moveit_msgs/include/moveit_msgs/moveit_msgs/action
[243.780s] -- Up-to-date: /home/xdkazer/Dual_Kuka_LLM_Bachelor/p5_ws/install/moveit_msgs/include/moveit_msgs/moveit_msgs/action/detail
[243.781s] -- Installing: /home/xdkazer/Dual_Kuka_LLM_Bachelor/p5_ws/install/moveit_msgs/include/moveit_msgs/moveit_msgs/action/detail/pickup__rosidl_typesupport_introspection_cpp.hpp
[243.781s] -- Installing: /home/xdkazer/Dual_Kuka_LLM_Bachelor/p5_ws/install/moveit_msgs/include/moveit_msgs/moveit_msgs/action/detail/move_group_sequence__rosidl_typesupport_introspection_cpp.hpp
[243.781s] -- Installing: /home/xdkazer/Dual_Kuka_LLM_Bachelor/p5_ws/install/moveit_msgs/include/moveit_msgs/moveit_msgs/action/detail/local_planner__type_support.cpp
[243.781s] -- Installing: /home/xdkazer/Dual_Kuka_LLM_Bachelor/p5_ws/install/moveit_msgs/include/moveit_msgs/moveit_msgs/action/detail/place__type_support.cpp
[243.781s] -- Installing: /home/xdkazer/Dual_Kuka_LLM_Bachelor/p5_ws/install/moveit_msgs/include/moveit_msgs/moveit_msgs/action/detail/hybrid_planner__type_support.cpp
[243.781s] -- Installing: /home/xdkazer/Dual_Kuka_LLM_Bachelor/p5_ws/install/moveit_msgs/include/moveit_msgs/moveit_msgs/action/detail/local_planner__rosidl_typesupport_introspection_cpp.hpp
[243.782s] -- Installing: /home/xdkazer/Dual_Kuka_LLM_Bachelor/p5_ws/install/moveit_msgs/include/moveit_msgs/moveit_msgs/action/detail/pickup__type_support.cpp
[243.782s] -- Installing: /home/xdkazer/Dual_Kuka_LLM_Bachelor/p5_ws/install/moveit_msgs/include/moveit_msgs/moveit_msgs/action/detail/hybrid_planner__rosidl_typesupport_introspection_cpp.hpp
[243.782s] -- Installing: /home/xdkazer/Dual_Kuka_LLM_Bachelor/p5_ws/install/moveit_msgs/include/moveit_msgs/moveit_msgs/action/detail/execute_trajectory__type_support.cpp
[243.783s] -- Installing: /home/xdkazer/Dual_Kuka_LLM_Bachelor/p5_ws/install/moveit_msgs/include/moveit_msgs/moveit_msgs/action/detail/execute_trajectory__rosidl_typesupport_introspection_cpp.hpp
[243.783s] -- Installing: /home/xdkazer/Dual_Kuka_LLM_Bachelor/p5_ws/install/moveit_msgs/include/moveit_msgs/moveit_msgs/action/detail/move_group__rosidl_typesupport_introspection_cpp.hpp
[243.783s] -- Installing: /home/xdkazer/Dual_Kuka_LLM_Bachelor/p5_ws/install/moveit_msgs/include/moveit_msgs/moveit_msgs/action/detail/move_group_sequence__type_support.cpp
[243.783s] -- Installing: /home/xdkazer/Dual_Kuka_LLM_Bachelor/p5_ws/install/moveit_msgs/include/moveit_msgs/moveit_msgs/action/detail/global_planner__rosidl_typesupport_introspection_cpp.hpp
[243.783s] -- Installing: /home/xdkazer/Dual_Kuka_LLM_Bachelor/p5_ws/install/moveit_msgs/include/moveit_msgs/moveit_msgs/action/detail/place__rosidl_typesupport_introspection_cpp.hpp
[243.783s] -- Installing: /home/xdkazer/Dual_Kuka_LLM_Bachelor/p5_ws/install/moveit_msgs/include/moveit_msgs/moveit_msgs/action/detail/move_group__type_support.cpp
[243.783s] -- Installing: /home/xdkazer/Dual_Kuka_LLM_Bachelor/p5_ws/install/moveit_msgs/include/moveit_msgs/moveit_msgs/action/detail/global_planner__type_support.cpp
[243.784s] -- Installing: /home/xdkazer/Dual_Kuka_LLM_Bachelor/p5_ws/install/moveit_msgs/lib/libmoveit_msgs__rosidl_typesupport_introspection_cpp.so
[243.785s] -- Set runtime path of "/home/xdkazer/Dual_Kuka_LLM_Bachelor/p5_ws/install/moveit_msgs/lib/libmoveit_msgs__rosidl_typesupport_introspection_cpp.so" to ""
[243.786s] -- Installing: /home/xdkazer/Dual_Kuka_LLM_Bachelor/p5_ws/install/moveit_msgs/lib/libmoveit_msgs__rosidl_typesupport_cpp.so
[243.786s] -- Set runtime path of "/home/xdkazer/Dual_Kuka_LLM_Bachelor/p5_ws/install/moveit_msgs/lib/libmoveit_msgs__rosidl_typesupport_cpp.so" to ""
[243.787s] -- Installing: /home/xdkazer/Dual_Kuka_LLM_Bachelor/p5_ws/install/moveit_msgs/share/moveit_msgs/environment/pythonpath.sh
[243.787s] -- Installing: /home/xdkazer/Dual_Kuka_LLM_Bachelor/p5_ws/install/moveit_msgs/share/moveit_msgs/environment/pythonpath.dsv
[243.787s] -- Installing: /home/xdkazer/Dual_Kuka_LLM_Bachelor/p5_ws/install/moveit_msgs/local/lib/python3.10/dist-packages/moveit_msgs-2.2.1-py3.10.egg-info
[243.787s] -- Installing: /home/xdkazer/Dual_Kuka_LLM_Bachelor/p5_ws/install/moveit_msgs/local/lib/python3.10/dist-packages/moveit_msgs-2.2.1-py3.10.egg-info/SOURCES.txt
[243.787s] -- Installing: /home/xdkazer/Dual_Kuka_LLM_Bachelor/p5_ws/install/moveit_msgs/local/lib/python3.10/dist-packages/moveit_msgs-2.2.1-py3.10.egg-info/top_level.txt
[243.788s] -- Installing: /home/xdkazer/Dual_Kuka_LLM_Bachelor/p5_ws/install/moveit_msgs/local/lib/python3.10/dist-packages/moveit_msgs-2.2.1-py3.10.egg-info/PKG-INFO
[243.788s] -- Installing: /home/xdkazer/Dual_Kuka_LLM_Bachelor/p5_ws/install/moveit_msgs/local/lib/python3.10/dist-packages/moveit_msgs-2.2.1-py3.10.egg-info/dependency_links.txt
[243.788s] -- Installing: /home/xdkazer/Dual_Kuka_LLM_Bachelor/p5_ws/install/moveit_msgs/local/lib/python3.10/dist-packages/moveit_msgs
[243.788s] -- Installing: /home/xdkazer/Dual_Kuka_LLM_Bachelor/p5_ws/install/moveit_msgs/local/lib/python3.10/dist-packages/moveit_msgs/moveit_msgs_s__rosidl_typesupport_fastrtps_c.cpython-310-x86_64-linux-gnu.so
[243.789s] -- Installing: /home/xdkazer/Dual_Kuka_LLM_Bachelor/p5_ws/install/moveit_msgs/local/lib/python3.10/dist-packages/moveit_msgs/msg
[243.789s] -- Installing: /home/xdkazer/Dual_Kuka_LLM_Bachelor/p5_ws/install/moveit_msgs/local/lib/python3.10/dist-packages/moveit_msgs/msg/_link_scale_s.c
[243.789s] -- Installing: /home/xdkazer/Dual_Kuka_LLM_Bachelor/p5_ws/install/moveit_msgs/local/lib/python3.10/dist-packages/moveit_msgs/msg/_motion_sequence_response_s.c
[243.789s] -- Installing: /home/xdkazer/Dual_Kuka_LLM_Bachelor/p5_ws/install/moveit_msgs/local/lib/python3.10/dist-packages/moveit_msgs/msg/_object_color.py
[243.789s] -- Installing: /home/xdkazer/Dual_Kuka_LLM_Bachelor/p5_ws/install/moveit_msgs/local/lib/python3.10/dist-packages/moveit_msgs/msg/_position_constraint_s.c
[243.789s] -- Installing: /home/xdkazer/Dual_Kuka_LLM_Bachelor/p5_ws/install/moveit_msgs/local/lib/python3.10/dist-packages/moveit_msgs/msg/_cartesian_trajectory.py
[243.789s] -- Installing: /home/xdkazer/Dual_Kuka_LLM_Bachelor/p5_ws/install/moveit_msgs/local/lib/python3.10/dist-packages/moveit_msgs/msg/_planning_scene.py
[243.789s] -- Installing: /home/xdkazer/Dual_Kuka_LLM_Bachelor/p5_ws/install/moveit_msgs/local/lib/python3.10/dist-packages/moveit_msgs/msg/_visibility_constraint.py
[243.790s] -- Installing: /home/xdkazer/Dual_Kuka_LLM_Bachelor/p5_ws/install/moveit_msgs/local/lib/python3.10/dist-packages/moveit_msgs/msg/_visibility_constraint_s.c
[243.790s] -- Installing: /home/xdkazer/Dual_Kuka_LLM_Bachelor/p5_ws/install/moveit_msgs/local/lib/python3.10/dist-packages/moveit_msgs/msg/_joint_limits.py
[243.790s] -- Installing: /home/xdkazer/Dual_Kuka_LLM_Bachelor/p5_ws/install/moveit_msgs/local/lib/python3.10/dist-packages/moveit_msgs/msg/_link_padding_s.c
[243.790s] -- Installing: /home/xdkazer/Dual_Kuka_LLM_Bachelor/p5_ws/install/moveit_msgs/local/lib/python3.10/dist-packages/moveit_msgs/msg/_motion_plan_request.py
[243.790s] -- Installing: /home/xdkazer/Dual_Kuka_LLM_Bachelor/p5_ws/install/moveit_msgs/local/lib/python3.10/dist-packages/moveit_msgs/msg/_cost_source_s.c
[243.790s] -- Installing: /home/xdkazer/Dual_Kuka_LLM_Bachelor/p5_ws/install/moveit_msgs/local/lib/python3.10/dist-packages/moveit_msgs/msg/_move_it_error_codes.py
[243.790s] -- Installing: /home/xdkazer/Dual_Kuka_LLM_Bachelor/p5_ws/install/moveit_msgs/local/lib/python3.10/dist-packages/moveit_msgs/msg/_joint_constraint_s.c
[243.790s] -- Installing: /home/xdkazer/Dual_Kuka_LLM_Bachelor/p5_ws/install/moveit_msgs/local/lib/python3.10/dist-packages/moveit_msgs/msg/_display_robot_state_s.c
[243.790s] -- Installing: /home/xdkazer/Dual_Kuka_LLM_Bachelor/p5_ws/install/moveit_msgs/local/lib/python3.10/dist-packages/moveit_msgs/msg/_allowed_collision_entry.py
[243.791s] -- Installing: /home/xdkazer/Dual_Kuka_LLM_Bachelor/p5_ws/install/moveit_msgs/local/lib/python3.10/dist-packages/moveit_msgs/msg/_motion_plan_detailed_response.py
[243.791s] -- Installing: /home/xdkazer/Dual_Kuka_LLM_Bachelor/p5_ws/install/moveit_msgs/local/lib/python3.10/dist-packages/moveit_msgs/msg/_planning_scene_s.c
[243.791s] -- Installing: /home/xdkazer/Dual_Kuka_LLM_Bachelor/p5_ws/install/moveit_msgs/local/lib/python3.10/dist-packages/moveit_msgs/msg/_bounding_volume_s.c
[243.791s] -- Installing: /home/xdkazer/Dual_Kuka_LLM_Bachelor/p5_ws/install/moveit_msgs/local/lib/python3.10/dist-packages/moveit_msgs/msg/_motion_sequence_response.py
[243.793s] -- Installing: /home/xdkazer/Dual_Kuka_LLM_Bachelor/p5_ws/install/moveit_msgs/local/lib/python3.10/dist-packages/moveit_msgs/msg/_motion_sequence_request.py
[243.793s] -- Installing: /home/xdkazer/Dual_Kuka_LLM_Bachelor/p5_ws/install/moveit_msgs/local/lib/python3.10/dist-packages/moveit_msgs/msg/_allowed_collision_matrix_s.c
[243.793s] -- Installing: /home/xdkazer/Dual_Kuka_LLM_Bachelor/p5_ws/install/moveit_msgs/local/lib/python3.10/dist-packages/moveit_msgs/msg/_cartesian_trajectory_point_s.c
[243.793s] -- Installing: /home/xdkazer/Dual_Kuka_LLM_Bachelor/p5_ws/install/moveit_msgs/local/lib/python3.10/dist-packages/moveit_msgs/msg/_orientation_constraint_s.c
[243.793s] -- Installing: /home/xdkazer/Dual_Kuka_LLM_Bachelor/p5_ws/install/moveit_msgs/local/lib/python3.10/dist-packages/moveit_msgs/msg/_joint_limits_s.c
[243.793s] -- Installing: /home/xdkazer/Dual_Kuka_LLM_Bachelor/p5_ws/install/moveit_msgs/local/lib/python3.10/dist-packages/moveit_msgs/msg/_planning_scene_world_s.c
[243.793s] -- Installing: /home/xdkazer/Dual_Kuka_LLM_Bachelor/p5_ws/install/moveit_msgs/local/lib/python3.10/dist-packages/moveit_msgs/msg/_cartesian_trajectory_s.c
[243.793s] -- Installing: /home/xdkazer/Dual_Kuka_LLM_Bachelor/p5_ws/install/moveit_msgs/local/lib/python3.10/dist-packages/moveit_msgs/msg/_cartesian_point_s.c
[243.793s] -- Installing: /home/xdkazer/Dual_Kuka_LLM_Bachelor/p5_ws/install/moveit_msgs/local/lib/python3.10/dist-packages/moveit_msgs/msg/_kinematic_solver_info_s.c
[243.794s] -- Installing: /home/xdkazer/Dual_Kuka_LLM_Bachelor/p5_ws/install/moveit_msgs/local/lib/python3.10/dist-packages/moveit_msgs/msg/_grasp_s.c
[243.794s] -- Installing: /home/xdkazer/Dual_Kuka_LLM_Bachelor/p5_ws/install/moveit_msgs/local/lib/python3.10/dist-packages/moveit_msgs/msg/_oriented_bounding_box.py
[243.794s] -- Installing: /home/xdkazer/Dual_Kuka_LLM_Bachelor/p5_ws/install/moveit_msgs/local/lib/python3.10/dist-packages/moveit_msgs/msg/_planning_options_s.c
[243.794s] -- Installing: /home/xdkazer/Dual_Kuka_LLM_Bachelor/p5_ws/install/moveit_msgs/local/lib/python3.10/dist-packages/moveit_msgs/msg/_planner_interface_description.py
[243.794s] -- Installing: /home/xdkazer/Dual_Kuka_LLM_Bachelor/p5_ws/install/moveit_msgs/local/lib/python3.10/dist-packages/moveit_msgs/msg/_robot_trajectory_s.c
[243.794s] -- Installing: /home/xdkazer/Dual_Kuka_LLM_Bachelor/p5_ws/install/moveit_msgs/local/lib/python3.10/dist-packages/moveit_msgs/msg/__init__.py
[243.794s] -- Installing: /home/xdkazer/Dual_Kuka_LLM_Bachelor/p5_ws/install/moveit_msgs/local/lib/python3.10/dist-packages/moveit_msgs/msg/_object_color_s.c
[243.794s] -- Installing: /home/xdkazer/Dual_Kuka_LLM_Bachelor/p5_ws/install/moveit_msgs/local/lib/python3.10/dist-packages/moveit_msgs/msg/_motion_plan_response.py
[243.794s] -- Installing: /home/xdkazer/Dual_Kuka_LLM_Bachelor/p5_ws/install/moveit_msgs/local/lib/python3.10/dist-packages/moveit_msgs/msg/_joint_constraint.py
[243.794s] -- Installing: /home/xdkazer/Dual_Kuka_LLM_Bachelor/p5_ws/install/moveit_msgs/local/lib/python3.10/dist-packages/moveit_msgs/msg/_allowed_collision_entry_s.c
[243.795s] -- Installing: /home/xdkazer/Dual_Kuka_LLM_Bachelor/p5_ws/install/moveit_msgs/local/lib/python3.10/dist-packages/moveit_msgs/msg/_constraint_eval_result_s.c
[243.795s] -- Installing: /home/xdkazer/Dual_Kuka_LLM_Bachelor/p5_ws/install/moveit_msgs/local/lib/python3.10/dist-packages/moveit_msgs/msg/_oriented_bounding_box_s.c
[243.795s] -- Installing: /home/xdkazer/Dual_Kuka_LLM_Bachelor/p5_ws/install/moveit_msgs/local/lib/python3.10/dist-packages/moveit_msgs/msg/_place_location_s.c
[243.795s] -- Installing: /home/xdkazer/Dual_Kuka_LLM_Bachelor/p5_ws/install/moveit_msgs/local/lib/python3.10/dist-packages/moveit_msgs/msg/_workspace_parameters_s.c
[243.795s] -- Installing: /home/xdkazer/Dual_Kuka_LLM_Bachelor/p5_ws/install/moveit_msgs/local/lib/python3.10/dist-packages/moveit_msgs/msg/_move_it_error_codes_s.c
[243.795s] -- Installing: /home/xdkazer/Dual_Kuka_LLM_Bachelor/p5_ws/install/moveit_msgs/local/lib/python3.10/dist-packages/moveit_msgs/msg/_motion_sequence_request_s.c
[243.796s] -- Installing: /home/xdkazer/Dual_Kuka_LLM_Bachelor/p5_ws/install/moveit_msgs/local/lib/python3.10/dist-packages/moveit_msgs/msg/_gripper_translation_s.c
[243.796s] -- Installing: /home/xdkazer/Dual_Kuka_LLM_Bachelor/p5_ws/install/moveit_msgs/local/lib/python3.10/dist-packages/moveit_msgs/msg/_position_ik_request_s.c
[243.796s] -- Installing: /home/xdkazer/Dual_Kuka_LLM_Bachelor/p5_ws/install/moveit_msgs/local/lib/python3.10/dist-packages/moveit_msgs/msg/_display_trajectory_s.c
[243.796s] -- Installing: /home/xdkazer/Dual_Kuka_LLM_Bachelor/p5_ws/install/moveit_msgs/local/lib/python3.10/dist-packages/moveit_msgs/msg/_cartesian_point.py
[243.796s] -- Installing: /home/xdkazer/Dual_Kuka_LLM_Bachelor/p5_ws/install/moveit_msgs/local/lib/python3.10/dist-packages/moveit_msgs/msg/_planning_options.py
[243.796s] -- Installing: /home/xdkazer/Dual_Kuka_LLM_Bachelor/p5_ws/install/moveit_msgs/local/lib/python3.10/dist-packages/moveit_msgs/msg/_trajectory_constraints_s.c
[243.796s] -- Installing: /home/xdkazer/Dual_Kuka_LLM_Bachelor/p5_ws/install/moveit_msgs/local/lib/python3.10/dist-packages/moveit_msgs/msg/_display_trajectory.py
[243.797s] -- Installing: /home/xdkazer/Dual_Kuka_LLM_Bachelor/p5_ws/install/moveit_msgs/local/lib/python3.10/dist-packages/moveit_msgs/msg/_robot_trajectory.py
[243.797s] -- Installing: /home/xdkazer/Dual_Kuka_LLM_Bachelor/p5_ws/install/moveit_msgs/local/lib/python3.10/dist-packages/moveit_msgs/msg/_constraints.py
[243.797s] -- Installing: /home/xdkazer/Dual_Kuka_LLM_Bachelor/p5_ws/install/moveit_msgs/local/lib/python3.10/dist-packages/moveit_msgs/msg/_gripper_translation.py
[243.797s] -- Installing: /home/xdkazer/Dual_Kuka_LLM_Bachelor/p5_ws/install/moveit_msgs/local/lib/python3.10/dist-packages/moveit_msgs/msg/_generic_trajectory.py
[243.797s] -- Installing: /home/xdkazer/Dual_Kuka_LLM_Bachelor/p5_ws/install/moveit_msgs/local/lib/python3.10/dist-packages/moveit_msgs/msg/_link_scale.py
[243.797s] -- Installing: /home/xdkazer/Dual_Kuka_LLM_Bachelor/p5_ws/install/moveit_msgs/local/lib/python3.10/dist-packages/moveit_msgs/msg/_kinematic_solver_info.py
[243.797s] -- Installing: /home/xdkazer/Dual_Kuka_LLM_Bachelor/p5_ws/install/moveit_msgs/local/lib/python3.10/dist-packages/moveit_msgs/msg/_bounding_volume.py
[243.797s] -- Installing: /home/xdkazer/Dual_Kuka_LLM_Bachelor/p5_ws/install/moveit_msgs/local/lib/python3.10/dist-packages/moveit_msgs/msg/_grasp.py
[243.797s] -- Installing: /home/xdkazer/Dual_Kuka_LLM_Bachelor/p5_ws/install/moveit_msgs/local/lib/python3.10/dist-packages/moveit_msgs/msg/_position_constraint.py
[243.797s] -- Installing: /home/xdkazer/Dual_Kuka_LLM_Bachelor/p5_ws/install/moveit_msgs/local/lib/python3.10/dist-packages/moveit_msgs/msg/_generic_trajectory_s.c
[243.797s] -- Installing: /home/xdkazer/Dual_Kuka_LLM_Bachelor/p5_ws/install/moveit_msgs/local/lib/python3.10/dist-packages/moveit_msgs/msg/_orientation_constraint.py
[243.797s] -- Installing: /home/xdkazer/Dual_Kuka_LLM_Bachelor/p5_ws/install/moveit_msgs/local/lib/python3.10/dist-packages/moveit_msgs/msg/_contact_information.py
[243.797s] -- Installing: /home/xdkazer/Dual_Kuka_LLM_Bachelor/p5_ws/install/moveit_msgs/local/lib/python3.10/dist-packages/moveit_msgs/msg/_attached_collision_object_s.c
[243.797s] -- Installing: /home/xdkazer/Dual_Kuka_LLM_Bachelor/p5_ws/install/moveit_msgs/local/lib/python3.10/dist-packages/moveit_msgs/msg/_planner_params.py
[243.797s] -- Installing: /home/xdkazer/Dual_Kuka_LLM_Bachelor/p5_ws/install/moveit_msgs/local/lib/python3.10/dist-packages/moveit_msgs/msg/_place_location.py
[243.797s] -- Installing: /home/xdkazer/Dual_Kuka_LLM_Bachelor/p5_ws/install/moveit_msgs/local/lib/python3.10/dist-packages/moveit_msgs/msg/_robot_state.py
[243.798s] -- Installing: /home/xdkazer/Dual_Kuka_LLM_Bachelor/p5_ws/install/moveit_msgs/local/lib/python3.10/dist-packages/moveit_msgs/msg/_planner_params_s.c
[243.798s] -- Installing: /home/xdkazer/Dual_Kuka_LLM_Bachelor/p5_ws/install/moveit_msgs/local/lib/python3.10/dist-packages/moveit_msgs/msg/_contact_information_s.c
[243.798s] -- Installing: /home/xdkazer/Dual_Kuka_LLM_Bachelor/p5_ws/install/moveit_msgs/local/lib/python3.10/dist-packages/moveit_msgs/msg/_trajectory_constraints.py
[243.798s] -- Installing: /home/xdkazer/Dual_Kuka_LLM_Bachelor/p5_ws/install/moveit_msgs/local/lib/python3.10/dist-packages/moveit_msgs/msg/_motion_sequence_item_s.c
[243.798s] -- Installing: /home/xdkazer/Dual_Kuka_LLM_Bachelor/p5_ws/install/moveit_msgs/local/lib/python3.10/dist-packages/moveit_msgs/msg/_collision_object.py
[243.798s] -- Installing: /home/xdkazer/Dual_Kuka_LLM_Bachelor/p5_ws/install/moveit_msgs/local/lib/python3.10/dist-packages/moveit_msgs/msg/_cartesian_trajectory_point.py
[243.798s] -- Installing: /home/xdkazer/Dual_Kuka_LLM_Bachelor/p5_ws/install/moveit_msgs/local/lib/python3.10/dist-packages/moveit_msgs/msg/_robot_state_s.c
[243.798s] -- Installing: /home/xdkazer/Dual_Kuka_LLM_Bachelor/p5_ws/install/moveit_msgs/local/lib/python3.10/dist-packages/moveit_msgs/msg/_position_ik_request.py
[243.798s] -- Installing: /home/xdkazer/Dual_Kuka_LLM_Bachelor/p5_ws/install/moveit_msgs/local/lib/python3.10/dist-packages/moveit_msgs/msg/_planner_interface_description_s.c
[243.798s] -- Installing: /home/xdkazer/Dual_Kuka_LLM_Bachelor/p5_ws/install/moveit_msgs/local/lib/python3.10/dist-packages/moveit_msgs/msg/_planning_scene_components.py
[243.799s] -- Installing: /home/xdkazer/Dual_Kuka_LLM_Bachelor/p5_ws/install/moveit_msgs/local/lib/python3.10/dist-packages/moveit_msgs/msg/_motion_plan_request_s.c
[243.799s] -- Installing: /home/xdkazer/Dual_Kuka_LLM_Bachelor/p5_ws/install/moveit_msgs/local/lib/python3.10/dist-packages/moveit_msgs/msg/_collision_object_s.c
[243.799s] -- Installing: /home/xdkazer/Dual_Kuka_LLM_Bachelor/p5_ws/install/moveit_msgs/local/lib/python3.10/dist-packages/moveit_msgs/msg/_constraint_eval_result.py
[243.799s] -- Installing: /home/xdkazer/Dual_Kuka_LLM_Bachelor/p5_ws/install/moveit_msgs/local/lib/python3.10/dist-packages/moveit_msgs/msg/_link_padding.py
[243.799s] -- Installing: /home/xdkazer/Dual_Kuka_LLM_Bachelor/p5_ws/install/moveit_msgs/local/lib/python3.10/dist-packages/moveit_msgs/msg/_motion_sequence_item.py
[243.799s] -- Installing: /home/xdkazer/Dual_Kuka_LLM_Bachelor/p5_ws/install/moveit_msgs/local/lib/python3.10/dist-packages/moveit_msgs/msg/_display_robot_state.py
[243.800s] -- Installing: /home/xdkazer/Dual_Kuka_LLM_Bachelor/p5_ws/install/moveit_msgs/local/lib/python3.10/dist-packages/moveit_msgs/msg/_attached_collision_object.py
[243.800s] -- Installing: /home/xdkazer/Dual_Kuka_LLM_Bachelor/p5_ws/install/moveit_msgs/local/lib/python3.10/dist-packages/moveit_msgs/msg/_planning_scene_world.py
[243.800s] -- Installing: /home/xdkazer/Dual_Kuka_LLM_Bachelor/p5_ws/install/moveit_msgs/local/lib/python3.10/dist-packages/moveit_msgs/msg/_constraints_s.c
[243.800s] -- Installing: /home/xdkazer/Dual_Kuka_LLM_Bachelor/p5_ws/install/moveit_msgs/local/lib/python3.10/dist-packages/moveit_msgs/msg/_allowed_collision_matrix.py
[243.800s] -- Installing: /home/xdkazer/Dual_Kuka_LLM_Bachelor/p5_ws/install/moveit_msgs/local/lib/python3.10/dist-packages/moveit_msgs/msg/_motion_plan_detailed_response_s.c
[243.800s] -- Installing: /home/xdkazer/Dual_Kuka_LLM_Bachelor/p5_ws/install/moveit_msgs/local/lib/python3.10/dist-packages/moveit_msgs/msg/_motion_plan_response_s.c
[243.800s] -- Installing: /home/xdkazer/Dual_Kuka_LLM_Bachelor/p5_ws/install/moveit_msgs/local/lib/python3.10/dist-packages/moveit_msgs/msg/_workspace_parameters.py
[243.801s] -- Installing: /home/xdkazer/Dual_Kuka_LLM_Bachelor/p5_ws/install/moveit_msgs/local/lib/python3.10/dist-packages/moveit_msgs/msg/_cost_source.py
[243.801s] -- Installing: /home/xdkazer/Dual_Kuka_LLM_Bachelor/p5_ws/install/moveit_msgs/local/lib/python3.10/dist-packages/moveit_msgs/msg/_planning_scene_components_s.c
[243.801s] -- Installing: /home/xdkazer/Dual_Kuka_LLM_Bachelor/p5_ws/install/moveit_msgs/local/lib/python3.10/dist-packages/moveit_msgs/libmoveit_msgs__rosidl_generator_py.so
[243.801s] -- Installing: /home/xdkazer/Dual_Kuka_LLM_Bachelor/p5_ws/install/moveit_msgs/local/lib/python3.10/dist-packages/moveit_msgs/__init__.py
[243.801s] -- Installing: /home/xdkazer/Dual_Kuka_LLM_Bachelor/p5_ws/install/moveit_msgs/local/lib/python3.10/dist-packages/moveit_msgs/_moveit_msgs_s.ep.rosidl_typesupport_c.c
[243.802s] -- Installing: /home/xdkazer/Dual_Kuka_LLM_Bachelor/p5_ws/install/moveit_msgs/local/lib/python3.10/dist-packages/moveit_msgs/_moveit_msgs_s.ep.rosidl_typesupport_fastrtps_c.c
[243.803s] -- Installing: /home/xdkazer/Dual_Kuka_LLM_Bachelor/p5_ws/install/moveit_msgs/local/lib/python3.10/dist-packages/moveit_msgs/moveit_msgs_s__rosidl_typesupport_c.cpython-310-x86_64-linux-gnu.so
[243.805s] -- Installing: /home/xdkazer/Dual_Kuka_LLM_Bachelor/p5_ws/install/moveit_msgs/local/lib/python3.10/dist-packages/moveit_msgs/moveit_msgs_s__rosidl_typesupport_introspection_c.cpython-310-x86_64-linux-gnu.so
[243.805s] -- Installing: /home/xdkazer/Dual_Kuka_LLM_Bachelor/p5_ws/install/moveit_msgs/local/lib/python3.10/dist-packages/moveit_msgs/srv
[243.805s] -- Installing: /home/xdkazer/Dual_Kuka_LLM_Bachelor/p5_ws/install/moveit_msgs/local/lib/python3.10/dist-packages/moveit_msgs/srv/_get_planning_scene.py
[243.805s] -- Installing: /home/xdkazer/Dual_Kuka_LLM_Bachelor/p5_ws/install/moveit_msgs/local/lib/python3.10/dist-packages/moveit_msgs/srv/_grasp_planning_s.c
[243.805s] -- Installing: /home/xdkazer/Dual_Kuka_LLM_Bachelor/p5_ws/install/moveit_msgs/local/lib/python3.10/dist-packages/moveit_msgs/srv/_get_state_validity_s.c
[243.805s] -- Installing: /home/xdkazer/Dual_Kuka_LLM_Bachelor/p5_ws/install/moveit_msgs/local/lib/python3.10/dist-packages/moveit_msgs/srv/_save_map_s.c
[243.805s] -- Installing: /home/xdkazer/Dual_Kuka_LLM_Bachelor/p5_ws/install/moveit_msgs/local/lib/python3.10/dist-packages/moveit_msgs/srv/_apply_planning_scene.py
[243.806s] -- Installing: /home/xdkazer/Dual_Kuka_LLM_Bachelor/p5_ws/install/moveit_msgs/local/lib/python3.10/dist-packages/moveit_msgs/srv/_delete_robot_state_from_warehouse_s.c
[243.807s] -- Installing: /home/xdkazer/Dual_Kuka_LLM_Bachelor/p5_ws/install/moveit_msgs/local/lib/python3.10/dist-packages/moveit_msgs/srv/_list_robot_states_in_warehouse.py
[243.807s] -- Installing: /home/xdkazer/Dual_Kuka_LLM_Bachelor/p5_ws/install/moveit_msgs/local/lib/python3.10/dist-packages/moveit_msgs/srv/_check_if_robot_state_exists_in_warehouse_s.c
[243.807s] -- Installing: /home/xdkazer/Dual_Kuka_LLM_Bachelor/p5_ws/install/moveit_msgs/local/lib/python3.10/dist-packages/moveit_msgs/srv/_get_cartesian_path_s.c
[243.807s] -- Installing: /home/xdkazer/Dual_Kuka_LLM_Bachelor/p5_ws/install/moveit_msgs/local/lib/python3.10/dist-packages/moveit_msgs/srv/_delete_robot_state_from_warehouse.py
[243.807s] -- Installing: /home/xdkazer/Dual_Kuka_LLM_Bachelor/p5_ws/install/moveit_msgs/local/lib/python3.10/dist-packages/moveit_msgs/srv/_get_motion_sequence_s.c
[243.807s] -- Installing: /home/xdkazer/Dual_Kuka_LLM_Bachelor/p5_ws/install/moveit_msgs/local/lib/python3.10/dist-packages/moveit_msgs/srv/_get_planner_params.py
[243.807s] -- Installing: /home/xdkazer/Dual_Kuka_LLM_Bachelor/p5_ws/install/moveit_msgs/local/lib/python3.10/dist-packages/moveit_msgs/srv/_check_if_robot_state_exists_in_warehouse.py
[243.808s] -- Installing: /home/xdkazer/Dual_Kuka_LLM_Bachelor/p5_ws/install/moveit_msgs/local/lib/python3.10/dist-packages/moveit_msgs/srv/_change_drift_dimensions_s.c
[243.808s] -- Installing: /home/xdkazer/Dual_Kuka_LLM_Bachelor/p5_ws/install/moveit_msgs/local/lib/python3.10/dist-packages/moveit_msgs/srv/_change_drift_dimensions.py
[243.808s] -- Installing: /home/xdkazer/Dual_Kuka_LLM_Bachelor/p5_ws/install/moveit_msgs/local/lib/python3.10/dist-packages/moveit_msgs/srv/_set_planner_params.py
[243.808s] -- Installing: /home/xdkazer/Dual_Kuka_LLM_Bachelor/p5_ws/install/moveit_msgs/local/lib/python3.10/dist-packages/moveit_msgs/srv/_rename_robot_state_in_warehouse_s.c
[243.808s] -- Installing: /home/xdkazer/Dual_Kuka_LLM_Bachelor/p5_ws/install/moveit_msgs/local/lib/python3.10/dist-packages/moveit_msgs/srv/_get_robot_state_from_warehouse.py
[243.808s] -- Installing: /home/xdkazer/Dual_Kuka_LLM_Bachelor/p5_ws/install/moveit_msgs/local/lib/python3.10/dist-packages/moveit_msgs/srv/_get_position_fk.py
[243.808s] -- Installing: /home/xdkazer/Dual_Kuka_LLM_Bachelor/p5_ws/install/moveit_msgs/local/lib/python3.10/dist-packages/moveit_msgs/srv/_get_planner_params_s.c
[243.808s] -- Installing: /home/xdkazer/Dual_Kuka_LLM_Bachelor/p5_ws/install/moveit_msgs/local/lib/python3.10/dist-packages/moveit_msgs/srv/_save_robot_state_to_warehouse.py
[243.808s] -- Installing: /home/xdkazer/Dual_Kuka_LLM_Bachelor/p5_ws/install/moveit_msgs/local/lib/python3.10/dist-packages/moveit_msgs/srv/_get_motion_plan.py
[243.809s] -- Installing: /home/xdkazer/Dual_Kuka_LLM_Bachelor/p5_ws/install/moveit_msgs/local/lib/python3.10/dist-packages/moveit_msgs/srv/_query_planner_interfaces.py
[243.809s] -- Installing: /home/xdkazer/Dual_Kuka_LLM_Bachelor/p5_ws/install/moveit_msgs/local/lib/python3.10/dist-packages/moveit_msgs/srv/_save_map.py
[243.809s] -- Installing: /home/xdkazer/Dual_Kuka_LLM_Bachelor/p5_ws/install/moveit_msgs/local/lib/python3.10/dist-packages/moveit_msgs/srv/_set_planner_params_s.c
[243.809s] -- Installing: /home/xdkazer/Dual_Kuka_LLM_Bachelor/p5_ws/install/moveit_msgs/local/lib/python3.10/dist-packages/moveit_msgs/srv/__init__.py
[243.809s] -- Installing: /home/xdkazer/Dual_Kuka_LLM_Bachelor/p5_ws/install/moveit_msgs/local/lib/python3.10/dist-packages/moveit_msgs/srv/_list_robot_states_in_warehouse_s.c
[243.809s] -- Installing: /home/xdkazer/Dual_Kuka_LLM_Bachelor/p5_ws/install/moveit_msgs/local/lib/python3.10/dist-packages/moveit_msgs/srv/_get_motion_plan_s.c
[243.810s] -- Installing: /home/xdkazer/Dual_Kuka_LLM_Bachelor/p5_ws/install/moveit_msgs/local/lib/python3.10/dist-packages/moveit_msgs/srv/_update_pointcloud_octomap.py
[243.810s] -- Installing: /home/xdkazer/Dual_Kuka_LLM_Bachelor/p5_ws/install/moveit_msgs/local/lib/python3.10/dist-packages/moveit_msgs/srv/_update_pointcloud_octomap_s.c
[243.811s] -- Installing: /home/xdkazer/Dual_Kuka_LLM_Bachelor/p5_ws/install/moveit_msgs/local/lib/python3.10/dist-packages/moveit_msgs/srv/_change_control_dimensions_s.c
[243.811s] -- Installing: /home/xdkazer/Dual_Kuka_LLM_Bachelor/p5_ws/install/moveit_msgs/local/lib/python3.10/dist-packages/moveit_msgs/srv/_get_position_ik.py
[243.811s] -- Installing: /home/xdkazer/Dual_Kuka_LLM_Bachelor/p5_ws/install/moveit_msgs/local/lib/python3.10/dist-packages/moveit_msgs/srv/_get_robot_state_from_warehouse_s.c
[243.811s] -- Installing: /home/xdkazer/Dual_Kuka_LLM_Bachelor/p5_ws/install/moveit_msgs/local/lib/python3.10/dist-packages/moveit_msgs/srv/_get_motion_sequence.py
[243.811s] -- Installing: /home/xdkazer/Dual_Kuka_LLM_Bachelor/p5_ws/install/moveit_msgs/local/lib/python3.10/dist-packages/moveit_msgs/srv/_get_position_fk_s.c
[243.811s] -- Installing: /home/xdkazer/Dual_Kuka_LLM_Bachelor/p5_ws/install/moveit_msgs/local/lib/python3.10/dist-packages/moveit_msgs/srv/_change_control_dimensions.py
[243.812s] -- Installing: /home/xdkazer/Dual_Kuka_LLM_Bachelor/p5_ws/install/moveit_msgs/local/lib/python3.10/dist-packages/moveit_msgs/srv/_get_cartesian_path.py
[243.812s] -- Installing: /home/xdkazer/Dual_Kuka_LLM_Bachelor/p5_ws/install/moveit_msgs/local/lib/python3.10/dist-packages/moveit_msgs/srv/_rename_robot_state_in_warehouse.py
[243.812s] -- Installing: /home/xdkazer/Dual_Kuka_LLM_Bachelor/p5_ws/install/moveit_msgs/local/lib/python3.10/dist-packages/moveit_msgs/srv/_grasp_planning.py
[243.813s] -- Installing: /home/xdkazer/Dual_Kuka_LLM_Bachelor/p5_ws/install/moveit_msgs/local/lib/python3.10/dist-packages/moveit_msgs/srv/_get_planning_scene_s.c
[243.814s] -- Installing: /home/xdkazer/Dual_Kuka_LLM_Bachelor/p5_ws/install/moveit_msgs/local/lib/python3.10/dist-packages/moveit_msgs/srv/_get_position_ik_s.c
[243.814s] -- Installing: /home/xdkazer/Dual_Kuka_LLM_Bachelor/p5_ws/install/moveit_msgs/local/lib/python3.10/dist-packages/moveit_msgs/srv/_load_map_s.c
[243.814s] -- Installing: /home/xdkazer/Dual_Kuka_LLM_Bachelor/p5_ws/install/moveit_msgs/local/lib/python3.10/dist-packages/moveit_msgs/srv/_save_robot_state_to_warehouse_s.c
[243.814s] -- Installing: /home/xdkazer/Dual_Kuka_LLM_Bachelor/p5_ws/install/moveit_msgs/local/lib/python3.10/dist-packages/moveit_msgs/srv/_apply_planning_scene_s.c
[243.814s] -- Installing: /home/xdkazer/Dual_Kuka_LLM_Bachelor/p5_ws/install/moveit_msgs/local/lib/python3.10/dist-packages/moveit_msgs/srv/_load_map.py
[243.814s] -- Installing: /home/xdkazer/Dual_Kuka_LLM_Bachelor/p5_ws/install/moveit_msgs/local/lib/python3.10/dist-packages/moveit_msgs/srv/_get_state_validity.py
[243.815s] -- Installing: /home/xdkazer/Dual_Kuka_LLM_Bachelor/p5_ws/install/moveit_msgs/local/lib/python3.10/dist-packages/moveit_msgs/srv/_query_planner_interfaces_s.c
[243.815s] -- Installing: /home/xdkazer/Dual_Kuka_LLM_Bachelor/p5_ws/install/moveit_msgs/local/lib/python3.10/dist-packages/moveit_msgs/_moveit_msgs_s.ep.rosidl_typesupport_introspection_c.c
[243.815s] -- Installing: /home/xdkazer/Dual_Kuka_LLM_Bachelor/p5_ws/install/moveit_msgs/local/lib/python3.10/dist-packages/moveit_msgs/action
[243.815s] -- Installing: /home/xdkazer/Dual_Kuka_LLM_Bachelor/p5_ws/install/moveit_msgs/local/lib/python3.10/dist-packages/moveit_msgs/action/_local_planner.py
[243.815s] -- Installing: /home/xdkazer/Dual_Kuka_LLM_Bachelor/p5_ws/install/moveit_msgs/local/lib/python3.10/dist-packages/moveit_msgs/action/_global_planner.py
[243.815s] -- Installing: /home/xdkazer/Dual_Kuka_LLM_Bachelor/p5_ws/install/moveit_msgs/local/lib/python3.10/dist-packages/moveit_msgs/action/_move_group_s.c
[243.815s] -- Installing: /home/xdkazer/Dual_Kuka_LLM_Bachelor/p5_ws/install/moveit_msgs/local/lib/python3.10/dist-packages/moveit_msgs/action/_local_planner_s.c
[243.815s] -- Installing: /home/xdkazer/Dual_Kuka_LLM_Bachelor/p5_ws/install/moveit_msgs/local/lib/python3.10/dist-packages/moveit_msgs/action/_move_group_sequence_s.c
[243.815s] -- Installing: /home/xdkazer/Dual_Kuka_LLM_Bachelor/p5_ws/install/moveit_msgs/local/lib/python3.10/dist-packages/moveit_msgs/action/_move_group.py
[243.815s] -- Installing: /home/xdkazer/Dual_Kuka_LLM_Bachelor/p5_ws/install/moveit_msgs/local/lib/python3.10/dist-packages/moveit_msgs/action/_move_group_sequence.py
[243.816s] -- Installing: /home/xdkazer/Dual_Kuka_LLM_Bachelor/p5_ws/install/moveit_msgs/local/lib/python3.10/dist-packages/moveit_msgs/action/__init__.py
[243.816s] -- Installing: /home/xdkazer/Dual_Kuka_LLM_Bachelor/p5_ws/install/moveit_msgs/local/lib/python3.10/dist-packages/moveit_msgs/action/_pickup.py
[243.816s] -- Installing: /home/xdkazer/Dual_Kuka_LLM_Bachelor/p5_ws/install/moveit_msgs/local/lib/python3.10/dist-packages/moveit_msgs/action/_hybrid_planner.py
[243.816s] -- Installing: /home/xdkazer/Dual_Kuka_LLM_Bachelor/p5_ws/install/moveit_msgs/local/lib/python3.10/dist-packages/moveit_msgs/action/_execute_trajectory_s.c
[243.817s] -- Installing: /home/xdkazer/Dual_Kuka_LLM_Bachelor/p5_ws/install/moveit_msgs/local/lib/python3.10/dist-packages/moveit_msgs/action/_execute_trajectory.py
[243.817s] -- Installing: /home/xdkazer/Dual_Kuka_LLM_Bachelor/p5_ws/install/moveit_msgs/local/lib/python3.10/dist-packages/moveit_msgs/action/_hybrid_planner_s.c
[243.817s] -- Installing: /home/xdkazer/Dual_Kuka_LLM_Bachelor/p5_ws/install/moveit_msgs/local/lib/python3.10/dist-packages/moveit_msgs/action/_global_planner_s.c
[243.817s] -- Installing: /home/xdkazer/Dual_Kuka_LLM_Bachelor/p5_ws/install/moveit_msgs/local/lib/python3.10/dist-packages/moveit_msgs/action/_place_s.c
[243.817s] -- Installing: /home/xdkazer/Dual_Kuka_LLM_Bachelor/p5_ws/install/moveit_msgs/local/lib/python3.10/dist-packages/moveit_msgs/action/_pickup_s.c
[243.818s] -- Installing: /home/xdkazer/Dual_Kuka_LLM_Bachelor/p5_ws/install/moveit_msgs/local/lib/python3.10/dist-packages/moveit_msgs/action/_place.py
[243.954s] Listing '/home/xdkazer/Dual_Kuka_LLM_Bachelor/p5_ws/install/moveit_msgs/local/lib/python3.10/dist-packages/moveit_msgs'...
[243.954s] Compiling '/home/xdkazer/Dual_Kuka_LLM_Bachelor/p5_ws/install/moveit_msgs/local/lib/python3.10/dist-packages/moveit_msgs/__init__.py'...
[243.955s] Listing '/home/xdkazer/Dual_Kuka_LLM_Bachelor/p5_ws/install/moveit_msgs/local/lib/python3.10/dist-packages/moveit_msgs/action'...
[243.955s] Compiling '/home/xdkazer/Dual_Kuka_LLM_Bachelor/p5_ws/install/moveit_msgs/local/lib/python3.10/dist-packages/moveit_msgs/action/__init__.py'...
[243.955s] Compiling '/home/xdkazer/Dual_Kuka_LLM_Bachelor/p5_ws/install/moveit_msgs/local/lib/python3.10/dist-packages/moveit_msgs/action/_execute_trajectory.py'...
[243.955s] Compiling '/home/xdkazer/Dual_Kuka_LLM_Bachelor/p5_ws/install/moveit_msgs/local/lib/python3.10/dist-packages/moveit_msgs/action/_global_planner.py'...
[243.955s] Compiling '/home/xdkazer/Dual_Kuka_LLM_Bachelor/p5_ws/install/moveit_msgs/local/lib/python3.10/dist-packages/moveit_msgs/action/_hybrid_planner.py'...
[243.955s] Compiling '/home/xdkazer/Dual_Kuka_LLM_Bachelor/p5_ws/install/moveit_msgs/local/lib/python3.10/dist-packages/moveit_msgs/action/_local_planner.py'...
[243.955s] Compiling '/home/xdkazer/Dual_Kuka_LLM_Bachelor/p5_ws/install/moveit_msgs/local/lib/python3.10/dist-packages/moveit_msgs/action/_move_group.py'...
[243.955s] Compiling '/home/xdkazer/Dual_Kuka_LLM_Bachelor/p5_ws/install/moveit_msgs/local/lib/python3.10/dist-packages/moveit_msgs/action/_move_group_sequence.py'...
[243.955s] Compiling '/home/xdkazer/Dual_Kuka_LLM_Bachelor/p5_ws/install/moveit_msgs/local/lib/python3.10/dist-packages/moveit_msgs/action/_pickup.py'...
[243.955s] Compiling '/home/xdkazer/Dual_Kuka_LLM_Bachelor/p5_ws/install/moveit_msgs/local/lib/python3.10/dist-packages/moveit_msgs/action/_place.py'...
[243.955s] Listing '/home/xdkazer/Dual_Kuka_LLM_Bachelor/p5_ws/install/moveit_msgs/local/lib/python3.10/dist-packages/moveit_msgs/msg'...
[243.955s] Compiling '/home/xdkazer/Dual_Kuka_LLM_Bachelor/p5_ws/install/moveit_msgs/local/lib/python3.10/dist-packages/moveit_msgs/msg/__init__.py'...
[243.955s] Compiling '/home/xdkazer/Dual_Kuka_LLM_Bachelor/p5_ws/install/moveit_msgs/local/lib/python3.10/dist-packages/moveit_msgs/msg/_allowed_collision_entry.py'...
[243.955s] Compiling '/home/xdkazer/Dual_Kuka_LLM_Bachelor/p5_ws/install/moveit_msgs/local/lib/python3.10/dist-packages/moveit_msgs/msg/_allowed_collision_matrix.py'...
[243.955s] Compiling '/home/xdkazer/Dual_Kuka_LLM_Bachelor/p5_ws/install/moveit_msgs/local/lib/python3.10/dist-packages/moveit_msgs/msg/_attached_collision_object.py'...
[243.955s] Compiling '/home/xdkazer/Dual_Kuka_LLM_Bachelor/p5_ws/install/moveit_msgs/local/lib/python3.10/dist-packages/moveit_msgs/msg/_bounding_volume.py'...
[243.955s] Compiling '/home/xdkazer/Dual_Kuka_LLM_Bachelor/p5_ws/install/moveit_msgs/local/lib/python3.10/dist-packages/moveit_msgs/msg/_cartesian_point.py'...
[243.956s] Compiling '/home/xdkazer/Dual_Kuka_LLM_Bachelor/p5_ws/install/moveit_msgs/local/lib/python3.10/dist-packages/moveit_msgs/msg/_cartesian_trajectory.py'...
[243.956s] Compiling '/home/xdkazer/Dual_Kuka_LLM_Bachelor/p5_ws/install/moveit_msgs/local/lib/python3.10/dist-packages/moveit_msgs/msg/_cartesian_trajectory_point.py'...
[243.956s] Compiling '/home/xdkazer/Dual_Kuka_LLM_Bachelor/p5_ws/install/moveit_msgs/local/lib/python3.10/dist-packages/moveit_msgs/msg/_collision_object.py'...
[243.956s] Compiling '/home/xdkazer/Dual_Kuka_LLM_Bachelor/p5_ws/install/moveit_msgs/local/lib/python3.10/dist-packages/moveit_msgs/msg/_constraint_eval_result.py'...
[243.956s] Compiling '/home/xdkazer/Dual_Kuka_LLM_Bachelor/p5_ws/install/moveit_msgs/local/lib/python3.10/dist-packages/moveit_msgs/msg/_constraints.py'...
[243.956s] Compiling '/home/xdkazer/Dual_Kuka_LLM_Bachelor/p5_ws/install/moveit_msgs/local/lib/python3.10/dist-packages/moveit_msgs/msg/_contact_information.py'...
[243.956s] Compiling '/home/xdkazer/Dual_Kuka_LLM_Bachelor/p5_ws/install/moveit_msgs/local/lib/python3.10/dist-packages/moveit_msgs/msg/_cost_source.py'...
[243.956s] Compiling '/home/xdkazer/Dual_Kuka_LLM_Bachelor/p5_ws/install/moveit_msgs/local/lib/python3.10/dist-packages/moveit_msgs/msg/_display_robot_state.py'...
[243.956s] Compiling '/home/xdkazer/Dual_Kuka_LLM_Bachelor/p5_ws/install/moveit_msgs/local/lib/python3.10/dist-packages/moveit_msgs/msg/_display_trajectory.py'...
[243.956s] Compiling '/home/xdkazer/Dual_Kuka_LLM_Bachelor/p5_ws/install/moveit_msgs/local/lib/python3.10/dist-packages/moveit_msgs/msg/_generic_trajectory.py'...
[243.956s] Compiling '/home/xdkazer/Dual_Kuka_LLM_Bachelor/p5_ws/install/moveit_msgs/local/lib/python3.10/dist-packages/moveit_msgs/msg/_grasp.py'...
[243.956s] Compiling '/home/xdkazer/Dual_Kuka_LLM_Bachelor/p5_ws/install/moveit_msgs/local/lib/python3.10/dist-packages/moveit_msgs/msg/_gripper_translation.py'...
[243.956s] Compiling '/home/xdkazer/Dual_Kuka_LLM_Bachelor/p5_ws/install/moveit_msgs/local/lib/python3.10/dist-packages/moveit_msgs/msg/_joint_constraint.py'...
[243.956s] Compiling '/home/xdkazer/Dual_Kuka_LLM_Bachelor/p5_ws/install/moveit_msgs/local/lib/python3.10/dist-packages/moveit_msgs/msg/_joint_limits.py'...
[243.956s] Compiling '/home/xdkazer/Dual_Kuka_LLM_Bachelor/p5_ws/install/moveit_msgs/local/lib/python3.10/dist-packages/moveit_msgs/msg/_kinematic_solver_info.py'...
[243.956s] Compiling '/home/xdkazer/Dual_Kuka_LLM_Bachelor/p5_ws/install/moveit_msgs/local/lib/python3.10/dist-packages/moveit_msgs/msg/_link_padding.py'...
[243.956s] Compiling '/home/xdkazer/Dual_Kuka_LLM_Bachelor/p5_ws/install/moveit_msgs/local/lib/python3.10/dist-packages/moveit_msgs/msg/_link_scale.py'...
[243.956s] Compiling '/home/xdkazer/Dual_Kuka_LLM_Bachelor/p5_ws/install/moveit_msgs/local/lib/python3.10/dist-packages/moveit_msgs/msg/_motion_plan_detailed_response.py'...
[243.956s] Compiling '/home/xdkazer/Dual_Kuka_LLM_Bachelor/p5_ws/install/moveit_msgs/local/lib/python3.10/dist-packages/moveit_msgs/msg/_motion_plan_request.py'...
[243.956s] Compiling '/home/xdkazer/Dual_Kuka_LLM_Bachelor/p5_ws/install/moveit_msgs/local/lib/python3.10/dist-packages/moveit_msgs/msg/_motion_plan_response.py'...
[243.957s] Compiling '/home/xdkazer/Dual_Kuka_LLM_Bachelor/p5_ws/install/moveit_msgs/local/lib/python3.10/dist-packages/moveit_msgs/msg/_motion_sequence_item.py'...
[243.957s] Compiling '/home/xdkazer/Dual_Kuka_LLM_Bachelor/p5_ws/install/moveit_msgs/local/lib/python3.10/dist-packages/moveit_msgs/msg/_motion_sequence_request.py'...
[243.957s] Compiling '/home/xdkazer/Dual_Kuka_LLM_Bachelor/p5_ws/install/moveit_msgs/local/lib/python3.10/dist-packages/moveit_msgs/msg/_motion_sequence_response.py'...
[243.957s] Compiling '/home/xdkazer/Dual_Kuka_LLM_Bachelor/p5_ws/install/moveit_msgs/local/lib/python3.10/dist-packages/moveit_msgs/msg/_move_it_error_codes.py'...
[243.957s] Compiling '/home/xdkazer/Dual_Kuka_LLM_Bachelor/p5_ws/install/moveit_msgs/local/lib/python3.10/dist-packages/moveit_msgs/msg/_object_color.py'...
[243.957s] Compiling '/home/xdkazer/Dual_Kuka_LLM_Bachelor/p5_ws/install/moveit_msgs/local/lib/python3.10/dist-packages/moveit_msgs/msg/_orientation_constraint.py'...
[243.957s] Compiling '/home/xdkazer/Dual_Kuka_LLM_Bachelor/p5_ws/install/moveit_msgs/local/lib/python3.10/dist-packages/moveit_msgs/msg/_oriented_bounding_box.py'...
[243.957s] Compiling '/home/xdkazer/Dual_Kuka_LLM_Bachelor/p5_ws/install/moveit_msgs/local/lib/python3.10/dist-packages/moveit_msgs/msg/_place_location.py'...
[243.957s] Compiling '/home/xdkazer/Dual_Kuka_LLM_Bachelor/p5_ws/install/moveit_msgs/local/lib/python3.10/dist-packages/moveit_msgs/msg/_planner_interface_description.py'...
[243.957s] Compiling '/home/xdkazer/Dual_Kuka_LLM_Bachelor/p5_ws/install/moveit_msgs/local/lib/python3.10/dist-packages/moveit_msgs/msg/_planner_params.py'...
[243.957s] Compiling '/home/xdkazer/Dual_Kuka_LLM_Bachelor/p5_ws/install/moveit_msgs/local/lib/python3.10/dist-packages/moveit_msgs/msg/_planning_options.py'...
[243.957s] Compiling '/home/xdkazer/Dual_Kuka_LLM_Bachelor/p5_ws/install/moveit_msgs/local/lib/python3.10/dist-packages/moveit_msgs/msg/_planning_scene.py'...
[243.957s] Compiling '/home/xdkazer/Dual_Kuka_LLM_Bachelor/p5_ws/install/moveit_msgs/local/lib/python3.10/dist-packages/moveit_msgs/msg/_planning_scene_components.py'...
[243.957s] Compiling '/home/xdkazer/Dual_Kuka_LLM_Bachelor/p5_ws/install/moveit_msgs/local/lib/python3.10/dist-packages/moveit_msgs/msg/_planning_scene_world.py'...
[243.957s] Compiling '/home/xdkazer/Dual_Kuka_LLM_Bachelor/p5_ws/install/moveit_msgs/local/lib/python3.10/dist-packages/moveit_msgs/msg/_position_constraint.py'...
[244.008s] Compiling '/home/xdkazer/Dual_Kuka_LLM_Bachelor/p5_ws/install/moveit_msgs/local/lib/python3.10/dist-packages/moveit_msgs/msg/_position_ik_request.py'...
[244.008s] Compiling '/home/xdkazer/Dual_Kuka_LLM_Bachelor/p5_ws/install/moveit_msgs/local/lib/python3.10/dist-packages/moveit_msgs/msg/_robot_state.py'...
[244.008s] Compiling '/home/xdkazer/Dual_Kuka_LLM_Bachelor/p5_ws/install/moveit_msgs/local/lib/python3.10/dist-packages/moveit_msgs/msg/_robot_trajectory.py'...
[244.008s] Compiling '/home/xdkazer/Dual_Kuka_LLM_Bachelor/p5_ws/install/moveit_msgs/local/lib/python3.10/dist-packages/moveit_msgs/msg/_trajectory_constraints.py'...
[244.008s] Compiling '/home/xdkazer/Dual_Kuka_LLM_Bachelor/p5_ws/install/moveit_msgs/local/lib/python3.10/dist-packages/moveit_msgs/msg/_visibility_constraint.py'...
[244.008s] Compiling '/home/xdkazer/Dual_Kuka_LLM_Bachelor/p5_ws/install/moveit_msgs/local/lib/python3.10/dist-packages/moveit_msgs/msg/_workspace_parameters.py'...
[244.008s] Listing '/home/xdkazer/Dual_Kuka_LLM_Bachelor/p5_ws/install/moveit_msgs/local/lib/python3.10/dist-packages/moveit_msgs/srv'...
[244.008s] Compiling '/home/xdkazer/Dual_Kuka_LLM_Bachelor/p5_ws/install/moveit_msgs/local/lib/python3.10/dist-packages/moveit_msgs/srv/__init__.py'...
[244.008s] Compiling '/home/xdkazer/Dual_Kuka_LLM_Bachelor/p5_ws/install/moveit_msgs/local/lib/python3.10/dist-packages/moveit_msgs/srv/_apply_planning_scene.py'...
[244.008s] Compiling '/home/xdkazer/Dual_Kuka_LLM_Bachelor/p5_ws/install/moveit_msgs/local/lib/python3.10/dist-packages/moveit_msgs/srv/_change_control_dimensions.py'...
[244.008s] Compiling '/home/xdkazer/Dual_Kuka_LLM_Bachelor/p5_ws/install/moveit_msgs/local/lib/python3.10/dist-packages/moveit_msgs/srv/_change_drift_dimensions.py'...
[244.008s] Compiling '/home/xdkazer/Dual_Kuka_LLM_Bachelor/p5_ws/install/moveit_msgs/local/lib/python3.10/dist-packages/moveit_msgs/srv/_check_if_robot_state_exists_in_warehouse.py'...
[244.008s] Compiling '/home/xdkazer/Dual_Kuka_LLM_Bachelor/p5_ws/install/moveit_msgs/local/lib/python3.10/dist-packages/moveit_msgs/srv/_delete_robot_state_from_warehouse.py'...
[244.008s] Compiling '/home/xdkazer/Dual_Kuka_LLM_Bachelor/p5_ws/install/moveit_msgs/local/lib/python3.10/dist-packages/moveit_msgs/srv/_get_cartesian_path.py'...
[244.009s] Compiling '/home/xdkazer/Dual_Kuka_LLM_Bachelor/p5_ws/install/moveit_msgs/local/lib/python3.10/dist-packages/moveit_msgs/srv/_get_motion_plan.py'...
[244.009s] Compiling '/home/xdkazer/Dual_Kuka_LLM_Bachelor/p5_ws/install/moveit_msgs/local/lib/python3.10/dist-packages/moveit_msgs/srv/_get_motion_sequence.py'...
[244.009s] Compiling '/home/xdkazer/Dual_Kuka_LLM_Bachelor/p5_ws/install/moveit_msgs/local/lib/python3.10/dist-packages/moveit_msgs/srv/_get_planner_params.py'...
[244.009s] Compiling '/home/xdkazer/Dual_Kuka_LLM_Bachelor/p5_ws/install/moveit_msgs/local/lib/python3.10/dist-packages/moveit_msgs/srv/_get_planning_scene.py'...
[244.009s] Compiling '/home/xdkazer/Dual_Kuka_LLM_Bachelor/p5_ws/install/moveit_msgs/local/lib/python3.10/dist-packages/moveit_msgs/srv/_get_position_fk.py'...
[244.009s] Compiling '/home/xdkazer/Dual_Kuka_LLM_Bachelor/p5_ws/install/moveit_msgs/local/lib/python3.10/dist-packages/moveit_msgs/srv/_get_position_ik.py'...
[244.009s] Compiling '/home/xdkazer/Dual_Kuka_LLM_Bachelor/p5_ws/install/moveit_msgs/local/lib/python3.10/dist-packages/moveit_msgs/srv/_get_robot_state_from_warehouse.py'...
[244.009s] Compiling '/home/xdkazer/Dual_Kuka_LLM_Bachelor/p5_ws/install/moveit_msgs/local/lib/python3.10/dist-packages/moveit_msgs/srv/_get_state_validity.py'...
[244.009s] Compiling '/home/xdkazer/Dual_Kuka_LLM_Bachelor/p5_ws/install/moveit_msgs/local/lib/python3.10/dist-packages/moveit_msgs/srv/_grasp_planning.py'...
[244.009s] Compiling '/home/xdkazer/Dual_Kuka_LLM_Bachelor/p5_ws/install/moveit_msgs/local/lib/python3.10/dist-packages/moveit_msgs/srv/_list_robot_states_in_warehouse.py'...
[244.009s] Compiling '/home/xdkazer/Dual_Kuka_LLM_Bachelor/p5_ws/install/moveit_msgs/local/lib/python3.10/dist-packages/moveit_msgs/srv/_load_map.py'...
[244.009s] Compiling '/home/xdkazer/Dual_Kuka_LLM_Bachelor/p5_ws/install/moveit_msgs/local/lib/python3.10/dist-packages/moveit_msgs/srv/_query_planner_interfaces.py'...
[244.009s] Compiling '/home/xdkazer/Dual_Kuka_LLM_Bachelor/p5_ws/install/moveit_msgs/local/lib/python3.10/dist-packages/moveit_msgs/srv/_rename_robot_state_in_warehouse.py'...
[244.009s] Compiling '/home/xdkazer/Dual_Kuka_LLM_Bachelor/p5_ws/install/moveit_msgs/local/lib/python3.10/dist-packages/moveit_msgs/srv/_save_map.py'...
[244.009s] Compiling '/home/xdkazer/Dual_Kuka_LLM_Bachelor/p5_ws/install/moveit_msgs/local/lib/python3.10/dist-packages/moveit_msgs/srv/_save_robot_state_to_warehouse.py'...
[244.009s] Compiling '/home/xdkazer/Dual_Kuka_LLM_Bachelor/p5_ws/install/moveit_msgs/local/lib/python3.10/dist-packages/moveit_msgs/srv/_set_planner_params.py'...
[244.009s] Compiling '/home/xdkazer/Dual_Kuka_LLM_Bachelor/p5_ws/install/moveit_msgs/local/lib/python3.10/dist-packages/moveit_msgs/srv/_update_pointcloud_octomap.py'...
[244.017s] -- Installing: /home/xdkazer/Dual_Kuka_LLM_Bachelor/p5_ws/install/moveit_msgs/local/lib/python3.10/dist-packages/moveit_msgs/moveit_msgs_s__rosidl_typesupport_fastrtps_c.cpython-310-x86_64-linux-gnu.so
[244.020s] -- Set runtime path of "/home/xdkazer/Dual_Kuka_LLM_Bachelor/p5_ws/install/moveit_msgs/local/lib/python3.10/dist-packages/moveit_msgs/moveit_msgs_s__rosidl_typesupport_fastrtps_c.cpython-310-x86_64-linux-gnu.so" to ""
[244.020s] -- Installing: /home/xdkazer/Dual_Kuka_LLM_Bachelor/p5_ws/install/moveit_msgs/local/lib/python3.10/dist-packages/moveit_msgs/moveit_msgs_s__rosidl_typesupport_introspection_c.cpython-310-x86_64-linux-gnu.so
[244.021s] -- Set runtime path of "/home/xdkazer/Dual_Kuka_LLM_Bachelor/p5_ws/install/moveit_msgs/local/lib/python3.10/dist-packages/moveit_msgs/moveit_msgs_s__rosidl_typesupport_introspection_c.cpython-310-x86_64-linux-gnu.so" to ""
[244.023s] -- Installing: /home/xdkazer/Dual_Kuka_LLM_Bachelor/p5_ws/install/moveit_msgs/local/lib/python3.10/dist-packages/moveit_msgs/moveit_msgs_s__rosidl_typesupport_c.cpython-310-x86_64-linux-gnu.so
[244.023s] -- Set runtime path of "/home/xdkazer/Dual_Kuka_LLM_Bachelor/p5_ws/install/moveit_msgs/local/lib/python3.10/dist-packages/moveit_msgs/moveit_msgs_s__rosidl_typesupport_c.cpython-310-x86_64-linux-gnu.so" to ""
[244.023s] -- Installing: /home/xdkazer/Dual_Kuka_LLM_Bachelor/p5_ws/install/moveit_msgs/lib/libmoveit_msgs__rosidl_generator_py.so
[244.024s] -- Set runtime path of "/home/xdkazer/Dual_Kuka_LLM_Bachelor/p5_ws/install/moveit_msgs/lib/libmoveit_msgs__rosidl_generator_py.so" to ""
[244.024s] -- Installing: /home/xdkazer/Dual_Kuka_LLM_Bachelor/p5_ws/install/moveit_msgs/share/moveit_msgs/msg/AllowedCollisionEntry.idl
[244.024s] -- Installing: /home/xdkazer/Dual_Kuka_LLM_Bachelor/p5_ws/install/moveit_msgs/share/moveit_msgs/msg/AllowedCollisionMatrix.idl
[244.024s] -- Installing: /home/xdkazer/Dual_Kuka_LLM_Bachelor/p5_ws/install/moveit_msgs/share/moveit_msgs/msg/AttachedCollisionObject.idl
[244.025s] -- Installing: /home/xdkazer/Dual_Kuka_LLM_Bachelor/p5_ws/install/moveit_msgs/share/moveit_msgs/msg/BoundingVolume.idl
[244.025s] -- Installing: /home/xdkazer/Dual_Kuka_LLM_Bachelor/p5_ws/install/moveit_msgs/share/moveit_msgs/msg/CartesianPoint.idl
[244.026s] -- Installing: /home/xdkazer/Dual_Kuka_LLM_Bachelor/p5_ws/install/moveit_msgs/share/moveit_msgs/msg/CartesianTrajectory.idl
[244.026s] -- Installing: /home/xdkazer/Dual_Kuka_LLM_Bachelor/p5_ws/install/moveit_msgs/share/moveit_msgs/msg/CartesianTrajectoryPoint.idl
[244.026s] -- Installing: /home/xdkazer/Dual_Kuka_LLM_Bachelor/p5_ws/install/moveit_msgs/share/moveit_msgs/msg/CollisionObject.idl
[244.027s] -- Installing: /home/xdkazer/Dual_Kuka_LLM_Bachelor/p5_ws/install/moveit_msgs/share/moveit_msgs/msg/ConstraintEvalResult.idl
[244.027s] -- Installing: /home/xdkazer/Dual_Kuka_LLM_Bachelor/p5_ws/install/moveit_msgs/share/moveit_msgs/msg/Constraints.idl
[244.028s] -- Installing: /home/xdkazer/Dual_Kuka_LLM_Bachelor/p5_ws/install/moveit_msgs/share/moveit_msgs/msg/CostSource.idl
[244.028s] -- Installing: /home/xdkazer/Dual_Kuka_LLM_Bachelor/p5_ws/install/moveit_msgs/share/moveit_msgs/msg/ContactInformation.idl
[244.028s] -- Installing: /home/xdkazer/Dual_Kuka_LLM_Bachelor/p5_ws/install/moveit_msgs/share/moveit_msgs/msg/DisplayTrajectory.idl
[244.028s] -- Installing: /home/xdkazer/Dual_Kuka_LLM_Bachelor/p5_ws/install/moveit_msgs/share/moveit_msgs/msg/DisplayRobotState.idl
[244.029s] -- Installing: /home/xdkazer/Dual_Kuka_LLM_Bachelor/p5_ws/install/moveit_msgs/share/moveit_msgs/msg/GenericTrajectory.idl
[244.030s] -- Installing: /home/xdkazer/Dual_Kuka_LLM_Bachelor/p5_ws/install/moveit_msgs/share/moveit_msgs/msg/Grasp.idl
[244.030s] -- Installing: /home/xdkazer/Dual_Kuka_LLM_Bachelor/p5_ws/install/moveit_msgs/share/moveit_msgs/msg/GripperTranslation.idl
[244.031s] -- Installing: /home/xdkazer/Dual_Kuka_LLM_Bachelor/p5_ws/install/moveit_msgs/share/moveit_msgs/msg/JointConstraint.idl
[244.031s] -- Installing: /home/xdkazer/Dual_Kuka_LLM_Bachelor/p5_ws/install/moveit_msgs/share/moveit_msgs/msg/JointLimits.idl
[244.031s] -- Installing: /home/xdkazer/Dual_Kuka_LLM_Bachelor/p5_ws/install/moveit_msgs/share/moveit_msgs/msg/LinkPadding.idl
[244.032s] -- Installing: /home/xdkazer/Dual_Kuka_LLM_Bachelor/p5_ws/install/moveit_msgs/share/moveit_msgs/msg/LinkScale.idl
[244.032s] -- Installing: /home/xdkazer/Dual_Kuka_LLM_Bachelor/p5_ws/install/moveit_msgs/share/moveit_msgs/msg/MotionPlanRequest.idl
[244.032s] -- Installing: /home/xdkazer/Dual_Kuka_LLM_Bachelor/p5_ws/install/moveit_msgs/share/moveit_msgs/msg/MotionPlanResponse.idl
[244.033s] -- Installing: /home/xdkazer/Dual_Kuka_LLM_Bachelor/p5_ws/install/moveit_msgs/share/moveit_msgs/msg/MotionPlanDetailedResponse.idl
[244.033s] -- Installing: /home/xdkazer/Dual_Kuka_LLM_Bachelor/p5_ws/install/moveit_msgs/share/moveit_msgs/msg/MotionSequenceItem.idl
[244.033s] -- Installing: /home/xdkazer/Dual_Kuka_LLM_Bachelor/p5_ws/install/moveit_msgs/share/moveit_msgs/msg/MotionSequenceRequest.idl
[244.033s] -- Installing: /home/xdkazer/Dual_Kuka_LLM_Bachelor/p5_ws/install/moveit_msgs/share/moveit_msgs/msg/MotionSequenceResponse.idl
[244.034s] -- Installing: /home/xdkazer/Dual_Kuka_LLM_Bachelor/p5_ws/install/moveit_msgs/share/moveit_msgs/msg/MoveItErrorCodes.idl
[244.034s] -- Installing: /home/xdkazer/Dual_Kuka_LLM_Bachelor/p5_ws/install/moveit_msgs/share/moveit_msgs/msg/TrajectoryConstraints.idl
[244.034s] -- Installing: /home/xdkazer/Dual_Kuka_LLM_Bachelor/p5_ws/install/moveit_msgs/share/moveit_msgs/msg/ObjectColor.idl
[244.035s] -- Installing: /home/xdkazer/Dual_Kuka_LLM_Bachelor/p5_ws/install/moveit_msgs/share/moveit_msgs/msg/OrientationConstraint.idl
[244.035s] -- Installing: /home/xdkazer/Dual_Kuka_LLM_Bachelor/p5_ws/install/moveit_msgs/share/moveit_msgs/msg/OrientedBoundingBox.idl
[244.036s] -- Installing: /home/xdkazer/Dual_Kuka_LLM_Bachelor/p5_ws/install/moveit_msgs/share/moveit_msgs/msg/PlaceLocation.idl
[244.036s] -- Installing: /home/xdkazer/Dual_Kuka_LLM_Bachelor/p5_ws/install/moveit_msgs/share/moveit_msgs/msg/PlannerInterfaceDescription.idl
[244.036s] -- Installing: /home/xdkazer/Dual_Kuka_LLM_Bachelor/p5_ws/install/moveit_msgs/share/moveit_msgs/msg/PlannerParams.idl
[244.037s] -- Installing: /home/xdkazer/Dual_Kuka_LLM_Bachelor/p5_ws/install/moveit_msgs/share/moveit_msgs/msg/PlanningScene.idl
[244.037s] -- Installing: /home/xdkazer/Dual_Kuka_LLM_Bachelor/p5_ws/install/moveit_msgs/share/moveit_msgs/msg/PlanningSceneComponents.idl
[244.038s] -- Installing: /home/xdkazer/Dual_Kuka_LLM_Bachelor/p5_ws/install/moveit_msgs/share/moveit_msgs/msg/PlanningSceneWorld.idl
[244.038s] -- Installing: /home/xdkazer/Dual_Kuka_LLM_Bachelor/p5_ws/install/moveit_msgs/share/moveit_msgs/msg/PlanningOptions.idl
[244.038s] -- Installing: /home/xdkazer/Dual_Kuka_LLM_Bachelor/p5_ws/install/moveit_msgs/share/moveit_msgs/msg/PositionConstraint.idl
[244.039s] -- Installing: /home/xdkazer/Dual_Kuka_LLM_Bachelor/p5_ws/install/moveit_msgs/share/moveit_msgs/msg/RobotState.idl
[244.039s] -- Installing: /home/xdkazer/Dual_Kuka_LLM_Bachelor/p5_ws/install/moveit_msgs/share/moveit_msgs/msg/RobotTrajectory.idl
[244.039s] -- Installing: /home/xdkazer/Dual_Kuka_LLM_Bachelor/p5_ws/install/moveit_msgs/share/moveit_msgs/msg/VisibilityConstraint.idl
[244.041s] -- Installing: /home/xdkazer/Dual_Kuka_LLM_Bachelor/p5_ws/install/moveit_msgs/share/moveit_msgs/msg/WorkspaceParameters.idl
[244.041s] -- Installing: /home/xdkazer/Dual_Kuka_LLM_Bachelor/p5_ws/install/moveit_msgs/share/moveit_msgs/msg/KinematicSolverInfo.idl
[244.041s] -- Installing: /home/xdkazer/Dual_Kuka_LLM_Bachelor/p5_ws/install/moveit_msgs/share/moveit_msgs/msg/PositionIKRequest.idl
[244.042s] -- Installing: /home/xdkazer/Dual_Kuka_LLM_Bachelor/p5_ws/install/moveit_msgs/share/moveit_msgs/srv/GetMotionPlan.idl
[244.042s] -- Installing: /home/xdkazer/Dual_Kuka_LLM_Bachelor/p5_ws/install/moveit_msgs/share/moveit_msgs/srv/GetStateValidity.idl
[244.043s] -- Installing: /home/xdkazer/Dual_Kuka_LLM_Bachelor/p5_ws/install/moveit_msgs/share/moveit_msgs/srv/GetCartesianPath.idl
[244.043s] -- Installing: /home/xdkazer/Dual_Kuka_LLM_Bachelor/p5_ws/install/moveit_msgs/share/moveit_msgs/srv/GetPlanningScene.idl
[244.043s] -- Installing: /home/xdkazer/Dual_Kuka_LLM_Bachelor/p5_ws/install/moveit_msgs/share/moveit_msgs/srv/GraspPlanning.idl
[244.044s] -- Installing: /home/xdkazer/Dual_Kuka_LLM_Bachelor/p5_ws/install/moveit_msgs/share/moveit_msgs/srv/ApplyPlanningScene.idl
[244.044s] -- Installing: /home/xdkazer/Dual_Kuka_LLM_Bachelor/p5_ws/install/moveit_msgs/share/moveit_msgs/srv/QueryPlannerInterfaces.idl
[244.044s] -- Installing: /home/xdkazer/Dual_Kuka_LLM_Bachelor/p5_ws/install/moveit_msgs/share/moveit_msgs/srv/GetMotionSequence.idl
[244.044s] -- Installing: /home/xdkazer/Dual_Kuka_LLM_Bachelor/p5_ws/install/moveit_msgs/share/moveit_msgs/srv/GetPositionFK.idl
[244.045s] -- Installing: /home/xdkazer/Dual_Kuka_LLM_Bachelor/p5_ws/install/moveit_msgs/share/moveit_msgs/srv/GetPositionIK.idl
[244.045s] -- Installing: /home/xdkazer/Dual_Kuka_LLM_Bachelor/p5_ws/install/moveit_msgs/share/moveit_msgs/srv/GetPlannerParams.idl
[244.045s] -- Installing: /home/xdkazer/Dual_Kuka_LLM_Bachelor/p5_ws/install/moveit_msgs/share/moveit_msgs/srv/SetPlannerParams.idl
[244.046s] -- Installing: /home/xdkazer/Dual_Kuka_LLM_Bachelor/p5_ws/install/moveit_msgs/share/moveit_msgs/srv/UpdatePointcloudOctomap.idl
[244.047s] -- Installing: /home/xdkazer/Dual_Kuka_LLM_Bachelor/p5_ws/install/moveit_msgs/share/moveit_msgs/srv/SaveMap.idl
[244.047s] -- Installing: /home/xdkazer/Dual_Kuka_LLM_Bachelor/p5_ws/install/moveit_msgs/share/moveit_msgs/srv/LoadMap.idl
[244.047s] -- Installing: /home/xdkazer/Dual_Kuka_LLM_Bachelor/p5_ws/install/moveit_msgs/share/moveit_msgs/srv/SaveRobotStateToWarehouse.idl
[244.047s] -- Installing: /home/xdkazer/Dual_Kuka_LLM_Bachelor/p5_ws/install/moveit_msgs/share/moveit_msgs/srv/ListRobotStatesInWarehouse.idl
[244.047s] -- Installing: /home/xdkazer/Dual_Kuka_LLM_Bachelor/p5_ws/install/moveit_msgs/share/moveit_msgs/srv/GetRobotStateFromWarehouse.idl
[244.048s] -- Installing: /home/xdkazer/Dual_Kuka_LLM_Bachelor/p5_ws/install/moveit_msgs/share/moveit_msgs/srv/CheckIfRobotStateExistsInWarehouse.idl
[244.049s] -- Installing: /home/xdkazer/Dual_Kuka_LLM_Bachelor/p5_ws/install/moveit_msgs/share/moveit_msgs/srv/RenameRobotStateInWarehouse.idl
[244.049s] -- Installing: /home/xdkazer/Dual_Kuka_LLM_Bachelor/p5_ws/install/moveit_msgs/share/moveit_msgs/srv/DeleteRobotStateFromWarehouse.idl
[244.049s] -- Installing: /home/xdkazer/Dual_Kuka_LLM_Bachelor/p5_ws/install/moveit_msgs/share/moveit_msgs/srv/ChangeControlDimensions.idl
[244.050s] -- Installing: /home/xdkazer/Dual_Kuka_LLM_Bachelor/p5_ws/install/moveit_msgs/share/moveit_msgs/srv/ChangeDriftDimensions.idl
[244.050s] -- Installing: /home/xdkazer/Dual_Kuka_LLM_Bachelor/p5_ws/install/moveit_msgs/share/moveit_msgs/action/ExecuteTrajectory.idl
[244.050s] -- Installing: /home/xdkazer/Dual_Kuka_LLM_Bachelor/p5_ws/install/moveit_msgs/share/moveit_msgs/action/MoveGroup.idl
[244.051s] -- Installing: /home/xdkazer/Dual_Kuka_LLM_Bachelor/p5_ws/install/moveit_msgs/share/moveit_msgs/action/MoveGroupSequence.idl
[244.051s] -- Installing: /home/xdkazer/Dual_Kuka_LLM_Bachelor/p5_ws/install/moveit_msgs/share/moveit_msgs/action/Pickup.idl
[244.051s] -- Installing: /home/xdkazer/Dual_Kuka_LLM_Bachelor/p5_ws/install/moveit_msgs/share/moveit_msgs/action/Place.idl
[244.052s] -- Installing: /home/xdkazer/Dual_Kuka_LLM_Bachelor/p5_ws/install/moveit_msgs/share/moveit_msgs/action/LocalPlanner.idl
[244.052s] -- Installing: /home/xdkazer/Dual_Kuka_LLM_Bachelor/p5_ws/install/moveit_msgs/share/moveit_msgs/action/GlobalPlanner.idl
[244.053s] -- Installing: /home/xdkazer/Dual_Kuka_LLM_Bachelor/p5_ws/install/moveit_msgs/share/moveit_msgs/action/HybridPlanner.idl
[244.053s] -- Installing: /home/xdkazer/Dual_Kuka_LLM_Bachelor/p5_ws/install/moveit_msgs/share/moveit_msgs/msg/AllowedCollisionEntry.msg
[244.054s] -- Installing: /home/xdkazer/Dual_Kuka_LLM_Bachelor/p5_ws/install/moveit_msgs/share/moveit_msgs/msg/AllowedCollisionMatrix.msg
[244.054s] -- Installing: /home/xdkazer/Dual_Kuka_LLM_Bachelor/p5_ws/install/moveit_msgs/share/moveit_msgs/msg/AttachedCollisionObject.msg
[244.054s] -- Installing: /home/xdkazer/Dual_Kuka_LLM_Bachelor/p5_ws/install/moveit_msgs/share/moveit_msgs/msg/BoundingVolume.msg
[244.054s] -- Installing: /home/xdkazer/Dual_Kuka_LLM_Bachelor/p5_ws/install/moveit_msgs/share/moveit_msgs/msg/CartesianPoint.msg
[244.055s] -- Installing: /home/xdkazer/Dual_Kuka_LLM_Bachelor/p5_ws/install/moveit_msgs/share/moveit_msgs/msg/CartesianTrajectory.msg
[244.056s] -- Installing: /home/xdkazer/Dual_Kuka_LLM_Bachelor/p5_ws/install/moveit_msgs/share/moveit_msgs/msg/CartesianTrajectoryPoint.msg
[244.056s] -- Installing: /home/xdkazer/Dual_Kuka_LLM_Bachelor/p5_ws/install/moveit_msgs/share/moveit_msgs/msg/CollisionObject.msg
[244.057s] -- Installing: /home/xdkazer/Dual_Kuka_LLM_Bachelor/p5_ws/install/moveit_msgs/share/moveit_msgs/msg/ConstraintEvalResult.msg
[244.057s] -- Installing: /home/xdkazer/Dual_Kuka_LLM_Bachelor/p5_ws/install/moveit_msgs/share/moveit_msgs/msg/Constraints.msg
[244.057s] -- Installing: /home/xdkazer/Dual_Kuka_LLM_Bachelor/p5_ws/install/moveit_msgs/share/moveit_msgs/msg/CostSource.msg
[244.058s] -- Installing: /home/xdkazer/Dual_Kuka_LLM_Bachelor/p5_ws/install/moveit_msgs/share/moveit_msgs/msg/ContactInformation.msg
[244.058s] -- Installing: /home/xdkazer/Dual_Kuka_LLM_Bachelor/p5_ws/install/moveit_msgs/share/moveit_msgs/msg/DisplayTrajectory.msg
[244.060s] -- Installing: /home/xdkazer/Dual_Kuka_LLM_Bachelor/p5_ws/install/moveit_msgs/share/moveit_msgs/msg/DisplayRobotState.msg
[244.060s] -- Installing: /home/xdkazer/Dual_Kuka_LLM_Bachelor/p5_ws/install/moveit_msgs/share/moveit_msgs/msg/GenericTrajectory.msg
[244.060s] -- Installing: /home/xdkazer/Dual_Kuka_LLM_Bachelor/p5_ws/install/moveit_msgs/share/moveit_msgs/msg/Grasp.msg
[244.060s] -- Installing: /home/xdkazer/Dual_Kuka_LLM_Bachelor/p5_ws/install/moveit_msgs/share/moveit_msgs/msg/GripperTranslation.msg
[244.060s] -- Installing: /home/xdkazer/Dual_Kuka_LLM_Bachelor/p5_ws/install/moveit_msgs/share/moveit_msgs/msg/JointConstraint.msg
[244.062s] -- Installing: /home/xdkazer/Dual_Kuka_LLM_Bachelor/p5_ws/install/moveit_msgs/share/moveit_msgs/msg/JointLimits.msg
[244.062s] -- Installing: /home/xdkazer/Dual_Kuka_LLM_Bachelor/p5_ws/install/moveit_msgs/share/moveit_msgs/msg/LinkPadding.msg
[244.062s] -- Installing: /home/xdkazer/Dual_Kuka_LLM_Bachelor/p5_ws/install/moveit_msgs/share/moveit_msgs/msg/LinkScale.msg
[244.062s] -- Installing: /home/xdkazer/Dual_Kuka_LLM_Bachelor/p5_ws/install/moveit_msgs/share/moveit_msgs/msg/MotionPlanRequest.msg
[244.062s] -- Installing: /home/xdkazer/Dual_Kuka_LLM_Bachelor/p5_ws/install/moveit_msgs/share/moveit_msgs/msg/MotionPlanResponse.msg
[244.062s] -- Installing: /home/xdkazer/Dual_Kuka_LLM_Bachelor/p5_ws/install/moveit_msgs/share/moveit_msgs/msg/MotionPlanDetailedResponse.msg
[244.065s] -- Installing: /home/xdkazer/Dual_Kuka_LLM_Bachelor/p5_ws/install/moveit_msgs/share/moveit_msgs/msg/MotionSequenceItem.msg
[244.065s] -- Installing: /home/xdkazer/Dual_Kuka_LLM_Bachelor/p5_ws/install/moveit_msgs/share/moveit_msgs/msg/MotionSequenceRequest.msg
[244.065s] -- Installing: /home/xdkazer/Dual_Kuka_LLM_Bachelor/p5_ws/install/moveit_msgs/share/moveit_msgs/msg/MotionSequenceResponse.msg
[244.065s] -- Installing: /home/xdkazer/Dual_Kuka_LLM_Bachelor/p5_ws/install/moveit_msgs/share/moveit_msgs/msg/MoveItErrorCodes.msg
[244.066s] -- Installing: /home/xdkazer/Dual_Kuka_LLM_Bachelor/p5_ws/install/moveit_msgs/share/moveit_msgs/msg/TrajectoryConstraints.msg
[244.066s] -- Installing: /home/xdkazer/Dual_Kuka_LLM_Bachelor/p5_ws/install/moveit_msgs/share/moveit_msgs/msg/ObjectColor.msg
[244.066s] -- Installing: /home/xdkazer/Dual_Kuka_LLM_Bachelor/p5_ws/install/moveit_msgs/share/moveit_msgs/msg/OrientationConstraint.msg
[244.066s] -- Installing: /home/xdkazer/Dual_Kuka_LLM_Bachelor/p5_ws/install/moveit_msgs/share/moveit_msgs/msg/OrientedBoundingBox.msg
[244.066s] -- Installing: /home/xdkazer/Dual_Kuka_LLM_Bachelor/p5_ws/install/moveit_msgs/share/moveit_msgs/msg/PlaceLocation.msg
[244.066s] -- Installing: /home/xdkazer/Dual_Kuka_LLM_Bachelor/p5_ws/install/moveit_msgs/share/moveit_msgs/msg/PlannerInterfaceDescription.msg
[244.066s] -- Installing: /home/xdkazer/Dual_Kuka_LLM_Bachelor/p5_ws/install/moveit_msgs/share/moveit_msgs/msg/PlannerParams.msg
[244.066s] -- Installing: /home/xdkazer/Dual_Kuka_LLM_Bachelor/p5_ws/install/moveit_msgs/share/moveit_msgs/msg/PlanningScene.msg
[244.067s] -- Installing: /home/xdkazer/Dual_Kuka_LLM_Bachelor/p5_ws/install/moveit_msgs/share/moveit_msgs/msg/PlanningSceneComponents.msg
[244.067s] -- Installing: /home/xdkazer/Dual_Kuka_LLM_Bachelor/p5_ws/install/moveit_msgs/share/moveit_msgs/msg/PlanningSceneWorld.msg
[244.067s] -- Installing: /home/xdkazer/Dual_Kuka_LLM_Bachelor/p5_ws/install/moveit_msgs/share/moveit_msgs/msg/PlanningOptions.msg
[244.067s] -- Installing: /home/xdkazer/Dual_Kuka_LLM_Bachelor/p5_ws/install/moveit_msgs/share/moveit_msgs/msg/PositionConstraint.msg
[244.068s] -- Installing: /home/xdkazer/Dual_Kuka_LLM_Bachelor/p5_ws/install/moveit_msgs/share/moveit_msgs/msg/RobotState.msg
[244.068s] -- Installing: /home/xdkazer/Dual_Kuka_LLM_Bachelor/p5_ws/install/moveit_msgs/share/moveit_msgs/msg/RobotTrajectory.msg
[244.068s] -- Installing: /home/xdkazer/Dual_Kuka_LLM_Bachelor/p5_ws/install/moveit_msgs/share/moveit_msgs/msg/VisibilityConstraint.msg
[244.068s] -- Installing: /home/xdkazer/Dual_Kuka_LLM_Bachelor/p5_ws/install/moveit_msgs/share/moveit_msgs/msg/WorkspaceParameters.msg
[244.068s] -- Installing: /home/xdkazer/Dual_Kuka_LLM_Bachelor/p5_ws/install/moveit_msgs/share/moveit_msgs/msg/KinematicSolverInfo.msg
[244.068s] -- Installing: /home/xdkazer/Dual_Kuka_LLM_Bachelor/p5_ws/install/moveit_msgs/share/moveit_msgs/msg/PositionIKRequest.msg
[244.069s] -- Installing: /home/xdkazer/Dual_Kuka_LLM_Bachelor/p5_ws/install/moveit_msgs/share/moveit_msgs/srv/GetMotionPlan.srv
[244.069s] -- Installing: /home/xdkazer/Dual_Kuka_LLM_Bachelor/p5_ws/install/moveit_msgs/share/moveit_msgs/srv/GetMotionPlan_Request.msg
[244.069s] -- Installing: /home/xdkazer/Dual_Kuka_LLM_Bachelor/p5_ws/install/moveit_msgs/share/moveit_msgs/srv/GetMotionPlan_Response.msg
[244.069s] -- Installing: /home/xdkazer/Dual_Kuka_LLM_Bachelor/p5_ws/install/moveit_msgs/share/moveit_msgs/srv/GetStateValidity.srv
[244.069s] -- Installing: /home/xdkazer/Dual_Kuka_LLM_Bachelor/p5_ws/install/moveit_msgs/share/moveit_msgs/srv/GetStateValidity_Request.msg
[244.069s] -- Installing: /home/xdkazer/Dual_Kuka_LLM_Bachelor/p5_ws/install/moveit_msgs/share/moveit_msgs/srv/GetStateValidity_Response.msg
[244.070s] -- Installing: /home/xdkazer/Dual_Kuka_LLM_Bachelor/p5_ws/install/moveit_msgs/share/moveit_msgs/srv/GetCartesianPath.srv
[244.070s] -- Installing: /home/xdkazer/Dual_Kuka_LLM_Bachelor/p5_ws/install/moveit_msgs/share/moveit_msgs/srv/GetCartesianPath_Request.msg
[244.070s] -- Installing: /home/xdkazer/Dual_Kuka_LLM_Bachelor/p5_ws/install/moveit_msgs/share/moveit_msgs/srv/GetCartesianPath_Response.msg
[244.070s] -- Installing: /home/xdkazer/Dual_Kuka_LLM_Bachelor/p5_ws/install/moveit_msgs/share/moveit_msgs/srv/GetPlanningScene.srv
[244.071s] -- Installing: /home/xdkazer/Dual_Kuka_LLM_Bachelor/p5_ws/install/moveit_msgs/share/moveit_msgs/srv/GetPlanningScene_Request.msg
[244.071s] -- Installing: /home/xdkazer/Dual_Kuka_LLM_Bachelor/p5_ws/install/moveit_msgs/share/moveit_msgs/srv/GetPlanningScene_Response.msg
[244.071s] -- Installing: /home/xdkazer/Dual_Kuka_LLM_Bachelor/p5_ws/install/moveit_msgs/share/moveit_msgs/srv/GraspPlanning.srv
[244.071s] -- Installing: /home/xdkazer/Dual_Kuka_LLM_Bachelor/p5_ws/install/moveit_msgs/share/moveit_msgs/srv/GraspPlanning_Request.msg
[244.072s] -- Installing: /home/xdkazer/Dual_Kuka_LLM_Bachelor/p5_ws/install/moveit_msgs/share/moveit_msgs/srv/GraspPlanning_Response.msg
[244.072s] -- Installing: /home/xdkazer/Dual_Kuka_LLM_Bachelor/p5_ws/install/moveit_msgs/share/moveit_msgs/srv/ApplyPlanningScene.srv
[244.073s] -- Installing: /home/xdkazer/Dual_Kuka_LLM_Bachelor/p5_ws/install/moveit_msgs/share/moveit_msgs/srv/ApplyPlanningScene_Request.msg
[244.073s] -- Installing: /home/xdkazer/Dual_Kuka_LLM_Bachelor/p5_ws/install/moveit_msgs/share/moveit_msgs/srv/ApplyPlanningScene_Response.msg
[244.089s] -- Installing: /home/xdkazer/Dual_Kuka_LLM_Bachelor/p5_ws/install/moveit_msgs/share/moveit_msgs/srv/QueryPlannerInterfaces.srv
[244.090s] -- Installing: /home/xdkazer/Dual_Kuka_LLM_Bachelor/p5_ws/install/moveit_msgs/share/moveit_msgs/srv/QueryPlannerInterfaces_Request.msg
[244.090s] -- Installing: /home/xdkazer/Dual_Kuka_LLM_Bachelor/p5_ws/install/moveit_msgs/share/moveit_msgs/srv/QueryPlannerInterfaces_Response.msg
[244.090s] -- Installing: /home/xdkazer/Dual_Kuka_LLM_Bachelor/p5_ws/install/moveit_msgs/share/moveit_msgs/srv/GetMotionSequence.srv
[244.090s] -- Installing: /home/xdkazer/Dual_Kuka_LLM_Bachelor/p5_ws/install/moveit_msgs/share/moveit_msgs/srv/GetMotionSequence_Request.msg
[244.090s] -- Installing: /home/xdkazer/Dual_Kuka_LLM_Bachelor/p5_ws/install/moveit_msgs/share/moveit_msgs/srv/GetMotionSequence_Response.msg
[244.090s] -- Installing: /home/xdkazer/Dual_Kuka_LLM_Bachelor/p5_ws/install/moveit_msgs/share/moveit_msgs/srv/GetPositionFK.srv
[244.090s] -- Installing: /home/xdkazer/Dual_Kuka_LLM_Bachelor/p5_ws/install/moveit_msgs/share/moveit_msgs/srv/GetPositionFK_Request.msg
[244.090s] -- Installing: /home/xdkazer/Dual_Kuka_LLM_Bachelor/p5_ws/install/moveit_msgs/share/moveit_msgs/srv/GetPositionFK_Response.msg
[244.090s] -- Installing: /home/xdkazer/Dual_Kuka_LLM_Bachelor/p5_ws/install/moveit_msgs/share/moveit_msgs/srv/GetPositionIK.srv
[244.090s] -- Installing: /home/xdkazer/Dual_Kuka_LLM_Bachelor/p5_ws/install/moveit_msgs/share/moveit_msgs/srv/GetPositionIK_Request.msg
[244.090s] -- Installing: /home/xdkazer/Dual_Kuka_LLM_Bachelor/p5_ws/install/moveit_msgs/share/moveit_msgs/srv/GetPositionIK_Response.msg
[244.090s] -- Installing: /home/xdkazer/Dual_Kuka_LLM_Bachelor/p5_ws/install/moveit_msgs/share/moveit_msgs/srv/GetPlannerParams.srv
[244.090s] -- Installing: /home/xdkazer/Dual_Kuka_LLM_Bachelor/p5_ws/install/moveit_msgs/share/moveit_msgs/srv/GetPlannerParams_Request.msg
[244.090s] -- Installing: /home/xdkazer/Dual_Kuka_LLM_Bachelor/p5_ws/install/moveit_msgs/share/moveit_msgs/srv/GetPlannerParams_Response.msg
[244.090s] -- Installing: /home/xdkazer/Dual_Kuka_LLM_Bachelor/p5_ws/install/moveit_msgs/share/moveit_msgs/srv/SetPlannerParams.srv
[244.090s] -- Installing: /home/xdkazer/Dual_Kuka_LLM_Bachelor/p5_ws/install/moveit_msgs/share/moveit_msgs/srv/SetPlannerParams_Request.msg
[244.090s] -- Installing: /home/xdkazer/Dual_Kuka_LLM_Bachelor/p5_ws/install/moveit_msgs/share/moveit_msgs/srv/SetPlannerParams_Response.msg
[244.091s] -- Installing: /home/xdkazer/Dual_Kuka_LLM_Bachelor/p5_ws/install/moveit_msgs/share/moveit_msgs/srv/UpdatePointcloudOctomap.srv
[244.091s] -- Installing: /home/xdkazer/Dual_Kuka_LLM_Bachelor/p5_ws/install/moveit_msgs/share/moveit_msgs/srv/UpdatePointcloudOctomap_Request.msg
[244.091s] -- Installing: /home/xdkazer/Dual_Kuka_LLM_Bachelor/p5_ws/install/moveit_msgs/share/moveit_msgs/srv/UpdatePointcloudOctomap_Response.msg
[244.091s] -- Installing: /home/xdkazer/Dual_Kuka_LLM_Bachelor/p5_ws/install/moveit_msgs/share/moveit_msgs/srv/SaveMap.srv
[244.092s] -- Installing: /home/xdkazer/Dual_Kuka_LLM_Bachelor/p5_ws/install/moveit_msgs/share/moveit_msgs/srv/SaveMap_Request.msg
[244.092s] -- Installing: /home/xdkazer/Dual_Kuka_LLM_Bachelor/p5_ws/install/moveit_msgs/share/moveit_msgs/srv/SaveMap_Response.msg
[244.093s] -- Installing: /home/xdkazer/Dual_Kuka_LLM_Bachelor/p5_ws/install/moveit_msgs/share/moveit_msgs/srv/LoadMap.srv
[244.094s] -- Installing: /home/xdkazer/Dual_Kuka_LLM_Bachelor/p5_ws/install/moveit_msgs/share/moveit_msgs/srv/LoadMap_Request.msg
[244.094s] -- Installing: /home/xdkazer/Dual_Kuka_LLM_Bachelor/p5_ws/install/moveit_msgs/share/moveit_msgs/srv/LoadMap_Response.msg
[244.094s] -- Installing: /home/xdkazer/Dual_Kuka_LLM_Bachelor/p5_ws/install/moveit_msgs/share/moveit_msgs/srv/SaveRobotStateToWarehouse.srv
[244.094s] -- Installing: /home/xdkazer/Dual_Kuka_LLM_Bachelor/p5_ws/install/moveit_msgs/share/moveit_msgs/srv/SaveRobotStateToWarehouse_Request.msg
[244.094s] -- Installing: /home/xdkazer/Dual_Kuka_LLM_Bachelor/p5_ws/install/moveit_msgs/share/moveit_msgs/srv/SaveRobotStateToWarehouse_Response.msg
[244.094s] -- Installing: /home/xdkazer/Dual_Kuka_LLM_Bachelor/p5_ws/install/moveit_msgs/share/moveit_msgs/srv/ListRobotStatesInWarehouse.srv
[244.094s] -- Installing: /home/xdkazer/Dual_Kuka_LLM_Bachelor/p5_ws/install/moveit_msgs/share/moveit_msgs/srv/ListRobotStatesInWarehouse_Request.msg
[244.095s] -- Installing: /home/xdkazer/Dual_Kuka_LLM_Bachelor/p5_ws/install/moveit_msgs/share/moveit_msgs/srv/ListRobotStatesInWarehouse_Response.msg
[244.095s] -- Installing: /home/xdkazer/Dual_Kuka_LLM_Bachelor/p5_ws/install/moveit_msgs/share/moveit_msgs/srv/GetRobotStateFromWarehouse.srv
[244.096s] -- Installing: /home/xdkazer/Dual_Kuka_LLM_Bachelor/p5_ws/install/moveit_msgs/share/moveit_msgs/srv/GetRobotStateFromWarehouse_Request.msg
[244.096s] -- Installing: /home/xdkazer/Dual_Kuka_LLM_Bachelor/p5_ws/install/moveit_msgs/share/moveit_msgs/srv/GetRobotStateFromWarehouse_Response.msg
[244.096s] -- Installing: /home/xdkazer/Dual_Kuka_LLM_Bachelor/p5_ws/install/moveit_msgs/share/moveit_msgs/srv/CheckIfRobotStateExistsInWarehouse.srv
[244.097s] -- Installing: /home/xdkazer/Dual_Kuka_LLM_Bachelor/p5_ws/install/moveit_msgs/share/moveit_msgs/srv/CheckIfRobotStateExistsInWarehouse_Request.msg
[244.097s] -- Installing: /home/xdkazer/Dual_Kuka_LLM_Bachelor/p5_ws/install/moveit_msgs/share/moveit_msgs/srv/CheckIfRobotStateExistsInWarehouse_Response.msg
[244.098s] -- Installing: /home/xdkazer/Dual_Kuka_LLM_Bachelor/p5_ws/install/moveit_msgs/share/moveit_msgs/srv/RenameRobotStateInWarehouse.srv
[244.098s] -- Installing: /home/xdkazer/Dual_Kuka_LLM_Bachelor/p5_ws/install/moveit_msgs/share/moveit_msgs/srv/RenameRobotStateInWarehouse_Request.msg
[244.098s] -- Installing: /home/xdkazer/Dual_Kuka_LLM_Bachelor/p5_ws/install/moveit_msgs/share/moveit_msgs/srv/RenameRobotStateInWarehouse_Response.msg
[244.099s] -- Installing: /home/xdkazer/Dual_Kuka_LLM_Bachelor/p5_ws/install/moveit_msgs/share/moveit_msgs/srv/DeleteRobotStateFromWarehouse.srv
[244.099s] -- Installing: /home/xdkazer/Dual_Kuka_LLM_Bachelor/p5_ws/install/moveit_msgs/share/moveit_msgs/srv/DeleteRobotStateFromWarehouse_Request.msg
[244.100s] -- Installing: /home/xdkazer/Dual_Kuka_LLM_Bachelor/p5_ws/install/moveit_msgs/share/moveit_msgs/srv/DeleteRobotStateFromWarehouse_Response.msg
[244.100s] -- Installing: /home/xdkazer/Dual_Kuka_LLM_Bachelor/p5_ws/install/moveit_msgs/share/moveit_msgs/srv/ChangeControlDimensions.srv
[244.100s] -- Installing: /home/xdkazer/Dual_Kuka_LLM_Bachelor/p5_ws/install/moveit_msgs/share/moveit_msgs/srv/ChangeControlDimensions_Request.msg
[244.100s] -- Installing: /home/xdkazer/Dual_Kuka_LLM_Bachelor/p5_ws/install/moveit_msgs/share/moveit_msgs/srv/ChangeControlDimensions_Response.msg
[244.101s] -- Installing: /home/xdkazer/Dual_Kuka_LLM_Bachelor/p5_ws/install/moveit_msgs/share/moveit_msgs/srv/ChangeDriftDimensions.srv
[244.101s] -- Installing: /home/xdkazer/Dual_Kuka_LLM_Bachelor/p5_ws/install/moveit_msgs/share/moveit_msgs/srv/ChangeDriftDimensions_Request.msg
[244.101s] -- Installing: /home/xdkazer/Dual_Kuka_LLM_Bachelor/p5_ws/install/moveit_msgs/share/moveit_msgs/srv/ChangeDriftDimensions_Response.msg
[244.102s] -- Installing: /home/xdkazer/Dual_Kuka_LLM_Bachelor/p5_ws/install/moveit_msgs/share/moveit_msgs/action/ExecuteTrajectory.action
[244.102s] -- Installing: /home/xdkazer/Dual_Kuka_LLM_Bachelor/p5_ws/install/moveit_msgs/share/moveit_msgs/action/MoveGroup.action
[244.102s] -- Installing: /home/xdkazer/Dual_Kuka_LLM_Bachelor/p5_ws/install/moveit_msgs/share/moveit_msgs/action/MoveGroupSequence.action
[244.103s] -- Installing: /home/xdkazer/Dual_Kuka_LLM_Bachelor/p5_ws/install/moveit_msgs/share/moveit_msgs/action/Pickup.action
[244.103s] -- Installing: /home/xdkazer/Dual_Kuka_LLM_Bachelor/p5_ws/install/moveit_msgs/share/moveit_msgs/action/Place.action
[244.103s] -- Installing: /home/xdkazer/Dual_Kuka_LLM_Bachelor/p5_ws/install/moveit_msgs/share/moveit_msgs/action/LocalPlanner.action
[244.104s] -- Installing: /home/xdkazer/Dual_Kuka_LLM_Bachelor/p5_ws/install/moveit_msgs/share/moveit_msgs/action/GlobalPlanner.action
[244.104s] -- Installing: /home/xdkazer/Dual_Kuka_LLM_Bachelor/p5_ws/install/moveit_msgs/share/moveit_msgs/action/HybridPlanner.action
[244.104s] -- Installing: /home/xdkazer/Dual_Kuka_LLM_Bachelor/p5_ws/install/moveit_msgs/share/ament_index/resource_index/package_run_dependencies/moveit_msgs
[244.105s] -- Installing: /home/xdkazer/Dual_Kuka_LLM_Bachelor/p5_ws/install/moveit_msgs/share/ament_index/resource_index/parent_prefix_path/moveit_msgs
[244.105s] -- Installing: /home/xdkazer/Dual_Kuka_LLM_Bachelor/p5_ws/install/moveit_msgs/share/moveit_msgs/environment/ament_prefix_path.sh
[244.106s] -- Installing: /home/xdkazer/Dual_Kuka_LLM_Bachelor/p5_ws/install/moveit_msgs/share/moveit_msgs/environment/ament_prefix_path.dsv
[244.106s] -- Installing: /home/xdkazer/Dual_Kuka_LLM_Bachelor/p5_ws/install/moveit_msgs/share/moveit_msgs/environment/path.sh
[244.106s] -- Installing: /home/xdkazer/Dual_Kuka_LLM_Bachelor/p5_ws/install/moveit_msgs/share/moveit_msgs/environment/path.dsv
[244.107s] -- Installing: /home/xdkazer/Dual_Kuka_LLM_Bachelor/p5_ws/install/moveit_msgs/share/moveit_msgs/local_setup.bash
[244.107s] -- Installing: /home/xdkazer/Dual_Kuka_LLM_Bachelor/p5_ws/install/moveit_msgs/share/moveit_msgs/local_setup.sh
[244.107s] -- Installing: /home/xdkazer/Dual_Kuka_LLM_Bachelor/p5_ws/install/moveit_msgs/share/moveit_msgs/local_setup.zsh
[244.108s] -- Installing: /home/xdkazer/Dual_Kuka_LLM_Bachelor/p5_ws/install/moveit_msgs/share/moveit_msgs/local_setup.dsv
[244.108s] -- Installing: /home/xdkazer/Dual_Kuka_LLM_Bachelor/p5_ws/install/moveit_msgs/share/moveit_msgs/package.dsv
[244.109s] -- Installing: /home/xdkazer/Dual_Kuka_LLM_Bachelor/p5_ws/install/moveit_msgs/share/ament_index/resource_index/packages/moveit_msgs
[244.109s] -- Installing: /home/xdkazer/Dual_Kuka_LLM_Bachelor/p5_ws/install/moveit_msgs/share/moveit_msgs/cmake/export_moveit_msgs__rosidl_generator_cExport.cmake
[244.109s] -- Installing: /home/xdkazer/Dual_Kuka_LLM_Bachelor/p5_ws/install/moveit_msgs/share/moveit_msgs/cmake/export_moveit_msgs__rosidl_generator_cExport-release.cmake
[244.110s] -- Installing: /home/xdkazer/Dual_Kuka_LLM_Bachelor/p5_ws/install/moveit_msgs/share/moveit_msgs/cmake/export_moveit_msgs__rosidl_typesupport_fastrtps_cExport.cmake
[244.110s] -- Installing: /home/xdkazer/Dual_Kuka_LLM_Bachelor/p5_ws/install/moveit_msgs/share/moveit_msgs/cmake/export_moveit_msgs__rosidl_typesupport_fastrtps_cExport-release.cmake
[244.111s] -- Installing: /home/xdkazer/Dual_Kuka_LLM_Bachelor/p5_ws/install/moveit_msgs/share/moveit_msgs/cmake/moveit_msgs__rosidl_typesupport_introspection_cExport.cmake
[244.111s] -- Installing: /home/xdkazer/Dual_Kuka_LLM_Bachelor/p5_ws/install/moveit_msgs/share/moveit_msgs/cmake/moveit_msgs__rosidl_typesupport_introspection_cExport-release.cmake
[244.111s] -- Installing: /home/xdkazer/Dual_Kuka_LLM_Bachelor/p5_ws/install/moveit_msgs/share/moveit_msgs/cmake/moveit_msgs__rosidl_typesupport_cExport.cmake
[244.111s] -- Installing: /home/xdkazer/Dual_Kuka_LLM_Bachelor/p5_ws/install/moveit_msgs/share/moveit_msgs/cmake/moveit_msgs__rosidl_typesupport_cExport-release.cmake
[244.111s] -- Installing: /home/xdkazer/Dual_Kuka_LLM_Bachelor/p5_ws/install/moveit_msgs/share/moveit_msgs/cmake/export_moveit_msgs__rosidl_generator_cppExport.cmake
[244.111s] -- Installing: /home/xdkazer/Dual_Kuka_LLM_Bachelor/p5_ws/install/moveit_msgs/share/moveit_msgs/cmake/export_moveit_msgs__rosidl_typesupport_fastrtps_cppExport.cmake
[244.112s] -- Installing: /home/xdkazer/Dual_Kuka_LLM_Bachelor/p5_ws/install/moveit_msgs/share/moveit_msgs/cmake/export_moveit_msgs__rosidl_typesupport_fastrtps_cppExport-release.cmake
[244.112s] -- Installing: /home/xdkazer/Dual_Kuka_LLM_Bachelor/p5_ws/install/moveit_msgs/share/moveit_msgs/cmake/moveit_msgs__rosidl_typesupport_introspection_cppExport.cmake
[244.113s] -- Installing: /home/xdkazer/Dual_Kuka_LLM_Bachelor/p5_ws/install/moveit_msgs/share/moveit_msgs/cmake/moveit_msgs__rosidl_typesupport_introspection_cppExport-release.cmake
[244.113s] -- Installing: /home/xdkazer/Dual_Kuka_LLM_Bachelor/p5_ws/install/moveit_msgs/share/moveit_msgs/cmake/moveit_msgs__rosidl_typesupport_cppExport.cmake
[244.113s] -- Installing: /home/xdkazer/Dual_Kuka_LLM_Bachelor/p5_ws/install/moveit_msgs/share/moveit_msgs/cmake/moveit_msgs__rosidl_typesupport_cppExport-release.cmake
[244.114s] -- Installing: /home/xdkazer/Dual_Kuka_LLM_Bachelor/p5_ws/install/moveit_msgs/share/moveit_msgs/cmake/export_moveit_msgs__rosidl_generator_pyExport.cmake
[244.114s] -- Installing: /home/xdkazer/Dual_Kuka_LLM_Bachelor/p5_ws/install/moveit_msgs/share/moveit_msgs/cmake/export_moveit_msgs__rosidl_generator_pyExport-release.cmake
[244.114s] -- Installing: /home/xdkazer/Dual_Kuka_LLM_Bachelor/p5_ws/install/moveit_msgs/share/moveit_msgs/cmake/rosidl_cmake-extras.cmake
[244.115s] -- Installing: /home/xdkazer/Dual_Kuka_LLM_Bachelor/p5_ws/install/moveit_msgs/share/moveit_msgs/cmake/ament_cmake_export_dependencies-extras.cmake
[244.115s] -- Installing: /home/xdkazer/Dual_Kuka_LLM_Bachelor/p5_ws/install/moveit_msgs/share/moveit_msgs/cmake/ament_cmake_export_include_directories-extras.cmake
[244.116s] -- Installing: /home/xdkazer/Dual_Kuka_LLM_Bachelor/p5_ws/install/moveit_msgs/share/moveit_msgs/cmake/ament_cmake_export_libraries-extras.cmake
[244.116s] -- Installing: /home/xdkazer/Dual_Kuka_LLM_Bachelor/p5_ws/install/moveit_msgs/share/moveit_msgs/cmake/ament_cmake_export_targets-extras.cmake
[244.116s] -- Installing: /home/xdkazer/Dual_Kuka_LLM_Bachelor/p5_ws/install/moveit_msgs/share/moveit_msgs/cmake/rosidl_cmake_export_typesupport_targets-extras.cmake
[244.117s] -- Installing: /home/xdkazer/Dual_Kuka_LLM_Bachelor/p5_ws/install/moveit_msgs/share/moveit_msgs/cmake/rosidl_cmake_export_typesupport_libraries-extras.cmake
[244.117s] -- Installing: /home/xdkazer/Dual_Kuka_LLM_Bachelor/p5_ws/install/moveit_msgs/share/moveit_msgs/cmake/moveit_msgsConfig.cmake
[244.117s] -- Installing: /home/xdkazer/Dual_Kuka_LLM_Bachelor/p5_ws/install/moveit_msgs/share/moveit_msgs/cmake/moveit_msgsConfig-version.cmake
[244.117s] -- Installing: /home/xdkazer/Dual_Kuka_LLM_Bachelor/p5_ws/install/moveit_msgs/share/moveit_msgs/package.xml
[244.122s] Invoked command in '/home/xdkazer/Dual_Kuka_LLM_Bachelor/p5_ws/build/moveit_msgs' returned '0': CMAKE_PREFIX_PATH=${CMAKE_PREFIX_PATH}:/home/xdkazer/P5-Kuka-Dual-Arm/p5_ws/install/yolo_world:/home/xdkazer/P5-Kuka-Dual-Arm/p5_ws/install/robotiq_3f_gripper_ros2_control:/home/xdkazer/P5-Kuka-Dual-Arm/p5_ws/install/robotiq_2f_85_control:/home/xdkazer/P5-Kuka-Dual-Arm/p5_ws/install/object_detector:/home/xdkazer/P5-Kuka-Dual-Arm/p5_ws/install/janise:/home/xdkazer/P5-Kuka-Dual-Arm/p5_ws/install/gui_package:/home/xdkazer/P5-Kuka-Dual-Arm/p5_ws/install/moveit_configs_utils:/home/xdkazer/P5-Kuka-Dual-Arm/p5_ws/install/generate_parameter_library_py:/opt/ros/humble /usr/bin/cmake --install /home/xdkazer/Dual_Kuka_LLM_Bachelor/p5_ws/build/moveit_msgs
