[0.189s] Invoking command in '/home/xdkazer/Dual_Kuka_LLM_Bachelor/p5_ws/build/pilz_industrial_motion_planner': AMENT_PREFIX_PATH=/home/xdkazer/Dual_Kuka_LLM_Bachelor/p5_ws/install/moveit_resources_prbt_pg70_support:/home/xdkazer/Dual_Kuka_LLM_Bachelor/p5_ws/install/moveit_ros_planning_interface:/home/xdkazer/Dual_Kuka_LLM_Bachelor/p5_ws/install/moveit_resources_prbt_moveit_config:/home/xdkazer/Dual_Kuka_LLM_Bachelor/p5_ws/install/moveit_ros_move_group:/home/xdkazer/Dual_Kuka_LLM_Bachelor/p5_ws/install/moveit_ros_warehouse:/home/xdkazer/Dual_Kuka_LLM_Bachelor/p5_ws/install/moveit_planners_ompl:/home/xdkazer/Dual_Kuka_LLM_Bachelor/p5_ws/install/moveit_kinematics:/home/xdkazer/Dual_Kuka_LLM_Bachelor/p5_ws/install/moveit_ros_planning:/home/xdkazer/Dual_Kuka_LLM_Bachelor/p5_ws/install/pilz_industrial_motion_planner_testutils:/home/xdkazer/Dual_Kuka_LLM_Bachelor/p5_ws/install/moveit_simple_controller_manager:/home/xdkazer/Dual_Kuka_LLM_Bachelor/p5_ws/install/moveit_ros_occupancy_map_monitor:/home/xdkazer/Dual_Kuka_LLM_Bachelor/p5_ws/install/moveit_resources_prbt_ikfast_manipulator_plugin:/home/xdkazer/Dual_Kuka_LLM_Bachelor/p5_ws/install/moveit_core:/home/xdkazer/Dual_Kuka_LLM_Bachelor/p5_ws/install/generate_parameter_library:/home/xdkazer/Dual_Kuka_LLM_Bachelor/p5_ws/install/parameter_traits:/home/xdkazer/Dual_Kuka_LLM_Bachelor/p5_ws/install/moveit_resources_prbt_support:/home/xdkazer/Dual_Kuka_LLM_Bachelor/p5_ws/install/moveit_msgs:/home/xdkazer/Dual_Kuka_LLM_Bachelor/p5_ws/install/moveit_configs_utils:/home/xdkazer/Dual_Kuka_LLM_Bachelor/p5_ws/install/moveit_common:/home/xdkazer/Dual_Kuka_LLM_Bachelor/p5_ws/install/generate_parameter_library_py:${AMENT_PREFIX_PATH} CMAKE_PREFIX_PATH=/home/xdkazer/Dual_Kuka_LLM_Bachelor/p5_ws/install/moveit_resources_prbt_pg70_support:/home/xdkazer/Dual_Kuka_LLM_Bachelor/p5_ws/install/moveit_ros_planning_interface:/home/xdkazer/Dual_Kuka_LLM_Bachelor/p5_ws/install/moveit_resources_prbt_moveit_config:/home/xdkazer/Dual_Kuka_LLM_Bachelor/p5_ws/install/moveit_ros_move_group:/home/xdkazer/Dual_Kuka_LLM_Bachelor/p5_ws/install/moveit_ros_warehouse:/home/xdkazer/Dual_Kuka_LLM_Bachelor/p5_ws/install/moveit_planners_ompl:/home/xdkazer/Dual_Kuka_LLM_Bachelor/p5_ws/install/moveit_kinematics:/home/xdkazer/Dual_Kuka_LLM_Bachelor/p5_ws/install/moveit_ros_planning:/home/xdkazer/Dual_Kuka_LLM_Bachelor/p5_ws/install/pilz_industrial_motion_planner_testutils:/home/xdkazer/Dual_Kuka_LLM_Bachelor/p5_ws/install/moveit_simple_controller_manager:/home/xdkazer/Dual_Kuka_LLM_Bachelor/p5_ws/install/moveit_ros_occupancy_map_monitor:/home/xdkazer/Dual_Kuka_LLM_Bachelor/p5_ws/install/moveit_resources_prbt_ikfast_manipulator_plugin:/home/xdkazer/Dual_Kuka_LLM_Bachelor/p5_ws/install/moveit_core:/home/xdkazer/Dual_Kuka_LLM_Bachelor/p5_ws/install/generate_parameter_library:/home/xdkazer/Dual_Kuka_LLM_Bachelor/p5_ws/install/parameter_traits:/home/xdkazer/Dual_Kuka_LLM_Bachelor/p5_ws/install/moveit_resources_prbt_support:/home/xdkazer/Dual_Kuka_LLM_Bachelor/p5_ws/install/moveit_msgs:/home/xdkazer/Dual_Kuka_LLM_Bachelor/p5_ws/install/moveit_common:/home/xdkazer/P5-Kuka-Dual-Arm/p5_ws/install/set_moveit_coords:/home/xdkazer/P5-Kuka-Dual-Arm/p5_ws/install/robutler_bringup:/home/xdkazer/P5-Kuka-Dual-Arm/p5_ws/install/robotiq_3f_gripper_ros2_interfaces:/home/xdkazer/P5-Kuka-Dual-Arm/p5_ws/install/robotiq_2f_85_interfaces:/home/xdkazer/P5-Kuka-Dual-Arm/p5_ws/install/realsense2_description:/home/xdkazer/P5-Kuka-Dual-Arm/p5_ws/install/realsense2_camera:/home/xdkazer/P5-Kuka-Dual-Arm/p5_ws/install/realsense2_camera_msgs:/home/xdkazer/P5-Kuka-Dual-Arm/p5_ws/install/project_interfaces:/home/xdkazer/P5-Kuka-Dual-Arm/p5_ws/install/pilz_industrial_motion_planner_testutils:/home/xdkazer/P5-Kuka-Dual-Arm/p5_ws/install/moveit_runtime:/home/xdkazer/P5-Kuka-Dual-Arm/p5_ws/install/moveit:/home/xdkazer/P5-Kuka-Dual-Arm/p5_ws/install/iiwa7_table_moveit_config:/home/xdkazer/P5-Kuka-Dual-Arm/p5_ws/install/iiwa7_table_cali_moveit_config:/home/xdkazer/P5-Kuka-Dual-Arm/p5_ws/install/iiwa7_moveit_config:/home/xdkazer/P5-Kuka-Dual-Arm/p5_ws/install/dual_arm_moveit_config:/home/xdkazer/P5-Kuka-Dual-Arm/p5_ws/install/moveit_planners:/home/xdkazer/P5-Kuka-Dual-Arm/p5_ws/install/pilz_industrial_motion_planner:/home/xdkazer/P5-Kuka-Dual-Arm/p5_ws/install/moveit_ros_control_interface:/home/xdkazer/P5-Kuka-Dual-Arm/p5_ws/install/moveit_plugins:/home/xdkazer/P5-Kuka-Dual-Arm/p5_ws/install/moveit_simple_controller_manager:/home/xdkazer/P5-Kuka-Dual-Arm/p5_ws/install/moveit_servo:/home/xdkazer/P5-Kuka-Dual-Arm/p5_ws/install/moveit_ros:/home/xdkazer/P5-Kuka-Dual-Arm/p5_ws/install/moveit_ros_visualization:/home/xdkazer/P5-Kuka-Dual-Arm/p5_ws/install/moveit_hybrid_planning:/home/xdkazer/P5-Kuka-Dual-Arm/p5_ws/install/moveit_ros_planning_interface:/home/xdkazer/P5-Kuka-Dual-Arm/p5_ws/install/moveit_ros_benchmarks:/home/xdkazer/P5-Kuka-Dual-Arm/p5_ws/install/moveit_ros_warehouse:/home/xdkazer/P5-Kuka-Dual-Arm/p5_ws/install/moveit_ros_robot_interaction:/home/xdkazer/P5-Kuka-Dual-Arm/p5_ws/install/moveit_ros_perception:/home/xdkazer/P5-Kuka-Dual-Arm/p5_ws/install/moveit_resources_prbt_pg70_support:/home/xdkazer/P5-Kuka-Dual-Arm/p5_ws/install/moveit_resources_prbt_moveit_config:/home/xdkazer/P5-Kuka-Dual-Arm/p5_ws/install/moveit_ros_move_group:/home/xdkazer/P5-Kuka-Dual-Arm/p5_ws/install/moveit_planners_ompl:/home/xdkazer/P5-Kuka-Dual-Arm/p5_ws/install/moveit_ros_planning:/home/xdkazer/P5-Kuka-Dual-Arm/p5_ws/install/moveit_ros_occupancy_map_monitor:/home/xdkazer/P5-Kuka-Dual-Arm/p5_ws/install/moveit_resources_prbt_ikfast_manipulator_plugin:/home/xdkazer/P5-Kuka-Dual-Arm/p5_ws/install/moveit_planners_chomp:/home/xdkazer/P5-Kuka-Dual-Arm/p5_ws/install/moveit_kinematics:/home/xdkazer/P5-Kuka-Dual-Arm/p5_ws/install/moveit_chomp_optimizer_adapter:/home/xdkazer/P5-Kuka-Dual-Arm/p5_ws/install/chomp_motion_planner:/home/xdkazer/P5-Kuka-Dual-Arm/p5_ws/install/moveit_core:/home/xdkazer/P5-Kuka-Dual-Arm/p5_ws/install/generate_parameter_library:/home/xdkazer/P5-Kuka-Dual-Arm/p5_ws/install/parameter_traits:/home/xdkazer/P5-Kuka-Dual-Arm/p5_ws/install/moveit_resources_prbt_support:/home/xdkazer/P5-Kuka-Dual-Arm/p5_ws/install/moveit_msgs:/home/xdkazer/P5-Kuka-Dual-Arm/p5_ws/install/moveit_common:/home/xdkazer/P5-Kuka-Dual-Arm/p5_ws/install/lbr_fri_ros2_stack:/home/xdkazer/P5-Kuka-Dual-Arm/p5_ws/install/lbr_bringup:/home/xdkazer/P5-Kuka-Dual-Arm/p5_ws/install/lbr_ros2_control_right:/home/xdkazer/P5-Kuka-Dual-Arm/p5_ws/install/lbr_ros2_control_left:/home/xdkazer/P5-Kuka-Dual-Arm/p5_ws/install/lbr_ros2_control:/home/xdkazer/P5-Kuka-Dual-Arm/p5_ws/install/lbr_fri_ros2:/home/xdkazer/P5-Kuka-Dual-Arm/p5_ws/install/lbr_fri_idl:/home/xdkazer/P5-Kuka-Dual-Arm/p5_ws/install/lbr_description:/home/xdkazer/P5-Kuka-Dual-Arm/p5_ws/install/fri_client_sdk:/home/xdkazer/P5-Kuka-Dual-Arm/p5_ws/install/yolo_world:/home/xdkazer/P5-Kuka-Dual-Arm/p5_ws/install/robotiq_3f_gripper_ros2_control:/home/xdkazer/P5-Kuka-Dual-Arm/p5_ws/install/robotiq_2f_85_control:/home/xdkazer/P5-Kuka-Dual-Arm/p5_ws/install/object_detector:/home/xdkazer/P5-Kuka-Dual-Arm/p5_ws/install/janise:/home/xdkazer/P5-Kuka-Dual-Arm/p5_ws/install/gui_package:/home/xdkazer/P5-Kuka-Dual-Arm/p5_ws/install/moveit_configs_utils:/home/xdkazer/P5-Kuka-Dual-Arm/p5_ws/install/generate_parameter_library_py:/opt/ros/humble LD_LIBRARY_PATH=/home/xdkazer/Dual_Kuka_LLM_Bachelor/p5_ws/install/moveit_ros_planning_interface/lib:/home/xdkazer/Dual_Kuka_LLM_Bachelor/p5_ws/install/moveit_ros_move_group/lib:/home/xdkazer/Dual_Kuka_LLM_Bachelor/p5_ws/install/moveit_ros_warehouse/lib:/home/xdkazer/Dual_Kuka_LLM_Bachelor/p5_ws/install/moveit_planners_ompl/lib:/home/xdkazer/Dual_Kuka_LLM_Bachelor/p5_ws/install/moveit_kinematics/lib:/home/xdkazer/Dual_Kuka_LLM_Bachelor/p5_ws/install/moveit_ros_planning/lib:/home/xdkazer/Dual_Kuka_LLM_Bachelor/p5_ws/install/pilz_industrial_motion_planner_testutils/lib:/home/xdkazer/Dual_Kuka_LLM_Bachelor/p5_ws/install/moveit_simple_controller_manager/lib:/home/xdkazer/Dual_Kuka_LLM_Bachelor/p5_ws/install/moveit_ros_occupancy_map_monitor/lib:/home/xdkazer/Dual_Kuka_LLM_Bachelor/p5_ws/install/moveit_resources_prbt_ikfast_manipulator_plugin/lib:/home/xdkazer/Dual_Kuka_LLM_Bachelor/p5_ws/install/moveit_core/lib:/home/xdkazer/Dual_Kuka_LLM_Bachelor/p5_ws/install/parameter_traits/lib:/home/xdkazer/Dual_Kuka_LLM_Bachelor/p5_ws/install/moveit_msgs/lib:${LD_LIBRARY_PATH} PATH=/home/xdkazer/Dual_Kuka_LLM_Bachelor/p5_ws/install/moveit_core/bin:/home/xdkazer/Dual_Kuka_LLM_Bachelor/p5_ws/install/generate_parameter_library_py/bin:${PATH} PYTHONPATH=/home/xdkazer/Dual_Kuka_LLM_Bachelor/p5_ws/install/moveit_msgs/local/lib/python3.10/dist-packages:/home/xdkazer/Dual_Kuka_LLM_Bachelor/p5_ws/install/moveit_configs_utils/lib/python3.10/site-packages:/home/xdkazer/Dual_Kuka_LLM_Bachelor/p5_ws/install/generate_parameter_library_py/lib/python3.10/site-packages:${PYTHONPATH} /usr/bin/cmake /home/xdkazer/Dual_Kuka_LLM_Bachelor/p5_ws/src/moveit/moveit2/moveit_planners/pilz_industrial_motion_planner -DCMAKE_BUILD_TYPE=Release -DCMAKE_INSTALL_PREFIX=/home/xdkazer/Dual_Kuka_LLM_Bachelor/p5_ws/install/pilz_industrial_motion_planner
[0.324s] -- The C compiler identification is GNU 11.4.0
[0.425s] -- The CXX compiler identification is GNU 11.4.0
[0.445s] -- Detecting C compiler ABI info
[0.610s] -- Detecting C compiler ABI info - done
[0.628s] -- Check for working C compiler: /usr/bin/cc - skipped
[0.628s] -- Detecting C compile features
[0.628s] -- Detecting C compile features - done
[0.628s] -- Detecting CXX compiler ABI info
[0.828s] -- Detecting CXX compiler ABI info - done
[0.838s] -- Check for working CXX compiler: /usr/bin/c++ - skipped
[0.850s] -- Detecting CXX compile features
[0.850s] -- Detecting CXX compile features - done
[0.850s] -- Found moveit_common: 2.5.5 (/home/xdkazer/Dual_Kuka_LLM_Bachelor/p5_ws/install/moveit_common/share/moveit_common/cmake)
[0.851s] -- Found ament_cmake: 1.3.10 (/opt/ros/humble/share/ament_cmake/cmake)
[1.185s] -- Found Python3: /usr/bin/python3 (found version "3.10.12") found components: Interpreter 
[1.593s] -- Found eigen3_cmake_module: 0.1.1 (/opt/ros/humble/share/eigen3_cmake_module/cmake)
[1.620s] -- Found Eigen3: TRUE (found version "3.4.0") 
[1.636s] -- Found geometry_msgs: 4.2.4 (/opt/ros/humble/share/geometry_msgs/cmake)
[1.844s] -- Found rosidl_generator_c: 3.1.5 (/opt/ros/humble/share/rosidl_generator_c/cmake)
[1.876s] -- Found rosidl_adapter: 3.1.5 (/opt/ros/humble/share/rosidl_adapter/cmake)
[1.904s] -- Found rosidl_generator_cpp: 3.1.5 (/opt/ros/humble/share/rosidl_generator_cpp/cmake)
[1.955s] -- Using all available rosidl_typesupport_c: rosidl_typesupport_fastrtps_c;rosidl_typesupport_introspection_c
[2.048s] -- Using all available rosidl_typesupport_cpp: rosidl_typesupport_fastrtps_cpp;rosidl_typesupport_introspection_cpp
[2.179s] -- Found moveit_core: 2.5.5 (/home/xdkazer/Dual_Kuka_LLM_Bachelor/p5_ws/install/moveit_core/share/moveit_core/cmake)
[2.670s] -- Found Boost: /usr/lib/x86_64-linux-gnu/cmake/Boost-1.74.0/BoostConfig.cmake (found version "1.74.0") found components: chrono date_time filesystem iostreams program_options regex serialization system thread 
[2.857s] -- Found parameter_traits: 0.3.7 (/home/xdkazer/Dual_Kuka_LLM_Bachelor/p5_ws/install/parameter_traits/share/parameter_traits/cmake)
[2.982s] -- Found rmw_implementation_cmake: 6.1.2 (/opt/ros/humble/share/rmw_implementation_cmake/cmake)
[3.016s] -- Found rmw_fastrtps_cpp: 6.2.7 (/opt/ros/humble/share/rmw_fastrtps_cpp/cmake)
[3.375s] -- Found OpenSSL: /usr/lib/x86_64-linux-gnu/libcrypto.so (found version "3.0.2")  
[3.445s] -- Found FastRTPS: /opt/ros/humble/include  
[3.558s] -- Using RMW implementation 'rmw_fastrtps_cpp' as default
[3.589s] -- Found Threads: TRUE  
[3.700s] -- Found rclcpp_lifecycle: 16.0.10 (/opt/ros/humble/share/rclcpp_lifecycle/cmake)
[3.756s] -- Found Boost: /usr/lib/x86_64-linux-gnu/cmake/Boost-1.74.0/BoostConfig.cmake (found version "1.74.0") found components: filesystem 
[4.112s] -- library: /usr/lib/x86_64-linux-gnu/libcurl.so
[4.284s] -- Ensuring Eigen3 include directory is part of orocos-kdl CMake target
[5.097s] -- Found moveit_ros_move_group: 2.5.5 (/home/xdkazer/Dual_Kuka_LLM_Bachelor/p5_ws/install/moveit_ros_move_group/share/moveit_ros_move_group/cmake)
[5.106s] -- Found Boost: /usr/lib/x86_64-linux-gnu/cmake/Boost-1.74.0/BoostConfig.cmake (found version "1.74.0") found components: system filesystem date_time program_options thread 
[5.185s] -- Found Boost: /usr/lib/x86_64-linux-gnu/cmake/Boost-1.74.0/BoostConfig.cmake (found version "1.74.0") found components: system filesystem date_time program_options thread chrono 
[5.226s] -- Found moveit_ros_planning_interface: 2.5.5 (/home/xdkazer/Dual_Kuka_LLM_Bachelor/p5_ws/install/moveit_ros_planning_interface/share/moveit_ros_planning_interface/cmake)
[5.237s] -- Found Boost: /usr/lib/x86_64-linux-gnu/cmake/Boost-1.74.0/BoostConfig.cmake (found version "1.74.0") found components: date_time filesystem program_options system thread 
[5.292s] -- Found Boost: /usr/lib/x86_64-linux-gnu/cmake/Boost-1.74.0/BoostConfig.cmake (found version "1.74.0") found components: thread system filesystem regex date_time program_options 
[5.443s] -- Found tf2_eigen_kdl: 0.25.8 (/opt/ros/humble/share/tf2_eigen_kdl/cmake)
[5.456s] -- Found Boost: /usr/lib/x86_64-linux-gnu/cmake/Boost-1.74.0/BoostConfig.cmake (found version "1.74.0")  
[6.261s] -- Found ament_cmake_gtest: 1.3.10 (/opt/ros/humble/share/ament_cmake_gtest/cmake)
[6.280s] -- Found ament_cmake_gmock: 1.3.10 (/opt/ros/humble/share/ament_cmake_gmock/cmake)
[6.281s] -- Found ros_testing: 0.4.0 (/opt/ros/humble/share/ros_testing/cmake)
[6.288s] -- Found launch_testing_ament_cmake: 1.0.6 (/opt/ros/humble/share/launch_testing_ament_cmake/cmake)
[6.297s] -- Found python_cmake_module: 0.10.0 (/opt/ros/humble/share/python_cmake_module/cmake)
[6.331s] -- Found PythonInterp: /usr/bin/python3 (found suitable version "3.10.12", minimum required is "3.6") 
[6.340s] -- Found PythonLibs: /usr/lib/x86_64-linux-gnu/libpython3.10.so (found suitable version "3.10.12", minimum required is "3.5") 
[6.340s] -- Using PYTHON_EXECUTABLE: /usr/bin/python3
[6.340s] -- Using PYTHON_INCLUDE_DIRS: /usr/include/python3.10
[6.340s] -- Using PYTHON_LIBRARIES: /usr/lib/x86_64-linux-gnu/libpython3.10.so
[6.376s] -- Found PythonExtra: .so  
[6.382s] -- Found moveit_resources_prbt_support: 2.5.5 (/home/xdkazer/Dual_Kuka_LLM_Bachelor/p5_ws/install/moveit_resources_prbt_support/share/moveit_resources_prbt_support/cmake)
[6.384s] -- Found moveit_resources_prbt_moveit_config: 2.5.5 (/home/xdkazer/Dual_Kuka_LLM_Bachelor/p5_ws/install/moveit_resources_prbt_moveit_config/share/moveit_resources_prbt_moveit_config/cmake)
[6.390s] -- Found Boost: /usr/lib/x86_64-linux-gnu/cmake/Boost-1.74.0/BoostConfig.cmake (found version "1.74.0") found components: thread 
[6.392s] -- Found pilz_industrial_motion_planner_testutils: 2.5.5 (/home/xdkazer/Dual_Kuka_LLM_Bachelor/p5_ws/install/pilz_industrial_motion_planner_testutils/share/pilz_industrial_motion_planner_testutils/cmake)
[6.468s] -- Found gtest sources under '/opt/ros/humble/src/gtest_vendor': C++ tests using 'Google Test' will be built
[6.555s] -- Found gmock sources under '/opt/ros/humble/src/gmock_vendor': C++ tests using 'Google Mock' will be built
[6.572s] -- Found ament_lint_auto: 0.12.11 (/opt/ros/humble/share/ament_lint_auto/cmake)
[6.724s] -- Found launch_testing_ament_cmake: 1.0.6 (/opt/ros/humble/share/launch_testing_ament_cmake/cmake)
[6.727s] -- Found python_cmake_module: 0.10.0 (/opt/ros/humble/share/python_cmake_module/cmake)
[6.786s] -- Using PYTHON_EXECUTABLE: /usr/bin/python3
[6.787s] -- Using PYTHON_INCLUDE_DIRS: /usr/include/python3.10
[6.787s] -- Using PYTHON_LIBRARIES: /usr/lib/x86_64-linux-gnu/libpython3.10.so
[6.800s] -- Added test 'cppcheck' to perform static code analysis on C / C++ code
[6.804s] -- Configured cppcheck include dirs: /home/xdkazer/Dual_Kuka_LLM_Bachelor/p5_ws/src/moveit/moveit2/moveit_planners/pilz_industrial_motion_planner/include
[6.804s] -- Configured cppcheck exclude dirs and/or files: 
[6.808s] -- Added test 'pep257' to check Python code against some of the docstring style conventions in PEP 257
[6.813s] -- Added test 'xmllint' to check XML markup files
[6.820s] -- Configuring done
[10.054s] -- Generating done
[11.821s] -- Build files have been written to: /home/xdkazer/Dual_Kuka_LLM_Bachelor/p5_ws/build/pilz_industrial_motion_planner
[13.833s] Invoked command in '/home/xdkazer/Dual_Kuka_LLM_Bachelor/p5_ws/build/pilz_industrial_motion_planner' returned '0': AMENT_PREFIX_PATH=/home/xdkazer/Dual_Kuka_LLM_Bachelor/p5_ws/install/moveit_resources_prbt_pg70_support:/home/xdkazer/Dual_Kuka_LLM_Bachelor/p5_ws/install/moveit_ros_planning_interface:/home/xdkazer/Dual_Kuka_LLM_Bachelor/p5_ws/install/moveit_resources_prbt_moveit_config:/home/xdkazer/Dual_Kuka_LLM_Bachelor/p5_ws/install/moveit_ros_move_group:/home/xdkazer/Dual_Kuka_LLM_Bachelor/p5_ws/install/moveit_ros_warehouse:/home/xdkazer/Dual_Kuka_LLM_Bachelor/p5_ws/install/moveit_planners_ompl:/home/xdkazer/Dual_Kuka_LLM_Bachelor/p5_ws/install/moveit_kinematics:/home/xdkazer/Dual_Kuka_LLM_Bachelor/p5_ws/install/moveit_ros_planning:/home/xdkazer/Dual_Kuka_LLM_Bachelor/p5_ws/install/pilz_industrial_motion_planner_testutils:/home/xdkazer/Dual_Kuka_LLM_Bachelor/p5_ws/install/moveit_simple_controller_manager:/home/xdkazer/Dual_Kuka_LLM_Bachelor/p5_ws/install/moveit_ros_occupancy_map_monitor:/home/xdkazer/Dual_Kuka_LLM_Bachelor/p5_ws/install/moveit_resources_prbt_ikfast_manipulator_plugin:/home/xdkazer/Dual_Kuka_LLM_Bachelor/p5_ws/install/moveit_core:/home/xdkazer/Dual_Kuka_LLM_Bachelor/p5_ws/install/generate_parameter_library:/home/xdkazer/Dual_Kuka_LLM_Bachelor/p5_ws/install/parameter_traits:/home/xdkazer/Dual_Kuka_LLM_Bachelor/p5_ws/install/moveit_resources_prbt_support:/home/xdkazer/Dual_Kuka_LLM_Bachelor/p5_ws/install/moveit_msgs:/home/xdkazer/Dual_Kuka_LLM_Bachelor/p5_ws/install/moveit_configs_utils:/home/xdkazer/Dual_Kuka_LLM_Bachelor/p5_ws/install/moveit_common:/home/xdkazer/Dual_Kuka_LLM_Bachelor/p5_ws/install/generate_parameter_library_py:${AMENT_PREFIX_PATH} CMAKE_PREFIX_PATH=/home/xdkazer/Dual_Kuka_LLM_Bachelor/p5_ws/install/moveit_resources_prbt_pg70_support:/home/xdkazer/Dual_Kuka_LLM_Bachelor/p5_ws/install/moveit_ros_planning_interface:/home/xdkazer/Dual_Kuka_LLM_Bachelor/p5_ws/install/moveit_resources_prbt_moveit_config:/home/xdkazer/Dual_Kuka_LLM_Bachelor/p5_ws/install/moveit_ros_move_group:/home/xdkazer/Dual_Kuka_LLM_Bachelor/p5_ws/install/moveit_ros_warehouse:/home/xdkazer/Dual_Kuka_LLM_Bachelor/p5_ws/install/moveit_planners_ompl:/home/xdkazer/Dual_Kuka_LLM_Bachelor/p5_ws/install/moveit_kinematics:/home/xdkazer/Dual_Kuka_LLM_Bachelor/p5_ws/install/moveit_ros_planning:/home/xdkazer/Dual_Kuka_LLM_Bachelor/p5_ws/install/pilz_industrial_motion_planner_testutils:/home/xdkazer/Dual_Kuka_LLM_Bachelor/p5_ws/install/moveit_simple_controller_manager:/home/xdkazer/Dual_Kuka_LLM_Bachelor/p5_ws/install/moveit_ros_occupancy_map_monitor:/home/xdkazer/Dual_Kuka_LLM_Bachelor/p5_ws/install/moveit_resources_prbt_ikfast_manipulator_plugin:/home/xdkazer/Dual_Kuka_LLM_Bachelor/p5_ws/install/moveit_core:/home/xdkazer/Dual_Kuka_LLM_Bachelor/p5_ws/install/generate_parameter_library:/home/xdkazer/Dual_Kuka_LLM_Bachelor/p5_ws/install/parameter_traits:/home/xdkazer/Dual_Kuka_LLM_Bachelor/p5_ws/install/moveit_resources_prbt_support:/home/xdkazer/Dual_Kuka_LLM_Bachelor/p5_ws/install/moveit_msgs:/home/xdkazer/Dual_Kuka_LLM_Bachelor/p5_ws/install/moveit_common:/home/xdkazer/P5-Kuka-Dual-Arm/p5_ws/install/set_moveit_coords:/home/xdkazer/P5-Kuka-Dual-Arm/p5_ws/install/robutler_bringup:/home/xdkazer/P5-Kuka-Dual-Arm/p5_ws/install/robotiq_3f_gripper_ros2_interfaces:/home/xdkazer/P5-Kuka-Dual-Arm/p5_ws/install/robotiq_2f_85_interfaces:/home/xdkazer/P5-Kuka-Dual-Arm/p5_ws/install/realsense2_description:/home/xdkazer/P5-Kuka-Dual-Arm/p5_ws/install/realsense2_camera:/home/xdkazer/P5-Kuka-Dual-Arm/p5_ws/install/realsense2_camera_msgs:/home/xdkazer/P5-Kuka-Dual-Arm/p5_ws/install/project_interfaces:/home/xdkazer/P5-Kuka-Dual-Arm/p5_ws/install/pilz_industrial_motion_planner_testutils:/home/xdkazer/P5-Kuka-Dual-Arm/p5_ws/install/moveit_runtime:/home/xdkazer/P5-Kuka-Dual-Arm/p5_ws/install/moveit:/home/xdkazer/P5-Kuka-Dual-Arm/p5_ws/install/iiwa7_table_moveit_config:/home/xdkazer/P5-Kuka-Dual-Arm/p5_ws/install/iiwa7_table_cali_moveit_config:/home/xdkazer/P5-Kuka-Dual-Arm/p5_ws/install/iiwa7_moveit_config:/home/xdkazer/P5-Kuka-Dual-Arm/p5_ws/install/dual_arm_moveit_config:/home/xdkazer/P5-Kuka-Dual-Arm/p5_ws/install/moveit_planners:/home/xdkazer/P5-Kuka-Dual-Arm/p5_ws/install/pilz_industrial_motion_planner:/home/xdkazer/P5-Kuka-Dual-Arm/p5_ws/install/moveit_ros_control_interface:/home/xdkazer/P5-Kuka-Dual-Arm/p5_ws/install/moveit_plugins:/home/xdkazer/P5-Kuka-Dual-Arm/p5_ws/install/moveit_simple_controller_manager:/home/xdkazer/P5-Kuka-Dual-Arm/p5_ws/install/moveit_servo:/home/xdkazer/P5-Kuka-Dual-Arm/p5_ws/install/moveit_ros:/home/xdkazer/P5-Kuka-Dual-Arm/p5_ws/install/moveit_ros_visualization:/home/xdkazer/P5-Kuka-Dual-Arm/p5_ws/install/moveit_hybrid_planning:/home/xdkazer/P5-Kuka-Dual-Arm/p5_ws/install/moveit_ros_planning_interface:/home/xdkazer/P5-Kuka-Dual-Arm/p5_ws/install/moveit_ros_benchmarks:/home/xdkazer/P5-Kuka-Dual-Arm/p5_ws/install/moveit_ros_warehouse:/home/xdkazer/P5-Kuka-Dual-Arm/p5_ws/install/moveit_ros_robot_interaction:/home/xdkazer/P5-Kuka-Dual-Arm/p5_ws/install/moveit_ros_perception:/home/xdkazer/P5-Kuka-Dual-Arm/p5_ws/install/moveit_resources_prbt_pg70_support:/home/xdkazer/P5-Kuka-Dual-Arm/p5_ws/install/moveit_resources_prbt_moveit_config:/home/xdkazer/P5-Kuka-Dual-Arm/p5_ws/install/moveit_ros_move_group:/home/xdkazer/P5-Kuka-Dual-Arm/p5_ws/install/moveit_planners_ompl:/home/xdkazer/P5-Kuka-Dual-Arm/p5_ws/install/moveit_ros_planning:/home/xdkazer/P5-Kuka-Dual-Arm/p5_ws/install/moveit_ros_occupancy_map_monitor:/home/xdkazer/P5-Kuka-Dual-Arm/p5_ws/install/moveit_resources_prbt_ikfast_manipulator_plugin:/home/xdkazer/P5-Kuka-Dual-Arm/p5_ws/install/moveit_planners_chomp:/home/xdkazer/P5-Kuka-Dual-Arm/p5_ws/install/moveit_kinematics:/home/xdkazer/P5-Kuka-Dual-Arm/p5_ws/install/moveit_chomp_optimizer_adapter:/home/xdkazer/P5-Kuka-Dual-Arm/p5_ws/install/chomp_motion_planner:/home/xdkazer/P5-Kuka-Dual-Arm/p5_ws/install/moveit_core:/home/xdkazer/P5-Kuka-Dual-Arm/p5_ws/install/generate_parameter_library:/home/xdkazer/P5-Kuka-Dual-Arm/p5_ws/install/parameter_traits:/home/xdkazer/P5-Kuka-Dual-Arm/p5_ws/install/moveit_resources_prbt_support:/home/xdkazer/P5-Kuka-Dual-Arm/p5_ws/install/moveit_msgs:/home/xdkazer/P5-Kuka-Dual-Arm/p5_ws/install/moveit_common:/home/xdkazer/P5-Kuka-Dual-Arm/p5_ws/install/lbr_fri_ros2_stack:/home/xdkazer/P5-Kuka-Dual-Arm/p5_ws/install/lbr_bringup:/home/xdkazer/P5-Kuka-Dual-Arm/p5_ws/install/lbr_ros2_control_right:/home/xdkazer/P5-Kuka-Dual-Arm/p5_ws/install/lbr_ros2_control_left:/home/xdkazer/P5-Kuka-Dual-Arm/p5_ws/install/lbr_ros2_control:/home/xdkazer/P5-Kuka-Dual-Arm/p5_ws/install/lbr_fri_ros2:/home/xdkazer/P5-Kuka-Dual-Arm/p5_ws/install/lbr_fri_idl:/home/xdkazer/P5-Kuka-Dual-Arm/p5_ws/install/lbr_description:/home/xdkazer/P5-Kuka-Dual-Arm/p5_ws/install/fri_client_sdk:/home/xdkazer/P5-Kuka-Dual-Arm/p5_ws/install/yolo_world:/home/xdkazer/P5-Kuka-Dual-Arm/p5_ws/install/robotiq_3f_gripper_ros2_control:/home/xdkazer/P5-Kuka-Dual-Arm/p5_ws/install/robotiq_2f_85_control:/home/xdkazer/P5-Kuka-Dual-Arm/p5_ws/install/object_detector:/home/xdkazer/P5-Kuka-Dual-Arm/p5_ws/install/janise:/home/xdkazer/P5-Kuka-Dual-Arm/p5_ws/install/gui_package:/home/xdkazer/P5-Kuka-Dual-Arm/p5_ws/install/moveit_configs_utils:/home/xdkazer/P5-Kuka-Dual-Arm/p5_ws/install/generate_parameter_library_py:/opt/ros/humble LD_LIBRARY_PATH=/home/xdkazer/Dual_Kuka_LLM_Bachelor/p5_ws/install/moveit_ros_planning_interface/lib:/home/xdkazer/Dual_Kuka_LLM_Bachelor/p5_ws/install/moveit_ros_move_group/lib:/home/xdkazer/Dual_Kuka_LLM_Bachelor/p5_ws/install/moveit_ros_warehouse/lib:/home/xdkazer/Dual_Kuka_LLM_Bachelor/p5_ws/install/moveit_planners_ompl/lib:/home/xdkazer/Dual_Kuka_LLM_Bachelor/p5_ws/install/moveit_kinematics/lib:/home/xdkazer/Dual_Kuka_LLM_Bachelor/p5_ws/install/moveit_ros_planning/lib:/home/xdkazer/Dual_Kuka_LLM_Bachelor/p5_ws/install/pilz_industrial_motion_planner_testutils/lib:/home/xdkazer/Dual_Kuka_LLM_Bachelor/p5_ws/install/moveit_simple_controller_manager/lib:/home/xdkazer/Dual_Kuka_LLM_Bachelor/p5_ws/install/moveit_ros_occupancy_map_monitor/lib:/home/xdkazer/Dual_Kuka_LLM_Bachelor/p5_ws/install/moveit_resources_prbt_ikfast_manipulator_plugin/lib:/home/xdkazer/Dual_Kuka_LLM_Bachelor/p5_ws/install/moveit_core/lib:/home/xdkazer/Dual_Kuka_LLM_Bachelor/p5_ws/install/parameter_traits/lib:/home/xdkazer/Dual_Kuka_LLM_Bachelor/p5_ws/install/moveit_msgs/lib:${LD_LIBRARY_PATH} PATH=/home/xdkazer/Dual_Kuka_LLM_Bachelor/p5_ws/install/moveit_core/bin:/home/xdkazer/Dual_Kuka_LLM_Bachelor/p5_ws/install/generate_parameter_library_py/bin:${PATH} PYTHONPATH=/home/xdkazer/Dual_Kuka_LLM_Bachelor/p5_ws/install/moveit_msgs/local/lib/python3.10/dist-packages:/home/xdkazer/Dual_Kuka_LLM_Bachelor/p5_ws/install/moveit_configs_utils/lib/python3.10/site-packages:/home/xdkazer/Dual_Kuka_LLM_Bachelor/p5_ws/install/generate_parameter_library_py/lib/python3.10/site-packages:${PYTHONPATH} /usr/bin/cmake /home/xdkazer/Dual_Kuka_LLM_Bachelor/p5_ws/src/moveit/moveit2/moveit_planners/pilz_industrial_motion_planner -DCMAKE_BUILD_TYPE=Release -DCMAKE_INSTALL_PREFIX=/home/xdkazer/Dual_Kuka_LLM_Bachelor/p5_ws/install/pilz_industrial_motion_planner
[13.854s] Invoking command in '/home/xdkazer/Dual_Kuka_LLM_Bachelor/p5_ws/build/pilz_industrial_motion_planner': AMENT_PREFIX_PATH=/home/xdkazer/Dual_Kuka_LLM_Bachelor/p5_ws/install/moveit_resources_prbt_pg70_support:/home/xdkazer/Dual_Kuka_LLM_Bachelor/p5_ws/install/moveit_ros_planning_interface:/home/xdkazer/Dual_Kuka_LLM_Bachelor/p5_ws/install/moveit_resources_prbt_moveit_config:/home/xdkazer/Dual_Kuka_LLM_Bachelor/p5_ws/install/moveit_ros_move_group:/home/xdkazer/Dual_Kuka_LLM_Bachelor/p5_ws/install/moveit_ros_warehouse:/home/xdkazer/Dual_Kuka_LLM_Bachelor/p5_ws/install/moveit_planners_ompl:/home/xdkazer/Dual_Kuka_LLM_Bachelor/p5_ws/install/moveit_kinematics:/home/xdkazer/Dual_Kuka_LLM_Bachelor/p5_ws/install/moveit_ros_planning:/home/xdkazer/Dual_Kuka_LLM_Bachelor/p5_ws/install/pilz_industrial_motion_planner_testutils:/home/xdkazer/Dual_Kuka_LLM_Bachelor/p5_ws/install/moveit_simple_controller_manager:/home/xdkazer/Dual_Kuka_LLM_Bachelor/p5_ws/install/moveit_ros_occupancy_map_monitor:/home/xdkazer/Dual_Kuka_LLM_Bachelor/p5_ws/install/moveit_resources_prbt_ikfast_manipulator_plugin:/home/xdkazer/Dual_Kuka_LLM_Bachelor/p5_ws/install/moveit_core:/home/xdkazer/Dual_Kuka_LLM_Bachelor/p5_ws/install/generate_parameter_library:/home/xdkazer/Dual_Kuka_LLM_Bachelor/p5_ws/install/parameter_traits:/home/xdkazer/Dual_Kuka_LLM_Bachelor/p5_ws/install/moveit_resources_prbt_support:/home/xdkazer/Dual_Kuka_LLM_Bachelor/p5_ws/install/moveit_msgs:/home/xdkazer/Dual_Kuka_LLM_Bachelor/p5_ws/install/moveit_configs_utils:/home/xdkazer/Dual_Kuka_LLM_Bachelor/p5_ws/install/moveit_common:/home/xdkazer/Dual_Kuka_LLM_Bachelor/p5_ws/install/generate_parameter_library_py:${AMENT_PREFIX_PATH} CMAKE_PREFIX_PATH=/home/xdkazer/Dual_Kuka_LLM_Bachelor/p5_ws/install/moveit_resources_prbt_pg70_support:/home/xdkazer/Dual_Kuka_LLM_Bachelor/p5_ws/install/moveit_ros_planning_interface:/home/xdkazer/Dual_Kuka_LLM_Bachelor/p5_ws/install/moveit_resources_prbt_moveit_config:/home/xdkazer/Dual_Kuka_LLM_Bachelor/p5_ws/install/moveit_ros_move_group:/home/xdkazer/Dual_Kuka_LLM_Bachelor/p5_ws/install/moveit_ros_warehouse:/home/xdkazer/Dual_Kuka_LLM_Bachelor/p5_ws/install/moveit_planners_ompl:/home/xdkazer/Dual_Kuka_LLM_Bachelor/p5_ws/install/moveit_kinematics:/home/xdkazer/Dual_Kuka_LLM_Bachelor/p5_ws/install/moveit_ros_planning:/home/xdkazer/Dual_Kuka_LLM_Bachelor/p5_ws/install/pilz_industrial_motion_planner_testutils:/home/xdkazer/Dual_Kuka_LLM_Bachelor/p5_ws/install/moveit_simple_controller_manager:/home/xdkazer/Dual_Kuka_LLM_Bachelor/p5_ws/install/moveit_ros_occupancy_map_monitor:/home/xdkazer/Dual_Kuka_LLM_Bachelor/p5_ws/install/moveit_resources_prbt_ikfast_manipulator_plugin:/home/xdkazer/Dual_Kuka_LLM_Bachelor/p5_ws/install/moveit_core:/home/xdkazer/Dual_Kuka_LLM_Bachelor/p5_ws/install/generate_parameter_library:/home/xdkazer/Dual_Kuka_LLM_Bachelor/p5_ws/install/parameter_traits:/home/xdkazer/Dual_Kuka_LLM_Bachelor/p5_ws/install/moveit_resources_prbt_support:/home/xdkazer/Dual_Kuka_LLM_Bachelor/p5_ws/install/moveit_msgs:/home/xdkazer/Dual_Kuka_LLM_Bachelor/p5_ws/install/moveit_common:/home/xdkazer/P5-Kuka-Dual-Arm/p5_ws/install/set_moveit_coords:/home/xdkazer/P5-Kuka-Dual-Arm/p5_ws/install/robutler_bringup:/home/xdkazer/P5-Kuka-Dual-Arm/p5_ws/install/robotiq_3f_gripper_ros2_interfaces:/home/xdkazer/P5-Kuka-Dual-Arm/p5_ws/install/robotiq_2f_85_interfaces:/home/xdkazer/P5-Kuka-Dual-Arm/p5_ws/install/realsense2_description:/home/xdkazer/P5-Kuka-Dual-Arm/p5_ws/install/realsense2_camera:/home/xdkazer/P5-Kuka-Dual-Arm/p5_ws/install/realsense2_camera_msgs:/home/xdkazer/P5-Kuka-Dual-Arm/p5_ws/install/project_interfaces:/home/xdkazer/P5-Kuka-Dual-Arm/p5_ws/install/pilz_industrial_motion_planner_testutils:/home/xdkazer/P5-Kuka-Dual-Arm/p5_ws/install/moveit_runtime:/home/xdkazer/P5-Kuka-Dual-Arm/p5_ws/install/moveit:/home/xdkazer/P5-Kuka-Dual-Arm/p5_ws/install/iiwa7_table_moveit_config:/home/xdkazer/P5-Kuka-Dual-Arm/p5_ws/install/iiwa7_table_cali_moveit_config:/home/xdkazer/P5-Kuka-Dual-Arm/p5_ws/install/iiwa7_moveit_config:/home/xdkazer/P5-Kuka-Dual-Arm/p5_ws/install/dual_arm_moveit_config:/home/xdkazer/P5-Kuka-Dual-Arm/p5_ws/install/moveit_planners:/home/xdkazer/P5-Kuka-Dual-Arm/p5_ws/install/pilz_industrial_motion_planner:/home/xdkazer/P5-Kuka-Dual-Arm/p5_ws/install/moveit_ros_control_interface:/home/xdkazer/P5-Kuka-Dual-Arm/p5_ws/install/moveit_plugins:/home/xdkazer/P5-Kuka-Dual-Arm/p5_ws/install/moveit_simple_controller_manager:/home/xdkazer/P5-Kuka-Dual-Arm/p5_ws/install/moveit_servo:/home/xdkazer/P5-Kuka-Dual-Arm/p5_ws/install/moveit_ros:/home/xdkazer/P5-Kuka-Dual-Arm/p5_ws/install/moveit_ros_visualization:/home/xdkazer/P5-Kuka-Dual-Arm/p5_ws/install/moveit_hybrid_planning:/home/xdkazer/P5-Kuka-Dual-Arm/p5_ws/install/moveit_ros_planning_interface:/home/xdkazer/P5-Kuka-Dual-Arm/p5_ws/install/moveit_ros_benchmarks:/home/xdkazer/P5-Kuka-Dual-Arm/p5_ws/install/moveit_ros_warehouse:/home/xdkazer/P5-Kuka-Dual-Arm/p5_ws/install/moveit_ros_robot_interaction:/home/xdkazer/P5-Kuka-Dual-Arm/p5_ws/install/moveit_ros_perception:/home/xdkazer/P5-Kuka-Dual-Arm/p5_ws/install/moveit_resources_prbt_pg70_support:/home/xdkazer/P5-Kuka-Dual-Arm/p5_ws/install/moveit_resources_prbt_moveit_config:/home/xdkazer/P5-Kuka-Dual-Arm/p5_ws/install/moveit_ros_move_group:/home/xdkazer/P5-Kuka-Dual-Arm/p5_ws/install/moveit_planners_ompl:/home/xdkazer/P5-Kuka-Dual-Arm/p5_ws/install/moveit_ros_planning:/home/xdkazer/P5-Kuka-Dual-Arm/p5_ws/install/moveit_ros_occupancy_map_monitor:/home/xdkazer/P5-Kuka-Dual-Arm/p5_ws/install/moveit_resources_prbt_ikfast_manipulator_plugin:/home/xdkazer/P5-Kuka-Dual-Arm/p5_ws/install/moveit_planners_chomp:/home/xdkazer/P5-Kuka-Dual-Arm/p5_ws/install/moveit_kinematics:/home/xdkazer/P5-Kuka-Dual-Arm/p5_ws/install/moveit_chomp_optimizer_adapter:/home/xdkazer/P5-Kuka-Dual-Arm/p5_ws/install/chomp_motion_planner:/home/xdkazer/P5-Kuka-Dual-Arm/p5_ws/install/moveit_core:/home/xdkazer/P5-Kuka-Dual-Arm/p5_ws/install/generate_parameter_library:/home/xdkazer/P5-Kuka-Dual-Arm/p5_ws/install/parameter_traits:/home/xdkazer/P5-Kuka-Dual-Arm/p5_ws/install/moveit_resources_prbt_support:/home/xdkazer/P5-Kuka-Dual-Arm/p5_ws/install/moveit_msgs:/home/xdkazer/P5-Kuka-Dual-Arm/p5_ws/install/moveit_common:/home/xdkazer/P5-Kuka-Dual-Arm/p5_ws/install/lbr_fri_ros2_stack:/home/xdkazer/P5-Kuka-Dual-Arm/p5_ws/install/lbr_bringup:/home/xdkazer/P5-Kuka-Dual-Arm/p5_ws/install/lbr_ros2_control_right:/home/xdkazer/P5-Kuka-Dual-Arm/p5_ws/install/lbr_ros2_control_left:/home/xdkazer/P5-Kuka-Dual-Arm/p5_ws/install/lbr_ros2_control:/home/xdkazer/P5-Kuka-Dual-Arm/p5_ws/install/lbr_fri_ros2:/home/xdkazer/P5-Kuka-Dual-Arm/p5_ws/install/lbr_fri_idl:/home/xdkazer/P5-Kuka-Dual-Arm/p5_ws/install/lbr_description:/home/xdkazer/P5-Kuka-Dual-Arm/p5_ws/install/fri_client_sdk:/home/xdkazer/P5-Kuka-Dual-Arm/p5_ws/install/yolo_world:/home/xdkazer/P5-Kuka-Dual-Arm/p5_ws/install/robotiq_3f_gripper_ros2_control:/home/xdkazer/P5-Kuka-Dual-Arm/p5_ws/install/robotiq_2f_85_control:/home/xdkazer/P5-Kuka-Dual-Arm/p5_ws/install/object_detector:/home/xdkazer/P5-Kuka-Dual-Arm/p5_ws/install/janise:/home/xdkazer/P5-Kuka-Dual-Arm/p5_ws/install/gui_package:/home/xdkazer/P5-Kuka-Dual-Arm/p5_ws/install/moveit_configs_utils:/home/xdkazer/P5-Kuka-Dual-Arm/p5_ws/install/generate_parameter_library_py:/opt/ros/humble LD_LIBRARY_PATH=/home/xdkazer/Dual_Kuka_LLM_Bachelor/p5_ws/install/moveit_ros_planning_interface/lib:/home/xdkazer/Dual_Kuka_LLM_Bachelor/p5_ws/install/moveit_ros_move_group/lib:/home/xdkazer/Dual_Kuka_LLM_Bachelor/p5_ws/install/moveit_ros_warehouse/lib:/home/xdkazer/Dual_Kuka_LLM_Bachelor/p5_ws/install/moveit_planners_ompl/lib:/home/xdkazer/Dual_Kuka_LLM_Bachelor/p5_ws/install/moveit_kinematics/lib:/home/xdkazer/Dual_Kuka_LLM_Bachelor/p5_ws/install/moveit_ros_planning/lib:/home/xdkazer/Dual_Kuka_LLM_Bachelor/p5_ws/install/pilz_industrial_motion_planner_testutils/lib:/home/xdkazer/Dual_Kuka_LLM_Bachelor/p5_ws/install/moveit_simple_controller_manager/lib:/home/xdkazer/Dual_Kuka_LLM_Bachelor/p5_ws/install/moveit_ros_occupancy_map_monitor/lib:/home/xdkazer/Dual_Kuka_LLM_Bachelor/p5_ws/install/moveit_resources_prbt_ikfast_manipulator_plugin/lib:/home/xdkazer/Dual_Kuka_LLM_Bachelor/p5_ws/install/moveit_core/lib:/home/xdkazer/Dual_Kuka_LLM_Bachelor/p5_ws/install/parameter_traits/lib:/home/xdkazer/Dual_Kuka_LLM_Bachelor/p5_ws/install/moveit_msgs/lib:${LD_LIBRARY_PATH} PATH=/home/xdkazer/Dual_Kuka_LLM_Bachelor/p5_ws/install/moveit_core/bin:/home/xdkazer/Dual_Kuka_LLM_Bachelor/p5_ws/install/generate_parameter_library_py/bin:${PATH} PYTHONPATH=/home/xdkazer/Dual_Kuka_LLM_Bachelor/p5_ws/install/moveit_msgs/local/lib/python3.10/dist-packages:/home/xdkazer/Dual_Kuka_LLM_Bachelor/p5_ws/install/moveit_configs_utils/lib/python3.10/site-packages:/home/xdkazer/Dual_Kuka_LLM_Bachelor/p5_ws/install/generate_parameter_library_py/lib/python3.10/site-packages:${PYTHONPATH} /usr/bin/cmake --build /home/xdkazer/Dual_Kuka_LLM_Bachelor/p5_ws/build/pilz_industrial_motion_planner -- -j4 -l4
[17.150s] [  1%] [32mBuilding CXX object CMakeFiles/joint_limits_common.dir/src/joint_limits_aggregator.cpp.o[0m
[17.287s] [  2%] [32mBuilding CXX object CMakeFiles/trajectory_generation_common.dir/src/trajectory_functions.cpp.o[0m
[17.903s] [  4%] [32mBuilding CXX object CMakeFiles/joint_limits_common.dir/src/joint_limits_container.cpp.o[0m
[19.782s] [  3%] [32mBuilding CXX object CMakeFiles/planning_context_loader_base.dir/src/planning_context_loader.cpp.o[0m
[54.822s] [  6%] [32m[1mLinking CXX shared library libplanning_context_loader_base.so[0m
[59.522s] [  7%] [32mBuilding CXX object CMakeFiles/joint_limits_common.dir/src/joint_limits_validator.cpp.o[0m
[60.730s] [  8%] [32mBuilding CXX object CMakeFiles/trajectory_generation_common.dir/src/trajectory_generator.cpp.o[0m
[77.809s] [  9%] [32mBuilding CXX object CMakeFiles/joint_limits_common.dir/src/limits_container.cpp.o[0m
[78.654s] [ 10%] [32mBuilding CXX object CMakeFiles/joint_limits_common.dir/src/cartesian_limit.cpp.o[0m
[78.723s] [ 12%] [32mBuilding CXX object CMakeFiles/joint_limits_common.dir/src/cartesian_limits_aggregator.cpp.o[0m
[83.450s] [ 13%] [32m[1mLinking CXX shared library libjoint_limits_common.so[0m
[85.754s] [ 13%] Built target joint_limits_common
[88.293s] [ 14%] [32mBuilding CXX object CMakeFiles/trajectory_generation_common.dir/src/trajectory_blender_transition_window.cpp.o[0m
[92.521s] [ 14%] Built target planning_context_loader_base
[102.737s] [ 15%] [32m[1mLinking CXX shared library libtrajectory_generation_common.so[0m
[103.105s] [ 15%] Built target trajectory_generation_common
[103.182s] [ 16%] [32mBuilding CXX object gmock/CMakeFiles/gmock_main.dir/src/gmock_main.cc.o[0m
[105.010s] [ 18%] [32m[1mLinking CXX static library libgmock_main.a[0m
[105.142s] [ 18%] Built target gmock_main
[105.211s] [ 19%] [32mBuilding CXX object gmock/CMakeFiles/gmock.dir/opt/ros/humble/src/gtest_vendor/src/gtest-all.cc.o[0m
[116.614s] [ 20%] [32mBuilding CXX object gmock/CMakeFiles/gmock.dir/src/gmock-all.cc.o[0m
[120.957s] [ 21%] [32m[1mLinking CXX static library libgmock.a[0m
[121.053s] [ 21%] Built target gmock
[121.104s] [ 22%] [32mBuilding CXX object CMakeFiles/command_list_manager.dir/src/command_list_manager.cpp.o[0m
[134.397s] [ 24%] [32mBuilding CXX object CMakeFiles/command_list_manager.dir/src/plan_components_builder.cpp.o[0m
[144.098s] [ 25%] [32m[1mLinking CXX shared library libcommand_list_manager.so[0m
[144.407s] [ 25%] Built target command_list_manager
[144.489s] [ 26%] [32mBuilding CXX object CMakeFiles/pilz_industrial_motion_planner.dir/src/pilz_industrial_motion_planner.cpp.o[0m
[160.987s] [ 27%] [32m[1mLinking CXX shared library libpilz_industrial_motion_planner.so[0m
[161.444s] [ 27%] Built target pilz_industrial_motion_planner
[161.510s] [ 28%] [32mBuilding CXX object CMakeFiles/planning_context_loader_ptp.dir/src/planning_context_loader_ptp.cpp.o[0m
[174.490s] [ 30%] [32mBuilding CXX object CMakeFiles/planning_context_loader_ptp.dir/src/trajectory_generator_ptp.cpp.o[0m
[188.004s] [ 31%] [32mBuilding CXX object CMakeFiles/planning_context_loader_ptp.dir/src/velocity_profile_atrap.cpp.o[0m
[188.989s] [ 32%] [32m[1mLinking CXX shared library libplanning_context_loader_ptp.so[0m
[189.438s] [ 32%] Built target planning_context_loader_ptp
[189.503s] [ 33%] [32mBuilding CXX object CMakeFiles/planning_context_loader_lin.dir/src/planning_context_loader_lin.cpp.o[0m
[201.952s] [ 34%] [32mBuilding CXX object CMakeFiles/planning_context_loader_lin.dir/src/trajectory_generator_lin.cpp.o[0m
[213.645s] [ 36%] [32mBuilding CXX object CMakeFiles/planning_context_loader_lin.dir/src/velocity_profile_atrap.cpp.o[0m
[214.465s] [ 37%] [32m[1mLinking CXX shared library libplanning_context_loader_lin.so[0m
[214.791s] [ 37%] Built target planning_context_loader_lin
[214.855s] [ 38%] [32mBuilding CXX object CMakeFiles/planning_context_loader_circ.dir/src/planning_context_loader_circ.cpp.o[0m
[225.659s] [ 39%] [32mBuilding CXX object CMakeFiles/planning_context_loader_circ.dir/src/trajectory_generator_circ.cpp.o[0m
[238.767s] [ 40%] [32mBuilding CXX object CMakeFiles/planning_context_loader_circ.dir/src/path_circle_generator.cpp.o[0m
[240.167s] [ 42%] [32m[1mLinking CXX shared library libplanning_context_loader_circ.so[0m
[240.563s] [ 42%] Built target planning_context_loader_circ
[240.632s] [ 43%] [32mBuilding CXX object CMakeFiles/sequence_capability.dir/src/move_group_sequence_action.cpp.o[0m
[259.092s] [ 44%] [32mBuilding CXX object test/CMakeFiles/pilz_industrial_motion_planner_test_utils.dir/test_utils.cpp.o[0m
[259.112s] [ 45%] [32mBuilding CXX object gtest/CMakeFiles/gtest.dir/src/gtest-all.cc.o[0m
[260.817s] [ 46%] [32mBuilding CXX object CMakeFiles/sequence_capability.dir/src/move_group_sequence_service.cpp.o[0m
[264.519s] [ 48%] [32mBuilding CXX object gtest/CMakeFiles/gtest_main.dir/src/gtest_main.cc.o[0m
[266.927s] [ 49%] [32m[1mLinking CXX static library libgtest_main.a[0m
[269.829s] [ 49%] Built target gtest_main
[274.822s] [ 50%] [32m[1mLinking CXX static library libgtest.a[0m
[278.857s] [ 50%] Built target gtest
[280.387s] [ 51%] [32m[1mLinking CXX shared library libsequence_capability.so[0m
[280.831s] [ 51%] Built target sequence_capability
[283.234s] [ 53%] [32m[1mLinking CXX static library libpilz_industrial_motion_planner_test_utils.a[0m
[283.326s] [ 53%] Built target pilz_industrial_motion_planner_test_utils
[283.382s] [ 54%] [32mBuilding CXX object test/unit_tests/CMakeFiles/unittest_velocity_profile_atrap.dir/src/unittest_velocity_profile_atrap.cpp.o[0m
[287.244s] [ 55%] [32mBuilding CXX object test/unit_tests/CMakeFiles/unittest_velocity_profile_atrap.dir/__/__/src/velocity_profile_atrap.cpp.o[0m
[287.950s] [ 56%] [32m[1mLinking CXX executable unittest_velocity_profile_atrap[0m
[292.599s] [ 56%] Built target unittest_velocity_profile_atrap
[292.651s] [ 57%] [32mBuilding CXX object test/unit_tests/CMakeFiles/unittest_trajectory_generator.dir/src/unittest_trajectory_generator.cpp.o[0m
[303.864s] [ 59%] [32mBuilding CXX object test/unit_tests/CMakeFiles/unittest_trajectory_generator.dir/__/__/src/trajectory_generator.cpp.o[0m
[306.797s] [ 60%] [32mBuilding CXX object test/unit_tests/CMakeFiles/unittest_trajectory_functions.dir/src/unittest_trajectory_functions.cpp.o[0m
[310.822s] [ 61%] [32mBuilding CXX object test/unit_tests/CMakeFiles/unittest_pilz_industrial_motion_planner_direct.dir/src/unittest_pilz_industrial_motion_planner_direct.cpp.o[0m
[310.828s] [ 62%] [32mBuilding CXX object test/unit_tests/CMakeFiles/unittest_get_solver_tip_frame.dir/src/unittest_get_solver_tip_frame.cpp.o[0m
[317.173s] [ 63%] [32m[1mLinking CXX executable unittest_trajectory_generator[0m
[318.819s] [ 63%] Built target unittest_trajectory_generator
[320.916s] [ 65%] [32m[1mLinking CXX executable unittest_get_solver_tip_frame[0m
[325.818s] [ 66%] [32m[1mLinking CXX executable unittest_trajectory_functions[0m
[328.965s] [ 66%] Built target unittest_trajectory_functions
[328.987s] [ 66%] Built target unittest_get_solver_tip_frame
[329.996s] [ 67%] [32m[1mLinking CXX executable unittest_pilz_industrial_motion_planner_direct[0m
[330.356s] [ 67%] Built target unittest_pilz_industrial_motion_planner_direct
[330.412s] [ 68%] [32mBuilding CXX object test/unit_tests/CMakeFiles/unittest_trajectory_generator_circ.dir/src/unittest_trajectory_generator_circ.cpp.o[0m
[348.375s] [ 69%] [32m[1mLinking CXX executable unittest_trajectory_generator_circ[0m
[348.852s] [ 69%] Built target unittest_trajectory_generator_circ
[348.902s] [ 71%] [32mBuilding CXX object test/unit_tests/CMakeFiles/unittest_trajectory_generator_lin.dir/src/unittest_trajectory_generator_lin.cpp.o[0m
[358.819s] [ 72%] [32mBuilding CXX object test/unit_tests/CMakeFiles/unittest_trajectory_generator_common.dir/src/unittest_trajectory_generator_common.cpp.o[0m
[358.822s] [ 73%] [32mBuilding CXX object test/unit_tests/CMakeFiles/unittest_trajectory_generator_ptp.dir/src/unittest_trajectory_generator_ptp.cpp.o[0m
[363.942s] [ 74%] [32mBuilding CXX object test/unit_tests/CMakeFiles/unittest_trajectory_blender_transition_window.dir/src/unittest_trajectory_blender_transition_window.cpp.o[0m
[366.951s] [ 75%] [32m[1mLinking CXX executable unittest_trajectory_generator_lin[0m
[369.819s] [ 75%] Built target unittest_trajectory_generator_lin
[382.085s] [ 77%] [32m[1mLinking CXX executable unittest_trajectory_generator_ptp[0m
[383.013s] [ 77%] Built target unittest_trajectory_generator_ptp
[384.732s] [ 78%] [32mBuilding CXX object test/unit_tests/CMakeFiles/unittest_trajectory_blender_transition_window.dir/__/__/src/trajectory_blender_transition_window.cpp.o[0m
[387.480s] [ 79%] [32m[1mLinking CXX executable unittest_trajectory_generator_common[0m
[388.833s] [ 79%] Built target unittest_trajectory_generator_common
[396.856s] [ 80%] [32m[1mLinking CXX executable unittest_trajectory_blender_transition_window[0m
[397.298s] [ 80%] Built target unittest_trajectory_blender_transition_window
[397.347s] [ 81%] [32mBuilding CXX object test/unit_tests/CMakeFiles/unittest_joint_limits_aggregator.dir/src/unittest_joint_limits_aggregator.cpp.o[0m
[406.502s] [ 83%] [32m[1mLinking CXX executable unittest_joint_limits_aggregator[0m
[406.971s] [ 83%] Built target unittest_joint_limits_aggregator
[407.030s] [ 84%] [32mBuilding CXX object test/unit_tests/CMakeFiles/unittest_joint_limits_container.dir/src/unittest_joint_limits_container.cpp.o[0m
[408.854s] [ 85%] [32m[1mLinking CXX executable unittest_joint_limits_container[0m
[409.199s] [ 85%] Built target unittest_joint_limits_container
[409.267s] [ 86%] [32mBuilding CXX object test/unit_tests/CMakeFiles/unittest_joint_limits_validator.dir/src/unittest_joint_limits_validator.cpp.o[0m
[411.777s] [ 87%] [32mBuilding CXX object test/unit_tests/CMakeFiles/unittest_cartesian_limits_aggregator.dir/src/unittest_cartesian_limits_aggregator.cpp.o[0m
[413.327s] [ 89%] [32m[1mLinking CXX executable unittest_joint_limits_validator[0m
[413.365s] [ 90%] [32mBuilding CXX object test/unit_tests/CMakeFiles/unittest_joint_limit.dir/src/unittest_joint_limit.cpp.o[0m
[416.143s] [ 91%] [32mBuilding CXX object test/unit_tests/CMakeFiles/unittest_pilz_industrial_motion_planner.dir/src/unittest_pilz_industrial_motion_planner.cpp.o[0m
[417.816s] [ 91%] Built target unittest_joint_limits_validator
[423.821s] [ 92%] [32mBuilding CXX object test/unit_tests/CMakeFiles/unittest_planning_context_loaders.dir/src/unittest_planning_context_loaders.cpp.o[0m
[423.822s] [ 93%] [32m[1mLinking CXX executable unittest_cartesian_limits_aggregator[0m
[428.818s] [ 95%] [32m[1mLinking CXX executable unittest_joint_limit[0m
[429.814s] [ 95%] Built target unittest_cartesian_limits_aggregator
[433.833s] [ 95%] Built target unittest_joint_limit
[453.888s] [ 96%] [32m[1mLinking CXX executable unittest_pilz_industrial_motion_planner[0m
[454.905s] [ 96%] Built target unittest_pilz_industrial_motion_planner
[454.907s] [ 97%] [32m[1mLinking CXX executable unittest_planning_context_loaders[0m
[455.534s] [ 97%] Built target unittest_planning_context_loaders
[455.608s] [ 98%] [32mBuilding CXX object test/unit_tests/CMakeFiles/unittest_planning_context.dir/src/unittest_planning_context.cpp.o[0m
[472.105s] [100%] [32m[1mLinking CXX executable unittest_planning_context[0m
[472.596s] [100%] Built target unittest_planning_context
[472.617s] Invoked command in '/home/xdkazer/Dual_Kuka_LLM_Bachelor/p5_ws/build/pilz_industrial_motion_planner' returned '0': AMENT_PREFIX_PATH=/home/xdkazer/Dual_Kuka_LLM_Bachelor/p5_ws/install/moveit_resources_prbt_pg70_support:/home/xdkazer/Dual_Kuka_LLM_Bachelor/p5_ws/install/moveit_ros_planning_interface:/home/xdkazer/Dual_Kuka_LLM_Bachelor/p5_ws/install/moveit_resources_prbt_moveit_config:/home/xdkazer/Dual_Kuka_LLM_Bachelor/p5_ws/install/moveit_ros_move_group:/home/xdkazer/Dual_Kuka_LLM_Bachelor/p5_ws/install/moveit_ros_warehouse:/home/xdkazer/Dual_Kuka_LLM_Bachelor/p5_ws/install/moveit_planners_ompl:/home/xdkazer/Dual_Kuka_LLM_Bachelor/p5_ws/install/moveit_kinematics:/home/xdkazer/Dual_Kuka_LLM_Bachelor/p5_ws/install/moveit_ros_planning:/home/xdkazer/Dual_Kuka_LLM_Bachelor/p5_ws/install/pilz_industrial_motion_planner_testutils:/home/xdkazer/Dual_Kuka_LLM_Bachelor/p5_ws/install/moveit_simple_controller_manager:/home/xdkazer/Dual_Kuka_LLM_Bachelor/p5_ws/install/moveit_ros_occupancy_map_monitor:/home/xdkazer/Dual_Kuka_LLM_Bachelor/p5_ws/install/moveit_resources_prbt_ikfast_manipulator_plugin:/home/xdkazer/Dual_Kuka_LLM_Bachelor/p5_ws/install/moveit_core:/home/xdkazer/Dual_Kuka_LLM_Bachelor/p5_ws/install/generate_parameter_library:/home/xdkazer/Dual_Kuka_LLM_Bachelor/p5_ws/install/parameter_traits:/home/xdkazer/Dual_Kuka_LLM_Bachelor/p5_ws/install/moveit_resources_prbt_support:/home/xdkazer/Dual_Kuka_LLM_Bachelor/p5_ws/install/moveit_msgs:/home/xdkazer/Dual_Kuka_LLM_Bachelor/p5_ws/install/moveit_configs_utils:/home/xdkazer/Dual_Kuka_LLM_Bachelor/p5_ws/install/moveit_common:/home/xdkazer/Dual_Kuka_LLM_Bachelor/p5_ws/install/generate_parameter_library_py:${AMENT_PREFIX_PATH} CMAKE_PREFIX_PATH=/home/xdkazer/Dual_Kuka_LLM_Bachelor/p5_ws/install/moveit_resources_prbt_pg70_support:/home/xdkazer/Dual_Kuka_LLM_Bachelor/p5_ws/install/moveit_ros_planning_interface:/home/xdkazer/Dual_Kuka_LLM_Bachelor/p5_ws/install/moveit_resources_prbt_moveit_config:/home/xdkazer/Dual_Kuka_LLM_Bachelor/p5_ws/install/moveit_ros_move_group:/home/xdkazer/Dual_Kuka_LLM_Bachelor/p5_ws/install/moveit_ros_warehouse:/home/xdkazer/Dual_Kuka_LLM_Bachelor/p5_ws/install/moveit_planners_ompl:/home/xdkazer/Dual_Kuka_LLM_Bachelor/p5_ws/install/moveit_kinematics:/home/xdkazer/Dual_Kuka_LLM_Bachelor/p5_ws/install/moveit_ros_planning:/home/xdkazer/Dual_Kuka_LLM_Bachelor/p5_ws/install/pilz_industrial_motion_planner_testutils:/home/xdkazer/Dual_Kuka_LLM_Bachelor/p5_ws/install/moveit_simple_controller_manager:/home/xdkazer/Dual_Kuka_LLM_Bachelor/p5_ws/install/moveit_ros_occupancy_map_monitor:/home/xdkazer/Dual_Kuka_LLM_Bachelor/p5_ws/install/moveit_resources_prbt_ikfast_manipulator_plugin:/home/xdkazer/Dual_Kuka_LLM_Bachelor/p5_ws/install/moveit_core:/home/xdkazer/Dual_Kuka_LLM_Bachelor/p5_ws/install/generate_parameter_library:/home/xdkazer/Dual_Kuka_LLM_Bachelor/p5_ws/install/parameter_traits:/home/xdkazer/Dual_Kuka_LLM_Bachelor/p5_ws/install/moveit_resources_prbt_support:/home/xdkazer/Dual_Kuka_LLM_Bachelor/p5_ws/install/moveit_msgs:/home/xdkazer/Dual_Kuka_LLM_Bachelor/p5_ws/install/moveit_common:/home/xdkazer/P5-Kuka-Dual-Arm/p5_ws/install/set_moveit_coords:/home/xdkazer/P5-Kuka-Dual-Arm/p5_ws/install/robutler_bringup:/home/xdkazer/P5-Kuka-Dual-Arm/p5_ws/install/robotiq_3f_gripper_ros2_interfaces:/home/xdkazer/P5-Kuka-Dual-Arm/p5_ws/install/robotiq_2f_85_interfaces:/home/xdkazer/P5-Kuka-Dual-Arm/p5_ws/install/realsense2_description:/home/xdkazer/P5-Kuka-Dual-Arm/p5_ws/install/realsense2_camera:/home/xdkazer/P5-Kuka-Dual-Arm/p5_ws/install/realsense2_camera_msgs:/home/xdkazer/P5-Kuka-Dual-Arm/p5_ws/install/project_interfaces:/home/xdkazer/P5-Kuka-Dual-Arm/p5_ws/install/pilz_industrial_motion_planner_testutils:/home/xdkazer/P5-Kuka-Dual-Arm/p5_ws/install/moveit_runtime:/home/xdkazer/P5-Kuka-Dual-Arm/p5_ws/install/moveit:/home/xdkazer/P5-Kuka-Dual-Arm/p5_ws/install/iiwa7_table_moveit_config:/home/xdkazer/P5-Kuka-Dual-Arm/p5_ws/install/iiwa7_table_cali_moveit_config:/home/xdkazer/P5-Kuka-Dual-Arm/p5_ws/install/iiwa7_moveit_config:/home/xdkazer/P5-Kuka-Dual-Arm/p5_ws/install/dual_arm_moveit_config:/home/xdkazer/P5-Kuka-Dual-Arm/p5_ws/install/moveit_planners:/home/xdkazer/P5-Kuka-Dual-Arm/p5_ws/install/pilz_industrial_motion_planner:/home/xdkazer/P5-Kuka-Dual-Arm/p5_ws/install/moveit_ros_control_interface:/home/xdkazer/P5-Kuka-Dual-Arm/p5_ws/install/moveit_plugins:/home/xdkazer/P5-Kuka-Dual-Arm/p5_ws/install/moveit_simple_controller_manager:/home/xdkazer/P5-Kuka-Dual-Arm/p5_ws/install/moveit_servo:/home/xdkazer/P5-Kuka-Dual-Arm/p5_ws/install/moveit_ros:/home/xdkazer/P5-Kuka-Dual-Arm/p5_ws/install/moveit_ros_visualization:/home/xdkazer/P5-Kuka-Dual-Arm/p5_ws/install/moveit_hybrid_planning:/home/xdkazer/P5-Kuka-Dual-Arm/p5_ws/install/moveit_ros_planning_interface:/home/xdkazer/P5-Kuka-Dual-Arm/p5_ws/install/moveit_ros_benchmarks:/home/xdkazer/P5-Kuka-Dual-Arm/p5_ws/install/moveit_ros_warehouse:/home/xdkazer/P5-Kuka-Dual-Arm/p5_ws/install/moveit_ros_robot_interaction:/home/xdkazer/P5-Kuka-Dual-Arm/p5_ws/install/moveit_ros_perception:/home/xdkazer/P5-Kuka-Dual-Arm/p5_ws/install/moveit_resources_prbt_pg70_support:/home/xdkazer/P5-Kuka-Dual-Arm/p5_ws/install/moveit_resources_prbt_moveit_config:/home/xdkazer/P5-Kuka-Dual-Arm/p5_ws/install/moveit_ros_move_group:/home/xdkazer/P5-Kuka-Dual-Arm/p5_ws/install/moveit_planners_ompl:/home/xdkazer/P5-Kuka-Dual-Arm/p5_ws/install/moveit_ros_planning:/home/xdkazer/P5-Kuka-Dual-Arm/p5_ws/install/moveit_ros_occupancy_map_monitor:/home/xdkazer/P5-Kuka-Dual-Arm/p5_ws/install/moveit_resources_prbt_ikfast_manipulator_plugin:/home/xdkazer/P5-Kuka-Dual-Arm/p5_ws/install/moveit_planners_chomp:/home/xdkazer/P5-Kuka-Dual-Arm/p5_ws/install/moveit_kinematics:/home/xdkazer/P5-Kuka-Dual-Arm/p5_ws/install/moveit_chomp_optimizer_adapter:/home/xdkazer/P5-Kuka-Dual-Arm/p5_ws/install/chomp_motion_planner:/home/xdkazer/P5-Kuka-Dual-Arm/p5_ws/install/moveit_core:/home/xdkazer/P5-Kuka-Dual-Arm/p5_ws/install/generate_parameter_library:/home/xdkazer/P5-Kuka-Dual-Arm/p5_ws/install/parameter_traits:/home/xdkazer/P5-Kuka-Dual-Arm/p5_ws/install/moveit_resources_prbt_support:/home/xdkazer/P5-Kuka-Dual-Arm/p5_ws/install/moveit_msgs:/home/xdkazer/P5-Kuka-Dual-Arm/p5_ws/install/moveit_common:/home/xdkazer/P5-Kuka-Dual-Arm/p5_ws/install/lbr_fri_ros2_stack:/home/xdkazer/P5-Kuka-Dual-Arm/p5_ws/install/lbr_bringup:/home/xdkazer/P5-Kuka-Dual-Arm/p5_ws/install/lbr_ros2_control_right:/home/xdkazer/P5-Kuka-Dual-Arm/p5_ws/install/lbr_ros2_control_left:/home/xdkazer/P5-Kuka-Dual-Arm/p5_ws/install/lbr_ros2_control:/home/xdkazer/P5-Kuka-Dual-Arm/p5_ws/install/lbr_fri_ros2:/home/xdkazer/P5-Kuka-Dual-Arm/p5_ws/install/lbr_fri_idl:/home/xdkazer/P5-Kuka-Dual-Arm/p5_ws/install/lbr_description:/home/xdkazer/P5-Kuka-Dual-Arm/p5_ws/install/fri_client_sdk:/home/xdkazer/P5-Kuka-Dual-Arm/p5_ws/install/yolo_world:/home/xdkazer/P5-Kuka-Dual-Arm/p5_ws/install/robotiq_3f_gripper_ros2_control:/home/xdkazer/P5-Kuka-Dual-Arm/p5_ws/install/robotiq_2f_85_control:/home/xdkazer/P5-Kuka-Dual-Arm/p5_ws/install/object_detector:/home/xdkazer/P5-Kuka-Dual-Arm/p5_ws/install/janise:/home/xdkazer/P5-Kuka-Dual-Arm/p5_ws/install/gui_package:/home/xdkazer/P5-Kuka-Dual-Arm/p5_ws/install/moveit_configs_utils:/home/xdkazer/P5-Kuka-Dual-Arm/p5_ws/install/generate_parameter_library_py:/opt/ros/humble LD_LIBRARY_PATH=/home/xdkazer/Dual_Kuka_LLM_Bachelor/p5_ws/install/moveit_ros_planning_interface/lib:/home/xdkazer/Dual_Kuka_LLM_Bachelor/p5_ws/install/moveit_ros_move_group/lib:/home/xdkazer/Dual_Kuka_LLM_Bachelor/p5_ws/install/moveit_ros_warehouse/lib:/home/xdkazer/Dual_Kuka_LLM_Bachelor/p5_ws/install/moveit_planners_ompl/lib:/home/xdkazer/Dual_Kuka_LLM_Bachelor/p5_ws/install/moveit_kinematics/lib:/home/xdkazer/Dual_Kuka_LLM_Bachelor/p5_ws/install/moveit_ros_planning/lib:/home/xdkazer/Dual_Kuka_LLM_Bachelor/p5_ws/install/pilz_industrial_motion_planner_testutils/lib:/home/xdkazer/Dual_Kuka_LLM_Bachelor/p5_ws/install/moveit_simple_controller_manager/lib:/home/xdkazer/Dual_Kuka_LLM_Bachelor/p5_ws/install/moveit_ros_occupancy_map_monitor/lib:/home/xdkazer/Dual_Kuka_LLM_Bachelor/p5_ws/install/moveit_resources_prbt_ikfast_manipulator_plugin/lib:/home/xdkazer/Dual_Kuka_LLM_Bachelor/p5_ws/install/moveit_core/lib:/home/xdkazer/Dual_Kuka_LLM_Bachelor/p5_ws/install/parameter_traits/lib:/home/xdkazer/Dual_Kuka_LLM_Bachelor/p5_ws/install/moveit_msgs/lib:${LD_LIBRARY_PATH} PATH=/home/xdkazer/Dual_Kuka_LLM_Bachelor/p5_ws/install/moveit_core/bin:/home/xdkazer/Dual_Kuka_LLM_Bachelor/p5_ws/install/generate_parameter_library_py/bin:${PATH} PYTHONPATH=/home/xdkazer/Dual_Kuka_LLM_Bachelor/p5_ws/install/moveit_msgs/local/lib/python3.10/dist-packages:/home/xdkazer/Dual_Kuka_LLM_Bachelor/p5_ws/install/moveit_configs_utils/lib/python3.10/site-packages:/home/xdkazer/Dual_Kuka_LLM_Bachelor/p5_ws/install/generate_parameter_library_py/lib/python3.10/site-packages:${PYTHONPATH} /usr/bin/cmake --build /home/xdkazer/Dual_Kuka_LLM_Bachelor/p5_ws/build/pilz_industrial_motion_planner -- -j4 -l4
[472.622s] Invoking command in '/home/xdkazer/Dual_Kuka_LLM_Bachelor/p5_ws/build/pilz_industrial_motion_planner': AMENT_PREFIX_PATH=/home/xdkazer/Dual_Kuka_LLM_Bachelor/p5_ws/install/moveit_resources_prbt_pg70_support:/home/xdkazer/Dual_Kuka_LLM_Bachelor/p5_ws/install/moveit_ros_planning_interface:/home/xdkazer/Dual_Kuka_LLM_Bachelor/p5_ws/install/moveit_resources_prbt_moveit_config:/home/xdkazer/Dual_Kuka_LLM_Bachelor/p5_ws/install/moveit_ros_move_group:/home/xdkazer/Dual_Kuka_LLM_Bachelor/p5_ws/install/moveit_ros_warehouse:/home/xdkazer/Dual_Kuka_LLM_Bachelor/p5_ws/install/moveit_planners_ompl:/home/xdkazer/Dual_Kuka_LLM_Bachelor/p5_ws/install/moveit_kinematics:/home/xdkazer/Dual_Kuka_LLM_Bachelor/p5_ws/install/moveit_ros_planning:/home/xdkazer/Dual_Kuka_LLM_Bachelor/p5_ws/install/pilz_industrial_motion_planner_testutils:/home/xdkazer/Dual_Kuka_LLM_Bachelor/p5_ws/install/moveit_simple_controller_manager:/home/xdkazer/Dual_Kuka_LLM_Bachelor/p5_ws/install/moveit_ros_occupancy_map_monitor:/home/xdkazer/Dual_Kuka_LLM_Bachelor/p5_ws/install/moveit_resources_prbt_ikfast_manipulator_plugin:/home/xdkazer/Dual_Kuka_LLM_Bachelor/p5_ws/install/moveit_core:/home/xdkazer/Dual_Kuka_LLM_Bachelor/p5_ws/install/generate_parameter_library:/home/xdkazer/Dual_Kuka_LLM_Bachelor/p5_ws/install/parameter_traits:/home/xdkazer/Dual_Kuka_LLM_Bachelor/p5_ws/install/moveit_resources_prbt_support:/home/xdkazer/Dual_Kuka_LLM_Bachelor/p5_ws/install/moveit_msgs:/home/xdkazer/Dual_Kuka_LLM_Bachelor/p5_ws/install/moveit_configs_utils:/home/xdkazer/Dual_Kuka_LLM_Bachelor/p5_ws/install/moveit_common:/home/xdkazer/Dual_Kuka_LLM_Bachelor/p5_ws/install/generate_parameter_library_py:${AMENT_PREFIX_PATH} CMAKE_PREFIX_PATH=/home/xdkazer/Dual_Kuka_LLM_Bachelor/p5_ws/install/moveit_resources_prbt_pg70_support:/home/xdkazer/Dual_Kuka_LLM_Bachelor/p5_ws/install/moveit_ros_planning_interface:/home/xdkazer/Dual_Kuka_LLM_Bachelor/p5_ws/install/moveit_resources_prbt_moveit_config:/home/xdkazer/Dual_Kuka_LLM_Bachelor/p5_ws/install/moveit_ros_move_group:/home/xdkazer/Dual_Kuka_LLM_Bachelor/p5_ws/install/moveit_ros_warehouse:/home/xdkazer/Dual_Kuka_LLM_Bachelor/p5_ws/install/moveit_planners_ompl:/home/xdkazer/Dual_Kuka_LLM_Bachelor/p5_ws/install/moveit_kinematics:/home/xdkazer/Dual_Kuka_LLM_Bachelor/p5_ws/install/moveit_ros_planning:/home/xdkazer/Dual_Kuka_LLM_Bachelor/p5_ws/install/pilz_industrial_motion_planner_testutils:/home/xdkazer/Dual_Kuka_LLM_Bachelor/p5_ws/install/moveit_simple_controller_manager:/home/xdkazer/Dual_Kuka_LLM_Bachelor/p5_ws/install/moveit_ros_occupancy_map_monitor:/home/xdkazer/Dual_Kuka_LLM_Bachelor/p5_ws/install/moveit_resources_prbt_ikfast_manipulator_plugin:/home/xdkazer/Dual_Kuka_LLM_Bachelor/p5_ws/install/moveit_core:/home/xdkazer/Dual_Kuka_LLM_Bachelor/p5_ws/install/generate_parameter_library:/home/xdkazer/Dual_Kuka_LLM_Bachelor/p5_ws/install/parameter_traits:/home/xdkazer/Dual_Kuka_LLM_Bachelor/p5_ws/install/moveit_resources_prbt_support:/home/xdkazer/Dual_Kuka_LLM_Bachelor/p5_ws/install/moveit_msgs:/home/xdkazer/Dual_Kuka_LLM_Bachelor/p5_ws/install/moveit_common:/home/xdkazer/P5-Kuka-Dual-Arm/p5_ws/install/set_moveit_coords:/home/xdkazer/P5-Kuka-Dual-Arm/p5_ws/install/robutler_bringup:/home/xdkazer/P5-Kuka-Dual-Arm/p5_ws/install/robotiq_3f_gripper_ros2_interfaces:/home/xdkazer/P5-Kuka-Dual-Arm/p5_ws/install/robotiq_2f_85_interfaces:/home/xdkazer/P5-Kuka-Dual-Arm/p5_ws/install/realsense2_description:/home/xdkazer/P5-Kuka-Dual-Arm/p5_ws/install/realsense2_camera:/home/xdkazer/P5-Kuka-Dual-Arm/p5_ws/install/realsense2_camera_msgs:/home/xdkazer/P5-Kuka-Dual-Arm/p5_ws/install/project_interfaces:/home/xdkazer/P5-Kuka-Dual-Arm/p5_ws/install/pilz_industrial_motion_planner_testutils:/home/xdkazer/P5-Kuka-Dual-Arm/p5_ws/install/moveit_runtime:/home/xdkazer/P5-Kuka-Dual-Arm/p5_ws/install/moveit:/home/xdkazer/P5-Kuka-Dual-Arm/p5_ws/install/iiwa7_table_moveit_config:/home/xdkazer/P5-Kuka-Dual-Arm/p5_ws/install/iiwa7_table_cali_moveit_config:/home/xdkazer/P5-Kuka-Dual-Arm/p5_ws/install/iiwa7_moveit_config:/home/xdkazer/P5-Kuka-Dual-Arm/p5_ws/install/dual_arm_moveit_config:/home/xdkazer/P5-Kuka-Dual-Arm/p5_ws/install/moveit_planners:/home/xdkazer/P5-Kuka-Dual-Arm/p5_ws/install/pilz_industrial_motion_planner:/home/xdkazer/P5-Kuka-Dual-Arm/p5_ws/install/moveit_ros_control_interface:/home/xdkazer/P5-Kuka-Dual-Arm/p5_ws/install/moveit_plugins:/home/xdkazer/P5-Kuka-Dual-Arm/p5_ws/install/moveit_simple_controller_manager:/home/xdkazer/P5-Kuka-Dual-Arm/p5_ws/install/moveit_servo:/home/xdkazer/P5-Kuka-Dual-Arm/p5_ws/install/moveit_ros:/home/xdkazer/P5-Kuka-Dual-Arm/p5_ws/install/moveit_ros_visualization:/home/xdkazer/P5-Kuka-Dual-Arm/p5_ws/install/moveit_hybrid_planning:/home/xdkazer/P5-Kuka-Dual-Arm/p5_ws/install/moveit_ros_planning_interface:/home/xdkazer/P5-Kuka-Dual-Arm/p5_ws/install/moveit_ros_benchmarks:/home/xdkazer/P5-Kuka-Dual-Arm/p5_ws/install/moveit_ros_warehouse:/home/xdkazer/P5-Kuka-Dual-Arm/p5_ws/install/moveit_ros_robot_interaction:/home/xdkazer/P5-Kuka-Dual-Arm/p5_ws/install/moveit_ros_perception:/home/xdkazer/P5-Kuka-Dual-Arm/p5_ws/install/moveit_resources_prbt_pg70_support:/home/xdkazer/P5-Kuka-Dual-Arm/p5_ws/install/moveit_resources_prbt_moveit_config:/home/xdkazer/P5-Kuka-Dual-Arm/p5_ws/install/moveit_ros_move_group:/home/xdkazer/P5-Kuka-Dual-Arm/p5_ws/install/moveit_planners_ompl:/home/xdkazer/P5-Kuka-Dual-Arm/p5_ws/install/moveit_ros_planning:/home/xdkazer/P5-Kuka-Dual-Arm/p5_ws/install/moveit_ros_occupancy_map_monitor:/home/xdkazer/P5-Kuka-Dual-Arm/p5_ws/install/moveit_resources_prbt_ikfast_manipulator_plugin:/home/xdkazer/P5-Kuka-Dual-Arm/p5_ws/install/moveit_planners_chomp:/home/xdkazer/P5-Kuka-Dual-Arm/p5_ws/install/moveit_kinematics:/home/xdkazer/P5-Kuka-Dual-Arm/p5_ws/install/moveit_chomp_optimizer_adapter:/home/xdkazer/P5-Kuka-Dual-Arm/p5_ws/install/chomp_motion_planner:/home/xdkazer/P5-Kuka-Dual-Arm/p5_ws/install/moveit_core:/home/xdkazer/P5-Kuka-Dual-Arm/p5_ws/install/generate_parameter_library:/home/xdkazer/P5-Kuka-Dual-Arm/p5_ws/install/parameter_traits:/home/xdkazer/P5-Kuka-Dual-Arm/p5_ws/install/moveit_resources_prbt_support:/home/xdkazer/P5-Kuka-Dual-Arm/p5_ws/install/moveit_msgs:/home/xdkazer/P5-Kuka-Dual-Arm/p5_ws/install/moveit_common:/home/xdkazer/P5-Kuka-Dual-Arm/p5_ws/install/lbr_fri_ros2_stack:/home/xdkazer/P5-Kuka-Dual-Arm/p5_ws/install/lbr_bringup:/home/xdkazer/P5-Kuka-Dual-Arm/p5_ws/install/lbr_ros2_control_right:/home/xdkazer/P5-Kuka-Dual-Arm/p5_ws/install/lbr_ros2_control_left:/home/xdkazer/P5-Kuka-Dual-Arm/p5_ws/install/lbr_ros2_control:/home/xdkazer/P5-Kuka-Dual-Arm/p5_ws/install/lbr_fri_ros2:/home/xdkazer/P5-Kuka-Dual-Arm/p5_ws/install/lbr_fri_idl:/home/xdkazer/P5-Kuka-Dual-Arm/p5_ws/install/lbr_description:/home/xdkazer/P5-Kuka-Dual-Arm/p5_ws/install/fri_client_sdk:/home/xdkazer/P5-Kuka-Dual-Arm/p5_ws/install/yolo_world:/home/xdkazer/P5-Kuka-Dual-Arm/p5_ws/install/robotiq_3f_gripper_ros2_control:/home/xdkazer/P5-Kuka-Dual-Arm/p5_ws/install/robotiq_2f_85_control:/home/xdkazer/P5-Kuka-Dual-Arm/p5_ws/install/object_detector:/home/xdkazer/P5-Kuka-Dual-Arm/p5_ws/install/janise:/home/xdkazer/P5-Kuka-Dual-Arm/p5_ws/install/gui_package:/home/xdkazer/P5-Kuka-Dual-Arm/p5_ws/install/moveit_configs_utils:/home/xdkazer/P5-Kuka-Dual-Arm/p5_ws/install/generate_parameter_library_py:/opt/ros/humble LD_LIBRARY_PATH=/home/xdkazer/Dual_Kuka_LLM_Bachelor/p5_ws/install/moveit_ros_planning_interface/lib:/home/xdkazer/Dual_Kuka_LLM_Bachelor/p5_ws/install/moveit_ros_move_group/lib:/home/xdkazer/Dual_Kuka_LLM_Bachelor/p5_ws/install/moveit_ros_warehouse/lib:/home/xdkazer/Dual_Kuka_LLM_Bachelor/p5_ws/install/moveit_planners_ompl/lib:/home/xdkazer/Dual_Kuka_LLM_Bachelor/p5_ws/install/moveit_kinematics/lib:/home/xdkazer/Dual_Kuka_LLM_Bachelor/p5_ws/install/moveit_ros_planning/lib:/home/xdkazer/Dual_Kuka_LLM_Bachelor/p5_ws/install/pilz_industrial_motion_planner_testutils/lib:/home/xdkazer/Dual_Kuka_LLM_Bachelor/p5_ws/install/moveit_simple_controller_manager/lib:/home/xdkazer/Dual_Kuka_LLM_Bachelor/p5_ws/install/moveit_ros_occupancy_map_monitor/lib:/home/xdkazer/Dual_Kuka_LLM_Bachelor/p5_ws/install/moveit_resources_prbt_ikfast_manipulator_plugin/lib:/home/xdkazer/Dual_Kuka_LLM_Bachelor/p5_ws/install/moveit_core/lib:/home/xdkazer/Dual_Kuka_LLM_Bachelor/p5_ws/install/parameter_traits/lib:/home/xdkazer/Dual_Kuka_LLM_Bachelor/p5_ws/install/moveit_msgs/lib:${LD_LIBRARY_PATH} PATH=/home/xdkazer/Dual_Kuka_LLM_Bachelor/p5_ws/install/moveit_core/bin:/home/xdkazer/Dual_Kuka_LLM_Bachelor/p5_ws/install/generate_parameter_library_py/bin:${PATH} PYTHONPATH=/home/xdkazer/Dual_Kuka_LLM_Bachelor/p5_ws/install/moveit_msgs/local/lib/python3.10/dist-packages:/home/xdkazer/Dual_Kuka_LLM_Bachelor/p5_ws/install/moveit_configs_utils/lib/python3.10/site-packages:/home/xdkazer/Dual_Kuka_LLM_Bachelor/p5_ws/install/generate_parameter_library_py/lib/python3.10/site-packages:${PYTHONPATH} /usr/bin/cmake --install /home/xdkazer/Dual_Kuka_LLM_Bachelor/p5_ws/build/pilz_industrial_motion_planner
[472.636s] -- Install configuration: "Release"
[472.637s] -- Installing: /home/xdkazer/Dual_Kuka_LLM_Bachelor/p5_ws/install/pilz_industrial_motion_planner/share/pilz_industrial_motion_planner/plugins/pilz_industrial_motion_planner_plugin_description.xml
[472.637s] -- Installing: /home/xdkazer/Dual_Kuka_LLM_Bachelor/p5_ws/install/pilz_industrial_motion_planner/share/pilz_industrial_motion_planner/plugins/sequence_capability_plugin_description.xml
[472.637s] -- Installing: /home/xdkazer/Dual_Kuka_LLM_Bachelor/p5_ws/install/pilz_industrial_motion_planner/share/pilz_industrial_motion_planner/plugins/planning_context_plugin_description.xml
[472.646s] -- Installing: /home/xdkazer/Dual_Kuka_LLM_Bachelor/p5_ws/install/pilz_industrial_motion_planner/lib/libpilz_industrial_motion_planner.so
[472.646s] -- Set runtime path of "/home/xdkazer/Dual_Kuka_LLM_Bachelor/p5_ws/install/pilz_industrial_motion_planner/lib/libpilz_industrial_motion_planner.so" to ""
[472.646s] -- Installing: /home/xdkazer/Dual_Kuka_LLM_Bachelor/p5_ws/install/pilz_industrial_motion_planner/lib/libjoint_limits_common.so
[472.646s] -- Set runtime path of "/home/xdkazer/Dual_Kuka_LLM_Bachelor/p5_ws/install/pilz_industrial_motion_planner/lib/libjoint_limits_common.so" to ""
[472.646s] -- Installing: /home/xdkazer/Dual_Kuka_LLM_Bachelor/p5_ws/install/pilz_industrial_motion_planner/lib/libplanning_context_loader_base.so
[472.646s] -- Set runtime path of "/home/xdkazer/Dual_Kuka_LLM_Bachelor/p5_ws/install/pilz_industrial_motion_planner/lib/libplanning_context_loader_base.so" to ""
[472.646s] -- Installing: /home/xdkazer/Dual_Kuka_LLM_Bachelor/p5_ws/install/pilz_industrial_motion_planner/lib/libplanning_context_loader_ptp.so
[472.647s] -- Set runtime path of "/home/xdkazer/Dual_Kuka_LLM_Bachelor/p5_ws/install/pilz_industrial_motion_planner/lib/libplanning_context_loader_ptp.so" to ""
[472.647s] -- Installing: /home/xdkazer/Dual_Kuka_LLM_Bachelor/p5_ws/install/pilz_industrial_motion_planner/lib/libplanning_context_loader_lin.so
[472.647s] -- Set runtime path of "/home/xdkazer/Dual_Kuka_LLM_Bachelor/p5_ws/install/pilz_industrial_motion_planner/lib/libplanning_context_loader_lin.so" to ""
[472.647s] -- Installing: /home/xdkazer/Dual_Kuka_LLM_Bachelor/p5_ws/install/pilz_industrial_motion_planner/lib/libplanning_context_loader_circ.so
[472.647s] -- Set runtime path of "/home/xdkazer/Dual_Kuka_LLM_Bachelor/p5_ws/install/pilz_industrial_motion_planner/lib/libplanning_context_loader_circ.so" to ""
[472.647s] -- Installing: /home/xdkazer/Dual_Kuka_LLM_Bachelor/p5_ws/install/pilz_industrial_motion_planner/lib/libcommand_list_manager.so
[472.647s] -- Set runtime path of "/home/xdkazer/Dual_Kuka_LLM_Bachelor/p5_ws/install/pilz_industrial_motion_planner/lib/libcommand_list_manager.so" to ""
[472.647s] -- Installing: /home/xdkazer/Dual_Kuka_LLM_Bachelor/p5_ws/install/pilz_industrial_motion_planner/lib/libsequence_capability.so
[472.647s] -- Set runtime path of "/home/xdkazer/Dual_Kuka_LLM_Bachelor/p5_ws/install/pilz_industrial_motion_planner/lib/libsequence_capability.so" to ""
[472.647s] -- Installing: /home/xdkazer/Dual_Kuka_LLM_Bachelor/p5_ws/install/pilz_industrial_motion_planner/lib/libtrajectory_generation_common.so
[472.647s] -- Set runtime path of "/home/xdkazer/Dual_Kuka_LLM_Bachelor/p5_ws/install/pilz_industrial_motion_planner/lib/libtrajectory_generation_common.so" to ""
[472.647s] -- Installing: /home/xdkazer/Dual_Kuka_LLM_Bachelor/p5_ws/install/pilz_industrial_motion_planner/include
[472.647s] -- Installing: /home/xdkazer/Dual_Kuka_LLM_Bachelor/p5_ws/install/pilz_industrial_motion_planner/include/pilz_industrial_motion_planner
[472.648s] -- Installing: /home/xdkazer/Dual_Kuka_LLM_Bachelor/p5_ws/install/pilz_industrial_motion_planner/include/pilz_industrial_motion_planner/cartesian_limits_aggregator.h
[472.648s] -- Installing: /home/xdkazer/Dual_Kuka_LLM_Bachelor/p5_ws/install/pilz_industrial_motion_planner/include/pilz_industrial_motion_planner/planning_context_ptp.h
[472.648s] -- Installing: /home/xdkazer/Dual_Kuka_LLM_Bachelor/p5_ws/install/pilz_industrial_motion_planner/include/pilz_industrial_motion_planner/planning_context_loader_lin.h
[472.648s] -- Installing: /home/xdkazer/Dual_Kuka_LLM_Bachelor/p5_ws/install/pilz_industrial_motion_planner/include/pilz_industrial_motion_planner/trajectory_blender_transition_window.h
[472.648s] -- Installing: /home/xdkazer/Dual_Kuka_LLM_Bachelor/p5_ws/install/pilz_industrial_motion_planner/include/pilz_industrial_motion_planner/joint_limits_validator.h
[472.648s] -- Installing: /home/xdkazer/Dual_Kuka_LLM_Bachelor/p5_ws/install/pilz_industrial_motion_planner/include/pilz_industrial_motion_planner/velocity_profile_atrap.h
[472.648s] -- Installing: /home/xdkazer/Dual_Kuka_LLM_Bachelor/p5_ws/install/pilz_industrial_motion_planner/include/pilz_industrial_motion_planner/capability_names.h
[472.648s] -- Installing: /home/xdkazer/Dual_Kuka_LLM_Bachelor/p5_ws/install/pilz_industrial_motion_planner/include/pilz_industrial_motion_planner/planning_context_loader.h
[472.648s] -- Installing: /home/xdkazer/Dual_Kuka_LLM_Bachelor/p5_ws/install/pilz_industrial_motion_planner/include/pilz_industrial_motion_planner/trajectory_generator_ptp.h
[472.648s] -- Installing: /home/xdkazer/Dual_Kuka_LLM_Bachelor/p5_ws/install/pilz_industrial_motion_planner/include/pilz_industrial_motion_planner/joint_limits_extension.h
[472.648s] -- Installing: /home/xdkazer/Dual_Kuka_LLM_Bachelor/p5_ws/install/pilz_industrial_motion_planner/include/pilz_industrial_motion_planner/trajectory_generator_circ.h
[472.648s] -- Installing: /home/xdkazer/Dual_Kuka_LLM_Bachelor/p5_ws/install/pilz_industrial_motion_planner/include/pilz_industrial_motion_planner/planning_context_lin.h
[472.648s] -- Installing: /home/xdkazer/Dual_Kuka_LLM_Bachelor/p5_ws/install/pilz_industrial_motion_planner/include/pilz_industrial_motion_planner/joint_limits_interface_extension.h
[472.648s] -- Installing: /home/xdkazer/Dual_Kuka_LLM_Bachelor/p5_ws/install/pilz_industrial_motion_planner/include/pilz_industrial_motion_planner/joint_limits_container.h
[472.649s] -- Installing: /home/xdkazer/Dual_Kuka_LLM_Bachelor/p5_ws/install/pilz_industrial_motion_planner/include/pilz_industrial_motion_planner/planning_context_loader_circ.h
[472.649s] -- Installing: /home/xdkazer/Dual_Kuka_LLM_Bachelor/p5_ws/install/pilz_industrial_motion_planner/include/pilz_industrial_motion_planner/plan_components_builder.h
[472.649s] -- Installing: /home/xdkazer/Dual_Kuka_LLM_Bachelor/p5_ws/install/pilz_industrial_motion_planner/include/pilz_industrial_motion_planner/trajectory_generation_exceptions.h
[472.649s] -- Installing: /home/xdkazer/Dual_Kuka_LLM_Bachelor/p5_ws/install/pilz_industrial_motion_planner/include/pilz_industrial_motion_planner/trajectory_functions.h
[472.649s] -- Installing: /home/xdkazer/Dual_Kuka_LLM_Bachelor/p5_ws/install/pilz_industrial_motion_planner/include/pilz_industrial_motion_planner/cartesian_trajectory_point.h
[472.649s] -- Installing: /home/xdkazer/Dual_Kuka_LLM_Bachelor/p5_ws/install/pilz_industrial_motion_planner/include/pilz_industrial_motion_planner/trajectory_blender.h
[472.649s] -- Installing: /home/xdkazer/Dual_Kuka_LLM_Bachelor/p5_ws/install/pilz_industrial_motion_planner/include/pilz_industrial_motion_planner/planning_context_base.h
[472.649s] -- Installing: /home/xdkazer/Dual_Kuka_LLM_Bachelor/p5_ws/install/pilz_industrial_motion_planner/include/pilz_industrial_motion_planner/command_list_manager.h
[472.649s] -- Installing: /home/xdkazer/Dual_Kuka_LLM_Bachelor/p5_ws/install/pilz_industrial_motion_planner/include/pilz_industrial_motion_planner/pilz_industrial_motion_planner.h
[472.649s] -- Installing: /home/xdkazer/Dual_Kuka_LLM_Bachelor/p5_ws/install/pilz_industrial_motion_planner/include/pilz_industrial_motion_planner/move_group_sequence_action.h
[472.649s] -- Installing: /home/xdkazer/Dual_Kuka_LLM_Bachelor/p5_ws/install/pilz_industrial_motion_planner/include/pilz_industrial_motion_planner/limits_container.h
[472.649s] -- Installing: /home/xdkazer/Dual_Kuka_LLM_Bachelor/p5_ws/install/pilz_industrial_motion_planner/include/pilz_industrial_motion_planner/trajectory_blend_request.h
[472.649s] -- Installing: /home/xdkazer/Dual_Kuka_LLM_Bachelor/p5_ws/install/pilz_industrial_motion_planner/include/pilz_industrial_motion_planner/path_circle_generator.h
[472.649s] -- Installing: /home/xdkazer/Dual_Kuka_LLM_Bachelor/p5_ws/install/pilz_industrial_motion_planner/include/pilz_industrial_motion_planner/trajectory_generator.h
[472.649s] -- Installing: /home/xdkazer/Dual_Kuka_LLM_Bachelor/p5_ws/install/pilz_industrial_motion_planner/include/pilz_industrial_motion_planner/trajectory_blend_response.h
[472.649s] -- Installing: /home/xdkazer/Dual_Kuka_LLM_Bachelor/p5_ws/install/pilz_industrial_motion_planner/include/pilz_industrial_motion_planner/trajectory_generator_lin.h
[472.650s] -- Installing: /home/xdkazer/Dual_Kuka_LLM_Bachelor/p5_ws/install/pilz_industrial_motion_planner/include/pilz_industrial_motion_planner/joint_limits_aggregator.h
[472.650s] -- Installing: /home/xdkazer/Dual_Kuka_LLM_Bachelor/p5_ws/install/pilz_industrial_motion_planner/include/pilz_industrial_motion_planner/cartesian_limit.h
[472.650s] -- Installing: /home/xdkazer/Dual_Kuka_LLM_Bachelor/p5_ws/install/pilz_industrial_motion_planner/include/pilz_industrial_motion_planner/planning_context_loader_ptp.h
[472.650s] -- Installing: /home/xdkazer/Dual_Kuka_LLM_Bachelor/p5_ws/install/pilz_industrial_motion_planner/include/pilz_industrial_motion_planner/move_group_sequence_service.h
[472.650s] -- Installing: /home/xdkazer/Dual_Kuka_LLM_Bachelor/p5_ws/install/pilz_industrial_motion_planner/include/pilz_industrial_motion_planner/cartesian_trajectory.h
[472.650s] -- Installing: /home/xdkazer/Dual_Kuka_LLM_Bachelor/p5_ws/install/pilz_industrial_motion_planner/include/pilz_industrial_motion_planner/planning_exceptions.h
[472.650s] -- Installing: /home/xdkazer/Dual_Kuka_LLM_Bachelor/p5_ws/install/pilz_industrial_motion_planner/include/pilz_industrial_motion_planner/tip_frame_getter.h
[472.650s] -- Installing: /home/xdkazer/Dual_Kuka_LLM_Bachelor/p5_ws/install/pilz_industrial_motion_planner/include/pilz_industrial_motion_planner/planning_context_circ.h
[472.650s] -- Installing: /home/xdkazer/Dual_Kuka_LLM_Bachelor/p5_ws/install/pilz_industrial_motion_planner/include/joint_limits_copy
[472.650s] -- Installing: /home/xdkazer/Dual_Kuka_LLM_Bachelor/p5_ws/install/pilz_industrial_motion_planner/include/joint_limits_copy/joint_limits.hpp
[472.650s] -- Installing: /home/xdkazer/Dual_Kuka_LLM_Bachelor/p5_ws/install/pilz_industrial_motion_planner/include/joint_limits_copy/joint_limits_rosparam.hpp
[472.650s] -- Installing: /home/xdkazer/Dual_Kuka_LLM_Bachelor/p5_ws/install/pilz_industrial_motion_planner/share/pilz_industrial_motion_planner/environment/library_path.sh
[472.650s] -- Installing: /home/xdkazer/Dual_Kuka_LLM_Bachelor/p5_ws/install/pilz_industrial_motion_planner/share/pilz_industrial_motion_planner/environment/library_path.dsv
[472.651s] -- Installing: /home/xdkazer/Dual_Kuka_LLM_Bachelor/p5_ws/install/pilz_industrial_motion_planner/lib/pilz_industrial_motion_planner/unittest_pilz_industrial_motion_planner_direct
[472.653s] -- Set runtime path of "/home/xdkazer/Dual_Kuka_LLM_Bachelor/p5_ws/install/pilz_industrial_motion_planner/lib/pilz_industrial_motion_planner/unittest_pilz_industrial_motion_planner_direct" to ""
[472.653s] -- Installing: /home/xdkazer/Dual_Kuka_LLM_Bachelor/p5_ws/install/pilz_industrial_motion_planner/lib/pilz_industrial_motion_planner/unittest_velocity_profile_atrap
[472.654s] -- Set runtime path of "/home/xdkazer/Dual_Kuka_LLM_Bachelor/p5_ws/install/pilz_industrial_motion_planner/lib/pilz_industrial_motion_planner/unittest_velocity_profile_atrap" to ""
[472.654s] -- Installing: /home/xdkazer/Dual_Kuka_LLM_Bachelor/p5_ws/install/pilz_industrial_motion_planner/lib/pilz_industrial_motion_planner/unittest_trajectory_generator
[472.655s] -- Set runtime path of "/home/xdkazer/Dual_Kuka_LLM_Bachelor/p5_ws/install/pilz_industrial_motion_planner/lib/pilz_industrial_motion_planner/unittest_trajectory_generator" to ""
[472.655s] -- Installing: /home/xdkazer/Dual_Kuka_LLM_Bachelor/p5_ws/install/pilz_industrial_motion_planner/lib/pilz_industrial_motion_planner/unittest_trajectory_functions
[472.656s] -- Set runtime path of "/home/xdkazer/Dual_Kuka_LLM_Bachelor/p5_ws/install/pilz_industrial_motion_planner/lib/pilz_industrial_motion_planner/unittest_trajectory_functions" to ""
[472.656s] -- Installing: /home/xdkazer/Dual_Kuka_LLM_Bachelor/p5_ws/install/pilz_industrial_motion_planner/lib/pilz_industrial_motion_planner/unittest_trajectory_blender_transition_window
[472.658s] -- Set runtime path of "/home/xdkazer/Dual_Kuka_LLM_Bachelor/p5_ws/install/pilz_industrial_motion_planner/lib/pilz_industrial_motion_planner/unittest_trajectory_blender_transition_window" to ""
[472.658s] -- Installing: /home/xdkazer/Dual_Kuka_LLM_Bachelor/p5_ws/install/pilz_industrial_motion_planner/lib/pilz_industrial_motion_planner/unittest_trajectory_generator_common
[472.659s] -- Set runtime path of "/home/xdkazer/Dual_Kuka_LLM_Bachelor/p5_ws/install/pilz_industrial_motion_planner/lib/pilz_industrial_motion_planner/unittest_trajectory_generator_common" to ""
[472.659s] -- Installing: /home/xdkazer/Dual_Kuka_LLM_Bachelor/p5_ws/install/pilz_industrial_motion_planner/lib/pilz_industrial_motion_planner/unittest_trajectory_generator_circ
[472.661s] -- Set runtime path of "/home/xdkazer/Dual_Kuka_LLM_Bachelor/p5_ws/install/pilz_industrial_motion_planner/lib/pilz_industrial_motion_planner/unittest_trajectory_generator_circ" to ""
[472.661s] -- Installing: /home/xdkazer/Dual_Kuka_LLM_Bachelor/p5_ws/install/pilz_industrial_motion_planner/lib/pilz_industrial_motion_planner/unittest_trajectory_generator_lin
[472.666s] -- Set runtime path of "/home/xdkazer/Dual_Kuka_LLM_Bachelor/p5_ws/install/pilz_industrial_motion_planner/lib/pilz_industrial_motion_planner/unittest_trajectory_generator_lin" to ""
[472.666s] -- Installing: /home/xdkazer/Dual_Kuka_LLM_Bachelor/p5_ws/install/pilz_industrial_motion_planner/lib/pilz_industrial_motion_planner/unittest_trajectory_generator_ptp
[472.667s] -- Set runtime path of "/home/xdkazer/Dual_Kuka_LLM_Bachelor/p5_ws/install/pilz_industrial_motion_planner/lib/pilz_industrial_motion_planner/unittest_trajectory_generator_ptp" to ""
[472.667s] -- Installing: /home/xdkazer/Dual_Kuka_LLM_Bachelor/p5_ws/install/pilz_industrial_motion_planner/lib/pilz_industrial_motion_planner/unittest_pilz_industrial_motion_planner
[472.668s] -- Set runtime path of "/home/xdkazer/Dual_Kuka_LLM_Bachelor/p5_ws/install/pilz_industrial_motion_planner/lib/pilz_industrial_motion_planner/unittest_pilz_industrial_motion_planner" to ""
[472.668s] -- Installing: /home/xdkazer/Dual_Kuka_LLM_Bachelor/p5_ws/install/pilz_industrial_motion_planner/lib/pilz_industrial_motion_planner/unittest_joint_limit
[472.669s] -- Set runtime path of "/home/xdkazer/Dual_Kuka_LLM_Bachelor/p5_ws/install/pilz_industrial_motion_planner/lib/pilz_industrial_motion_planner/unittest_joint_limit" to ""
[472.669s] -- Installing: /home/xdkazer/Dual_Kuka_LLM_Bachelor/p5_ws/install/pilz_industrial_motion_planner/lib/pilz_industrial_motion_planner/unittest_joint_limits_aggregator
[472.671s] -- Set runtime path of "/home/xdkazer/Dual_Kuka_LLM_Bachelor/p5_ws/install/pilz_industrial_motion_planner/lib/pilz_industrial_motion_planner/unittest_joint_limits_aggregator" to ""
[472.671s] -- Installing: /home/xdkazer/Dual_Kuka_LLM_Bachelor/p5_ws/install/pilz_industrial_motion_planner/lib/pilz_industrial_motion_planner/unittest_joint_limits_container
[472.679s] -- Set runtime path of "/home/xdkazer/Dual_Kuka_LLM_Bachelor/p5_ws/install/pilz_industrial_motion_planner/lib/pilz_industrial_motion_planner/unittest_joint_limits_container" to ""
[472.679s] -- Installing: /home/xdkazer/Dual_Kuka_LLM_Bachelor/p5_ws/install/pilz_industrial_motion_planner/lib/pilz_industrial_motion_planner/unittest_joint_limits_validator
[472.681s] -- Set runtime path of "/home/xdkazer/Dual_Kuka_LLM_Bachelor/p5_ws/install/pilz_industrial_motion_planner/lib/pilz_industrial_motion_planner/unittest_joint_limits_validator" to ""
[472.681s] -- Installing: /home/xdkazer/Dual_Kuka_LLM_Bachelor/p5_ws/install/pilz_industrial_motion_planner/lib/pilz_industrial_motion_planner/unittest_cartesian_limits_aggregator
[472.682s] -- Set runtime path of "/home/xdkazer/Dual_Kuka_LLM_Bachelor/p5_ws/install/pilz_industrial_motion_planner/lib/pilz_industrial_motion_planner/unittest_cartesian_limits_aggregator" to ""
[472.682s] -- Installing: /home/xdkazer/Dual_Kuka_LLM_Bachelor/p5_ws/install/pilz_industrial_motion_planner/lib/pilz_industrial_motion_planner/unittest_planning_context_loaders
[472.684s] -- Set runtime path of "/home/xdkazer/Dual_Kuka_LLM_Bachelor/p5_ws/install/pilz_industrial_motion_planner/lib/pilz_industrial_motion_planner/unittest_planning_context_loaders" to ""
[472.684s] -- Installing: /home/xdkazer/Dual_Kuka_LLM_Bachelor/p5_ws/install/pilz_industrial_motion_planner/lib/pilz_industrial_motion_planner/unittest_planning_context
[472.686s] -- Set runtime path of "/home/xdkazer/Dual_Kuka_LLM_Bachelor/p5_ws/install/pilz_industrial_motion_planner/lib/pilz_industrial_motion_planner/unittest_planning_context" to ""
[472.686s] -- Installing: /home/xdkazer/Dual_Kuka_LLM_Bachelor/p5_ws/install/pilz_industrial_motion_planner/lib/pilz_industrial_motion_planner/unittest_get_solver_tip_frame
[472.687s] -- Set runtime path of "/home/xdkazer/Dual_Kuka_LLM_Bachelor/p5_ws/install/pilz_industrial_motion_planner/lib/pilz_industrial_motion_planner/unittest_get_solver_tip_frame" to ""
[472.687s] -- Installing: /home/xdkazer/Dual_Kuka_LLM_Bachelor/p5_ws/install/pilz_industrial_motion_planner/share/pilz_industrial_motion_planner/config
[472.687s] -- Installing: /home/xdkazer/Dual_Kuka_LLM_Bachelor/p5_ws/install/pilz_industrial_motion_planner/share/pilz_industrial_motion_planner/config/unittest_trajectory_generator_ptp.yaml
[472.688s] -- Installing: /home/xdkazer/Dual_Kuka_LLM_Bachelor/p5_ws/install/pilz_industrial_motion_planner/share/pilz_industrial_motion_planner/config/unittest_joint_limit_config.yaml
[472.689s] -- Installing: /home/xdkazer/Dual_Kuka_LLM_Bachelor/p5_ws/install/pilz_industrial_motion_planner/share/pilz_industrial_motion_planner/config/unittest_trajectory_functions.yaml
[472.690s] -- Installing: /home/xdkazer/Dual_Kuka_LLM_Bachelor/p5_ws/install/pilz_industrial_motion_planner/share/pilz_industrial_motion_planner/config/unittest_trajectory_generator_lin.yaml
[472.691s] -- Installing: /home/xdkazer/Dual_Kuka_LLM_Bachelor/p5_ws/install/pilz_industrial_motion_planner/share/pilz_industrial_motion_planner/config/unittest_trajectory_generator_common.yaml
[472.692s] -- Installing: /home/xdkazer/Dual_Kuka_LLM_Bachelor/p5_ws/install/pilz_industrial_motion_planner/share/pilz_industrial_motion_planner/config/unittest_cartesian_limits_aggregator.yaml
[472.694s] -- Installing: /home/xdkazer/Dual_Kuka_LLM_Bachelor/p5_ws/install/pilz_industrial_motion_planner/share/pilz_industrial_motion_planner/config/unittest_joint_limits_aggregator.yaml
[472.695s] -- Installing: /home/xdkazer/Dual_Kuka_LLM_Bachelor/p5_ws/install/pilz_industrial_motion_planner/share/pilz_industrial_motion_planner/config/unittest_trajectory_generator_circ.yaml
[472.696s] -- Installing: /home/xdkazer/Dual_Kuka_LLM_Bachelor/p5_ws/install/pilz_industrial_motion_planner/share/pilz_industrial_motion_planner/config/unittest_trajectory_blender_transition_window.yaml
[472.697s] -- Installing: /home/xdkazer/Dual_Kuka_LLM_Bachelor/p5_ws/install/pilz_industrial_motion_planner/share/pilz_industrial_motion_planner/launch
[472.697s] -- Installing: /home/xdkazer/Dual_Kuka_LLM_Bachelor/p5_ws/install/pilz_industrial_motion_planner/share/pilz_industrial_motion_planner/launch/unittest_joint_limits_aggregator.test.py
[472.698s] -- Installing: /home/xdkazer/Dual_Kuka_LLM_Bachelor/p5_ws/install/pilz_industrial_motion_planner/share/pilz_industrial_motion_planner/launch/unittest_trajectory_blender_transition_window.test.py
[472.699s] -- Installing: /home/xdkazer/Dual_Kuka_LLM_Bachelor/p5_ws/install/pilz_industrial_motion_planner/share/pilz_industrial_motion_planner/launch/unittest_trajectory_generator_common.test.py
[472.700s] -- Installing: /home/xdkazer/Dual_Kuka_LLM_Bachelor/p5_ws/install/pilz_industrial_motion_planner/share/pilz_industrial_motion_planner/launch/unittest_joint_limit.test.py
[472.700s] -- Installing: /home/xdkazer/Dual_Kuka_LLM_Bachelor/p5_ws/install/pilz_industrial_motion_planner/share/pilz_industrial_motion_planner/launch/unittest_planning_context.test.py
[472.701s] -- Installing: /home/xdkazer/Dual_Kuka_LLM_Bachelor/p5_ws/install/pilz_industrial_motion_planner/share/pilz_industrial_motion_planner/launch/unittest_trajectory_functions.test.py
[472.702s] -- Installing: /home/xdkazer/Dual_Kuka_LLM_Bachelor/p5_ws/install/pilz_industrial_motion_planner/share/pilz_industrial_motion_planner/launch/unittest_trajectory_generator_circ.test.py
[472.702s] -- Installing: /home/xdkazer/Dual_Kuka_LLM_Bachelor/p5_ws/install/pilz_industrial_motion_planner/share/pilz_industrial_motion_planner/launch/unittest_trajectory_generator_lin.test.py
[472.703s] -- Installing: /home/xdkazer/Dual_Kuka_LLM_Bachelor/p5_ws/install/pilz_industrial_motion_planner/share/pilz_industrial_motion_planner/launch/unittest_trajectory_generator_ptp.test.py
[472.704s] -- Installing: /home/xdkazer/Dual_Kuka_LLM_Bachelor/p5_ws/install/pilz_industrial_motion_planner/share/pilz_industrial_motion_planner/launch/unittest_pilz_industrial_motion_planner.test.py
[472.704s] -- Installing: /home/xdkazer/Dual_Kuka_LLM_Bachelor/p5_ws/install/pilz_industrial_motion_planner/share/pilz_industrial_motion_planner/launch/unittest_planning_context_loaders.test.py
[472.705s] -- Installing: /home/xdkazer/Dual_Kuka_LLM_Bachelor/p5_ws/install/pilz_industrial_motion_planner/share/pilz_industrial_motion_planner/launch/unittest_cartesian_limits_aggregator.test.py
[472.706s] -- Installing: /home/xdkazer/Dual_Kuka_LLM_Bachelor/p5_ws/install/pilz_industrial_motion_planner/share/pilz_industrial_motion_planner/launch/common_parameters.py
[472.707s] -- Installing: /home/xdkazer/Dual_Kuka_LLM_Bachelor/p5_ws/install/pilz_industrial_motion_planner/share/pilz_industrial_motion_planner/test_data
[472.707s] -- Installing: /home/xdkazer/Dual_Kuka_LLM_Bachelor/p5_ws/install/pilz_industrial_motion_planner/share/pilz_industrial_motion_planner/test_data/testpoints.py
[472.708s] -- Installing: /home/xdkazer/Dual_Kuka_LLM_Bachelor/p5_ws/install/pilz_industrial_motion_planner/share/pilz_industrial_motion_planner/test_data/frankaemika_panda
[472.708s] -- Installing: /home/xdkazer/Dual_Kuka_LLM_Bachelor/p5_ws/install/pilz_industrial_motion_planner/share/pilz_industrial_motion_planner/test_data/frankaemika_panda/testdata_sequence.xml
[472.709s] -- Installing: /home/xdkazer/Dual_Kuka_LLM_Bachelor/p5_ws/install/pilz_industrial_motion_planner/share/pilz_industrial_motion_planner/test_data/concept_testdata.png
[472.712s] -- Installing: /home/xdkazer/Dual_Kuka_LLM_Bachelor/p5_ws/install/pilz_industrial_motion_planner/share/pilz_industrial_motion_planner/test_data/prbt
[472.712s] -- Installing: /home/xdkazer/Dual_Kuka_LLM_Bachelor/p5_ws/install/pilz_industrial_motion_planner/share/pilz_industrial_motion_planner/test_data/prbt/testdata_deprecated.xml
[472.714s] -- Installing: /home/xdkazer/Dual_Kuka_LLM_Bachelor/p5_ws/install/pilz_industrial_motion_planner/share/pilz_industrial_motion_planner/test_data/prbt/testdata_sequence.xml
[472.715s] -- Installing: /home/xdkazer/Dual_Kuka_LLM_Bachelor/p5_ws/install/pilz_industrial_motion_planner/share/pilz_industrial_motion_planner/test_data/prbt/testdata_with_gripper.xml
[472.716s] -- Installing: /home/xdkazer/Dual_Kuka_LLM_Bachelor/p5_ws/install/pilz_industrial_motion_planner/share/pilz_industrial_motion_planner/test_data/concept_testdata.odp
[472.717s] -- Installing: /home/xdkazer/Dual_Kuka_LLM_Bachelor/p5_ws/install/pilz_industrial_motion_planner/share/ament_index/resource_index/package_run_dependencies/pilz_industrial_motion_planner
[472.718s] -- Installing: /home/xdkazer/Dual_Kuka_LLM_Bachelor/p5_ws/install/pilz_industrial_motion_planner/share/ament_index/resource_index/parent_prefix_path/pilz_industrial_motion_planner
[472.719s] -- Installing: /home/xdkazer/Dual_Kuka_LLM_Bachelor/p5_ws/install/pilz_industrial_motion_planner/share/pilz_industrial_motion_planner/environment/ament_prefix_path.sh
[472.719s] -- Installing: /home/xdkazer/Dual_Kuka_LLM_Bachelor/p5_ws/install/pilz_industrial_motion_planner/share/pilz_industrial_motion_planner/environment/ament_prefix_path.dsv
[472.720s] -- Installing: /home/xdkazer/Dual_Kuka_LLM_Bachelor/p5_ws/install/pilz_industrial_motion_planner/share/pilz_industrial_motion_planner/environment/path.sh
[472.720s] -- Installing: /home/xdkazer/Dual_Kuka_LLM_Bachelor/p5_ws/install/pilz_industrial_motion_planner/share/pilz_industrial_motion_planner/environment/path.dsv
[472.721s] -- Installing: /home/xdkazer/Dual_Kuka_LLM_Bachelor/p5_ws/install/pilz_industrial_motion_planner/share/pilz_industrial_motion_planner/local_setup.bash
[472.722s] -- Installing: /home/xdkazer/Dual_Kuka_LLM_Bachelor/p5_ws/install/pilz_industrial_motion_planner/share/pilz_industrial_motion_planner/local_setup.sh
[472.723s] -- Installing: /home/xdkazer/Dual_Kuka_LLM_Bachelor/p5_ws/install/pilz_industrial_motion_planner/share/pilz_industrial_motion_planner/local_setup.zsh
[472.724s] -- Installing: /home/xdkazer/Dual_Kuka_LLM_Bachelor/p5_ws/install/pilz_industrial_motion_planner/share/pilz_industrial_motion_planner/local_setup.dsv
[472.725s] -- Installing: /home/xdkazer/Dual_Kuka_LLM_Bachelor/p5_ws/install/pilz_industrial_motion_planner/share/pilz_industrial_motion_planner/package.dsv
[472.726s] -- Installing: /home/xdkazer/Dual_Kuka_LLM_Bachelor/p5_ws/install/pilz_industrial_motion_planner/share/ament_index/resource_index/packages/pilz_industrial_motion_planner
[472.726s] -- Installing: /home/xdkazer/Dual_Kuka_LLM_Bachelor/p5_ws/install/pilz_industrial_motion_planner/share/ament_index/resource_index/moveit_core__pluginlib__plugin/pilz_industrial_motion_planner
[472.727s] -- Installing: /home/xdkazer/Dual_Kuka_LLM_Bachelor/p5_ws/install/pilz_industrial_motion_planner/share/ament_index/resource_index/moveit_ros_move_group__pluginlib__plugin/pilz_industrial_motion_planner
[472.728s] -- Installing: /home/xdkazer/Dual_Kuka_LLM_Bachelor/p5_ws/install/pilz_industrial_motion_planner/share/ament_index/resource_index/pilz_industrial_motion_planner__pluginlib__plugin/pilz_industrial_motion_planner
[472.729s] -- Installing: /home/xdkazer/Dual_Kuka_LLM_Bachelor/p5_ws/install/pilz_industrial_motion_planner/share/pilz_industrial_motion_planner/cmake/pilz_industrial_motion_plannerTargetsExport.cmake
[472.731s] -- Installing: /home/xdkazer/Dual_Kuka_LLM_Bachelor/p5_ws/install/pilz_industrial_motion_planner/share/pilz_industrial_motion_planner/cmake/pilz_industrial_motion_plannerTargetsExport-release.cmake
[472.731s] -- Installing: /home/xdkazer/Dual_Kuka_LLM_Bachelor/p5_ws/install/pilz_industrial_motion_planner/share/pilz_industrial_motion_planner/cmake/ament_cmake_export_include_directories-extras.cmake
[472.732s] -- Installing: /home/xdkazer/Dual_Kuka_LLM_Bachelor/p5_ws/install/pilz_industrial_motion_planner/share/pilz_industrial_motion_planner/cmake/ament_cmake_export_targets-extras.cmake
[472.733s] -- Installing: /home/xdkazer/Dual_Kuka_LLM_Bachelor/p5_ws/install/pilz_industrial_motion_planner/share/pilz_industrial_motion_planner/cmake/ament_cmake_export_dependencies-extras.cmake
[472.733s] -- Installing: /home/xdkazer/Dual_Kuka_LLM_Bachelor/p5_ws/install/pilz_industrial_motion_planner/share/pilz_industrial_motion_planner/cmake/pilz_industrial_motion_plannerConfig.cmake
[472.734s] -- Installing: /home/xdkazer/Dual_Kuka_LLM_Bachelor/p5_ws/install/pilz_industrial_motion_planner/share/pilz_industrial_motion_planner/cmake/pilz_industrial_motion_plannerConfig-version.cmake
[472.735s] -- Installing: /home/xdkazer/Dual_Kuka_LLM_Bachelor/p5_ws/install/pilz_industrial_motion_planner/share/pilz_industrial_motion_planner/package.xml
[472.743s] Invoked command in '/home/xdkazer/Dual_Kuka_LLM_Bachelor/p5_ws/build/pilz_industrial_motion_planner' returned '0': AMENT_PREFIX_PATH=/home/xdkazer/Dual_Kuka_LLM_Bachelor/p5_ws/install/moveit_resources_prbt_pg70_support:/home/xdkazer/Dual_Kuka_LLM_Bachelor/p5_ws/install/moveit_ros_planning_interface:/home/xdkazer/Dual_Kuka_LLM_Bachelor/p5_ws/install/moveit_resources_prbt_moveit_config:/home/xdkazer/Dual_Kuka_LLM_Bachelor/p5_ws/install/moveit_ros_move_group:/home/xdkazer/Dual_Kuka_LLM_Bachelor/p5_ws/install/moveit_ros_warehouse:/home/xdkazer/Dual_Kuka_LLM_Bachelor/p5_ws/install/moveit_planners_ompl:/home/xdkazer/Dual_Kuka_LLM_Bachelor/p5_ws/install/moveit_kinematics:/home/xdkazer/Dual_Kuka_LLM_Bachelor/p5_ws/install/moveit_ros_planning:/home/xdkazer/Dual_Kuka_LLM_Bachelor/p5_ws/install/pilz_industrial_motion_planner_testutils:/home/xdkazer/Dual_Kuka_LLM_Bachelor/p5_ws/install/moveit_simple_controller_manager:/home/xdkazer/Dual_Kuka_LLM_Bachelor/p5_ws/install/moveit_ros_occupancy_map_monitor:/home/xdkazer/Dual_Kuka_LLM_Bachelor/p5_ws/install/moveit_resources_prbt_ikfast_manipulator_plugin:/home/xdkazer/Dual_Kuka_LLM_Bachelor/p5_ws/install/moveit_core:/home/xdkazer/Dual_Kuka_LLM_Bachelor/p5_ws/install/generate_parameter_library:/home/xdkazer/Dual_Kuka_LLM_Bachelor/p5_ws/install/parameter_traits:/home/xdkazer/Dual_Kuka_LLM_Bachelor/p5_ws/install/moveit_resources_prbt_support:/home/xdkazer/Dual_Kuka_LLM_Bachelor/p5_ws/install/moveit_msgs:/home/xdkazer/Dual_Kuka_LLM_Bachelor/p5_ws/install/moveit_configs_utils:/home/xdkazer/Dual_Kuka_LLM_Bachelor/p5_ws/install/moveit_common:/home/xdkazer/Dual_Kuka_LLM_Bachelor/p5_ws/install/generate_parameter_library_py:${AMENT_PREFIX_PATH} CMAKE_PREFIX_PATH=/home/xdkazer/Dual_Kuka_LLM_Bachelor/p5_ws/install/moveit_resources_prbt_pg70_support:/home/xdkazer/Dual_Kuka_LLM_Bachelor/p5_ws/install/moveit_ros_planning_interface:/home/xdkazer/Dual_Kuka_LLM_Bachelor/p5_ws/install/moveit_resources_prbt_moveit_config:/home/xdkazer/Dual_Kuka_LLM_Bachelor/p5_ws/install/moveit_ros_move_group:/home/xdkazer/Dual_Kuka_LLM_Bachelor/p5_ws/install/moveit_ros_warehouse:/home/xdkazer/Dual_Kuka_LLM_Bachelor/p5_ws/install/moveit_planners_ompl:/home/xdkazer/Dual_Kuka_LLM_Bachelor/p5_ws/install/moveit_kinematics:/home/xdkazer/Dual_Kuka_LLM_Bachelor/p5_ws/install/moveit_ros_planning:/home/xdkazer/Dual_Kuka_LLM_Bachelor/p5_ws/install/pilz_industrial_motion_planner_testutils:/home/xdkazer/Dual_Kuka_LLM_Bachelor/p5_ws/install/moveit_simple_controller_manager:/home/xdkazer/Dual_Kuka_LLM_Bachelor/p5_ws/install/moveit_ros_occupancy_map_monitor:/home/xdkazer/Dual_Kuka_LLM_Bachelor/p5_ws/install/moveit_resources_prbt_ikfast_manipulator_plugin:/home/xdkazer/Dual_Kuka_LLM_Bachelor/p5_ws/install/moveit_core:/home/xdkazer/Dual_Kuka_LLM_Bachelor/p5_ws/install/generate_parameter_library:/home/xdkazer/Dual_Kuka_LLM_Bachelor/p5_ws/install/parameter_traits:/home/xdkazer/Dual_Kuka_LLM_Bachelor/p5_ws/install/moveit_resources_prbt_support:/home/xdkazer/Dual_Kuka_LLM_Bachelor/p5_ws/install/moveit_msgs:/home/xdkazer/Dual_Kuka_LLM_Bachelor/p5_ws/install/moveit_common:/home/xdkazer/P5-Kuka-Dual-Arm/p5_ws/install/set_moveit_coords:/home/xdkazer/P5-Kuka-Dual-Arm/p5_ws/install/robutler_bringup:/home/xdkazer/P5-Kuka-Dual-Arm/p5_ws/install/robotiq_3f_gripper_ros2_interfaces:/home/xdkazer/P5-Kuka-Dual-Arm/p5_ws/install/robotiq_2f_85_interfaces:/home/xdkazer/P5-Kuka-Dual-Arm/p5_ws/install/realsense2_description:/home/xdkazer/P5-Kuka-Dual-Arm/p5_ws/install/realsense2_camera:/home/xdkazer/P5-Kuka-Dual-Arm/p5_ws/install/realsense2_camera_msgs:/home/xdkazer/P5-Kuka-Dual-Arm/p5_ws/install/project_interfaces:/home/xdkazer/P5-Kuka-Dual-Arm/p5_ws/install/pilz_industrial_motion_planner_testutils:/home/xdkazer/P5-Kuka-Dual-Arm/p5_ws/install/moveit_runtime:/home/xdkazer/P5-Kuka-Dual-Arm/p5_ws/install/moveit:/home/xdkazer/P5-Kuka-Dual-Arm/p5_ws/install/iiwa7_table_moveit_config:/home/xdkazer/P5-Kuka-Dual-Arm/p5_ws/install/iiwa7_table_cali_moveit_config:/home/xdkazer/P5-Kuka-Dual-Arm/p5_ws/install/iiwa7_moveit_config:/home/xdkazer/P5-Kuka-Dual-Arm/p5_ws/install/dual_arm_moveit_config:/home/xdkazer/P5-Kuka-Dual-Arm/p5_ws/install/moveit_planners:/home/xdkazer/P5-Kuka-Dual-Arm/p5_ws/install/pilz_industrial_motion_planner:/home/xdkazer/P5-Kuka-Dual-Arm/p5_ws/install/moveit_ros_control_interface:/home/xdkazer/P5-Kuka-Dual-Arm/p5_ws/install/moveit_plugins:/home/xdkazer/P5-Kuka-Dual-Arm/p5_ws/install/moveit_simple_controller_manager:/home/xdkazer/P5-Kuka-Dual-Arm/p5_ws/install/moveit_servo:/home/xdkazer/P5-Kuka-Dual-Arm/p5_ws/install/moveit_ros:/home/xdkazer/P5-Kuka-Dual-Arm/p5_ws/install/moveit_ros_visualization:/home/xdkazer/P5-Kuka-Dual-Arm/p5_ws/install/moveit_hybrid_planning:/home/xdkazer/P5-Kuka-Dual-Arm/p5_ws/install/moveit_ros_planning_interface:/home/xdkazer/P5-Kuka-Dual-Arm/p5_ws/install/moveit_ros_benchmarks:/home/xdkazer/P5-Kuka-Dual-Arm/p5_ws/install/moveit_ros_warehouse:/home/xdkazer/P5-Kuka-Dual-Arm/p5_ws/install/moveit_ros_robot_interaction:/home/xdkazer/P5-Kuka-Dual-Arm/p5_ws/install/moveit_ros_perception:/home/xdkazer/P5-Kuka-Dual-Arm/p5_ws/install/moveit_resources_prbt_pg70_support:/home/xdkazer/P5-Kuka-Dual-Arm/p5_ws/install/moveit_resources_prbt_moveit_config:/home/xdkazer/P5-Kuka-Dual-Arm/p5_ws/install/moveit_ros_move_group:/home/xdkazer/P5-Kuka-Dual-Arm/p5_ws/install/moveit_planners_ompl:/home/xdkazer/P5-Kuka-Dual-Arm/p5_ws/install/moveit_ros_planning:/home/xdkazer/P5-Kuka-Dual-Arm/p5_ws/install/moveit_ros_occupancy_map_monitor:/home/xdkazer/P5-Kuka-Dual-Arm/p5_ws/install/moveit_resources_prbt_ikfast_manipulator_plugin:/home/xdkazer/P5-Kuka-Dual-Arm/p5_ws/install/moveit_planners_chomp:/home/xdkazer/P5-Kuka-Dual-Arm/p5_ws/install/moveit_kinematics:/home/xdkazer/P5-Kuka-Dual-Arm/p5_ws/install/moveit_chomp_optimizer_adapter:/home/xdkazer/P5-Kuka-Dual-Arm/p5_ws/install/chomp_motion_planner:/home/xdkazer/P5-Kuka-Dual-Arm/p5_ws/install/moveit_core:/home/xdkazer/P5-Kuka-Dual-Arm/p5_ws/install/generate_parameter_library:/home/xdkazer/P5-Kuka-Dual-Arm/p5_ws/install/parameter_traits:/home/xdkazer/P5-Kuka-Dual-Arm/p5_ws/install/moveit_resources_prbt_support:/home/xdkazer/P5-Kuka-Dual-Arm/p5_ws/install/moveit_msgs:/home/xdkazer/P5-Kuka-Dual-Arm/p5_ws/install/moveit_common:/home/xdkazer/P5-Kuka-Dual-Arm/p5_ws/install/lbr_fri_ros2_stack:/home/xdkazer/P5-Kuka-Dual-Arm/p5_ws/install/lbr_bringup:/home/xdkazer/P5-Kuka-Dual-Arm/p5_ws/install/lbr_ros2_control_right:/home/xdkazer/P5-Kuka-Dual-Arm/p5_ws/install/lbr_ros2_control_left:/home/xdkazer/P5-Kuka-Dual-Arm/p5_ws/install/lbr_ros2_control:/home/xdkazer/P5-Kuka-Dual-Arm/p5_ws/install/lbr_fri_ros2:/home/xdkazer/P5-Kuka-Dual-Arm/p5_ws/install/lbr_fri_idl:/home/xdkazer/P5-Kuka-Dual-Arm/p5_ws/install/lbr_description:/home/xdkazer/P5-Kuka-Dual-Arm/p5_ws/install/fri_client_sdk:/home/xdkazer/P5-Kuka-Dual-Arm/p5_ws/install/yolo_world:/home/xdkazer/P5-Kuka-Dual-Arm/p5_ws/install/robotiq_3f_gripper_ros2_control:/home/xdkazer/P5-Kuka-Dual-Arm/p5_ws/install/robotiq_2f_85_control:/home/xdkazer/P5-Kuka-Dual-Arm/p5_ws/install/object_detector:/home/xdkazer/P5-Kuka-Dual-Arm/p5_ws/install/janise:/home/xdkazer/P5-Kuka-Dual-Arm/p5_ws/install/gui_package:/home/xdkazer/P5-Kuka-Dual-Arm/p5_ws/install/moveit_configs_utils:/home/xdkazer/P5-Kuka-Dual-Arm/p5_ws/install/generate_parameter_library_py:/opt/ros/humble LD_LIBRARY_PATH=/home/xdkazer/Dual_Kuka_LLM_Bachelor/p5_ws/install/moveit_ros_planning_interface/lib:/home/xdkazer/Dual_Kuka_LLM_Bachelor/p5_ws/install/moveit_ros_move_group/lib:/home/xdkazer/Dual_Kuka_LLM_Bachelor/p5_ws/install/moveit_ros_warehouse/lib:/home/xdkazer/Dual_Kuka_LLM_Bachelor/p5_ws/install/moveit_planners_ompl/lib:/home/xdkazer/Dual_Kuka_LLM_Bachelor/p5_ws/install/moveit_kinematics/lib:/home/xdkazer/Dual_Kuka_LLM_Bachelor/p5_ws/install/moveit_ros_planning/lib:/home/xdkazer/Dual_Kuka_LLM_Bachelor/p5_ws/install/pilz_industrial_motion_planner_testutils/lib:/home/xdkazer/Dual_Kuka_LLM_Bachelor/p5_ws/install/moveit_simple_controller_manager/lib:/home/xdkazer/Dual_Kuka_LLM_Bachelor/p5_ws/install/moveit_ros_occupancy_map_monitor/lib:/home/xdkazer/Dual_Kuka_LLM_Bachelor/p5_ws/install/moveit_resources_prbt_ikfast_manipulator_plugin/lib:/home/xdkazer/Dual_Kuka_LLM_Bachelor/p5_ws/install/moveit_core/lib:/home/xdkazer/Dual_Kuka_LLM_Bachelor/p5_ws/install/parameter_traits/lib:/home/xdkazer/Dual_Kuka_LLM_Bachelor/p5_ws/install/moveit_msgs/lib:${LD_LIBRARY_PATH} PATH=/home/xdkazer/Dual_Kuka_LLM_Bachelor/p5_ws/install/moveit_core/bin:/home/xdkazer/Dual_Kuka_LLM_Bachelor/p5_ws/install/generate_parameter_library_py/bin:${PATH} PYTHONPATH=/home/xdkazer/Dual_Kuka_LLM_Bachelor/p5_ws/install/moveit_msgs/local/lib/python3.10/dist-packages:/home/xdkazer/Dual_Kuka_LLM_Bachelor/p5_ws/install/moveit_configs_utils/lib/python3.10/site-packages:/home/xdkazer/Dual_Kuka_LLM_Bachelor/p5_ws/install/generate_parameter_library_py/lib/python3.10/site-packages:${PYTHONPATH} /usr/bin/cmake --install /home/xdkazer/Dual_Kuka_LLM_Bachelor/p5_ws/build/pilz_industrial_motion_planner
